slug,url,category,title,part_numbers,indexable,reason
"audi-a3-audi-a3-automotive-lighting-2013-2016-sjc-37dacb","https://www.cowinmotors.com/product/audi-a3-audi-a3-automotive-lighting-2013-2016-sjc-37dacb","Automotive Lighting","Audi A3 Automotive Lighting 2013-2016 (SJC)","SJC","no","noindex: catalog record lacks a specific reference, side, material, size, color, or listed feature"
"audi-a3-audi-a3-automotive-lighting-2013-2020-sjc-46ebdc","https://www.cowinmotors.com/product/audi-a3-audi-a3-automotive-lighting-2013-2020-sjc-46ebdc","Automotive Lighting","Audi A3 Automotive Lighting 2013-2020 (SJC)","SJC","no","noindex: catalog record lacks a specific reference, side, material, size, color, or listed feature"
"audi-a3-audi-a3-automotive-lighting-2017-2020-sjc-0cdc82","https://www.cowinmotors.com/product/audi-a3-audi-a3-automotive-lighting-2017-2020-sjc-0cdc82","Automotive Lighting","Audi A3 Automotive Lighting 2017-2020 (SJC)","SJC","no","noindex: catalog record lacks a specific reference, side, material, size, color, or listed feature"
"audi-a3-audi-a3-led-drl-facelift-conversion-headlight-assembly-2013-2016-7a4cb2","https://www.cowinmotors.com/product/audi-a3-audi-a3-led-drl-facelift-conversion-headlight-assembly-2013-2016-7a4cb2","Automotive Lighting","Audi A3 LED, DRL, facelift conversion Headlight Assembly 2013-2016","","yes","indexable: product has a usable catalog image and distinguishing product data"
"audi-a3-audi-a3-led-sequential-turn-signal-drl-headlight-assembly-2013-2020-1d78f6","https://www.cowinmotors.com/product/audi-a3-audi-a3-led-sequential-turn-signal-drl-headlight-assembly-2013-2020-1d78f6","Automotive Lighting","Audi A3 LED, sequential turn signal, DRL Headlight Assembly 2013-2020","","yes","indexable: product has a usable catalog image and distinguishing product data"
"audi-a3-audi-a3-matrix-sequential-turn-signal-drl-headlight-assembly-2017-2020-81fb64","https://www.cowinmotors.com/product/audi-a3-audi-a3-matrix-sequential-turn-signal-drl-headlight-assembly-2017-2020-81fb64","Automotive Lighting","Audi A3 matrix, sequential turn signal, DRL Headlight Assembly 2017-2020","","yes","indexable: product has a usable catalog image and distinguishing product data"
"audi-a4-audi-a4-automotive-lighting-2009-2012-sjc-35f2bb","https://www.cowinmotors.com/product/audi-a4-audi-a4-automotive-lighting-2009-2012-sjc-35f2bb","Automotive Lighting","Audi A4 Automotive Lighting 2009-2012 (SJC)","SJC","no","noindex: catalog record lacks a specific reference, side, material, size, color, or listed feature"
"audi-a4-audi-a4-automotive-lighting-2013-2016-sjc-10c0c7","https://www.cowinmotors.com/product/audi-a4-audi-a4-automotive-lighting-2013-2016-sjc-10c0c7","Automotive Lighting","Audi A4 Automotive Lighting 2013-2016 (SJC)","SJC","no","noindex: catalog record lacks a specific reference, side, material, size, color, or listed feature"
"audi-a4-audi-a4-drl-rs-style-headlight-assembly-2008-2012-52e5a7","https://www.cowinmotors.com/product/audi-a4-audi-a4-drl-rs-style-headlight-assembly-2008-2012-52e5a7","Automotive Lighting","Audi A4 DRL, RS style Headlight Assembly 2008-2012","","yes","indexable: product has a usable catalog image and distinguishing product data"
"audi-a4-audi-a4-led-drl-headlight-assembly-2017-2019-b83111","https://www.cowinmotors.com/product/audi-a4-audi-a4-led-drl-headlight-assembly-2017-2019-b83111","Automotive Lighting","Audi A4 LED, DRL Headlight Assembly 2017-2019","","yes","indexable: product has a usable catalog image and distinguishing product data"
"audi-a4-audi-a4-led-sequential-turn-signal-drl-headlight-assembly-2020-2024-df1509","https://www.cowinmotors.com/product/audi-a4-audi-a4-led-sequential-turn-signal-drl-headlight-assembly-2020-2024-df1509","Automotive Lighting","Audi A4 LED, sequential turn signal, DRL Headlight Assembly 2020-2024","","yes","indexable: product has a usable catalog image and distinguishing product data"
"audi-a4l-audi-a4l-led-matrix-drl-headlight-assembly-2017-2019-e7a556","https://www.cowinmotors.com/product/audi-a4l-audi-a4l-led-matrix-drl-headlight-assembly-2017-2019-e7a556","Automotive Lighting","Audi A4L LED, matrix, DRL Headlight Assembly 2017-2019","","yes","indexable: product has a usable catalog image and distinguishing product data"
"audi-a5-audi-a5-automotive-lighting-2008-2012-sjc-0575c1","https://www.cowinmotors.com/product/audi-a5-audi-a5-automotive-lighting-2008-2012-sjc-0575c1","Automotive Lighting","Audi A5 Automotive Lighting 2008-2012 (SJC)","SJC","no","noindex: catalog record lacks a specific reference, side, material, size, color, or listed feature"
"audi-a5-audi-a5-automotive-lighting-2012-2016-sjc-0635ac","https://www.cowinmotors.com/product/audi-a5-audi-a5-automotive-lighting-2012-2016-sjc-0635ac","Automotive Lighting","Audi A5 Automotive Lighting 2012-2016 (SJC)","SJC","no","noindex: catalog record lacks a specific reference, side, material, size, color, or listed feature"
"audi-a5-audi-a5-automotive-lighting-2013-2016-sjc-51566b","https://www.cowinmotors.com/product/audi-a5-audi-a5-automotive-lighting-2013-2016-sjc-51566b","Automotive Lighting","Audi A5 Automotive Lighting 2013-2016 (SJC)","SJC","no","noindex: catalog record lacks a specific reference, side, material, size, color, or listed feature"
"audi-a5-audi-a5-automotive-lighting-2017-2020-sjc-db5eec","https://www.cowinmotors.com/product/audi-a5-audi-a5-automotive-lighting-2017-2020-sjc-db5eec","Automotive Lighting","Audi A5 Automotive Lighting 2017-2020 (SJC)","SJC","no","noindex: catalog record lacks a specific reference, side, material, size, color, or listed feature"
"audi-a5-audi-a5-automotive-lighting-2017-2023-sjc-a7007e","https://www.cowinmotors.com/product/audi-a5-audi-a5-automotive-lighting-2017-2023-sjc-a7007e","Automotive Lighting","Audi A5 Automotive Lighting 2017-2023 (SJC)","SJC","no","noindex: catalog record lacks a specific reference, side, material, size, color, or listed feature"
"audi-a5-audi-a5-led-laser-drl-headlight-assembly-2017-2024-6c3676","https://www.cowinmotors.com/product/audi-a5-audi-a5-led-laser-drl-headlight-assembly-2017-2024-6c3676","Automotive Lighting","Audi A5 LED, laser, DRL Headlight Assembly 2017-2024","","yes","indexable: product has a usable catalog image and distinguishing product data"
"audi-a5-audi-a5-led-sequential-turn-signal-headlight-assembly-2012-2016-d64434","https://www.cowinmotors.com/product/audi-a5-audi-a5-led-sequential-turn-signal-headlight-assembly-2012-2016-d64434","Automotive Lighting","Audi A5 LED, sequential turn signal Headlight Assembly 2012-2016","","yes","indexable: product has a usable catalog image and distinguishing product data"
"audi-a6-audi-a6-automotive-lighting-2012-2015-sjc-fe7fbe","https://www.cowinmotors.com/product/audi-a6-audi-a6-automotive-lighting-2012-2015-sjc-fe7fbe","Automotive Lighting","Audi A6 Automotive Lighting 2012-2015 (SJC)","SJC","no","noindex: catalog record lacks a specific reference, side, material, size, color, or listed feature"
"audi-a6-audi-a6-automotive-lighting-2012-2015-2016-2018-sjc-671adf","https://www.cowinmotors.com/product/audi-a6-audi-a6-automotive-lighting-2012-2015-2016-2018-sjc-671adf","Automotive Lighting","Audi A6 Automotive Lighting 2012-2015 / / 2016-2018 (SJC)","SJC","no","noindex: catalog record lacks a specific reference, side, material, size, color, or listed feature"
"audi-a6-audi-a6-led-drl-headlight-assembly-2012-2018-ff7117","https://www.cowinmotors.com/product/audi-a6-audi-a6-led-drl-headlight-assembly-2012-2018-ff7117","Automotive Lighting","Audi A6 LED, DRL Headlight Assembly 2012-2018","","yes","indexable: product has a usable catalog image and distinguishing product data"
"audi-a6-audi-a6-led-matrix-sequential-turn-signal-headlight-assembly-2019-2024-1cff26","https://www.cowinmotors.com/product/audi-a6-audi-a6-led-matrix-sequential-turn-signal-headlight-assembly-2019-2024-1cff26","Automotive Lighting","Audi A6 LED, matrix, sequential turn signal Headlight Assembly 2019-2024","","yes","indexable: product has a usable catalog image and distinguishing product data"
"audi-a6l-audi-a6l-led-drl-projector-lens-headlight-assembly-2012-2018-e87309","https://www.cowinmotors.com/product/audi-a6l-audi-a6l-led-drl-projector-lens-headlight-assembly-2012-2018-e87309","Automotive Lighting","Audi A6L LED, DRL, projector lens Headlight Assembly 2012-2018","","yes","indexable: product has a usable catalog image and distinguishing product data"
"audi-a6l-audi-a6l-led-sequential-turn-signal-drl-headlight-assembly-2005-2011-e6eadc","https://www.cowinmotors.com/product/audi-a6l-audi-a6l-led-sequential-turn-signal-drl-headlight-assembly-2005-2011-e6eadc","Automotive Lighting","Audi A6L LED, sequential turn signal, DRL Headlight Assembly 2005-2011","","yes","indexable: product has a usable catalog image and distinguishing product data"
"audi-a6l-12-15-a7-led-audi-a6l-12-15-a7-led-led-headlight-assembly-2012-2015-d57f2c","https://www.cowinmotors.com/product/audi-a6l-12-15-a7-led-audi-a6l-12-15-a7-led-led-headlight-assembly-2012-2015-d57f2c","Automotive Lighting","Audi A6L 12-15 a7 led LED Headlight Assembly 2012-2015","","yes","indexable: product has a usable catalog image and distinguishing product data"
"audi-a7-audi-a7-automotive-lighting-2011-2014-sjc-a2199d","https://www.cowinmotors.com/product/audi-a7-audi-a7-automotive-lighting-2011-2014-sjc-a2199d","Automotive Lighting","Audi A7 Automotive Lighting 2011-2014 / (SJC)","SJC","no","noindex: catalog record lacks a specific reference, side, material, size, color, or listed feature"
"audi-a7-audi-a7-automotive-lighting-2011-2014-2015-2018-sjc-24e1a5","https://www.cowinmotors.com/product/audi-a7-audi-a7-automotive-lighting-2011-2014-2015-2018-sjc-24e1a5","Automotive Lighting","Audi A7 Automotive Lighting 2011-2014 / / 2015-2018 (SJC)","SJC","no","noindex: catalog record lacks a specific reference, side, material, size, color, or listed feature"
"audi-a7-audi-a7-drl-rs-style-headlight-assembly-2011-2018-b0d851","https://www.cowinmotors.com/product/audi-a7-audi-a7-drl-rs-style-headlight-assembly-2011-2018-b0d851","Automotive Lighting","Audi A7 DRL, RS style Headlight Assembly 2011-2018","","yes","indexable: product has a usable catalog image and distinguishing product data"
"audi-q3-audi-q3-automotive-lighting-2013-2018-sjc-6adeec","https://www.cowinmotors.com/product/audi-q3-audi-q3-automotive-lighting-2013-2018-sjc-6adeec","Automotive Lighting","Audi Q3 Automotive Lighting 2013-2018 (SJC)","SJC","no","noindex: catalog record lacks a specific reference, side, material, size, color, or listed feature"
"audi-q3-led-13-18-audi-q3-led-13-18-led-sequential-turn-signal-drl-headlight-assembly-2013","https://www.cowinmotors.com/product/audi-q3-led-13-18-audi-q3-led-13-18-led-sequential-turn-signal-drl-headlight-assembly-2013","Automotive Lighting","Audi Q3 LED 13-18 LED, sequential turn signal, DRL Headlight Assembly 2013-2018","","yes","indexable: product has a usable catalog image and distinguishing product data"
"audi-q5-audi-q5-automotive-lighting-2008-2012-2013-2017-sjc-4294f4","https://www.cowinmotors.com/product/audi-q5-audi-q5-automotive-lighting-2008-2012-2013-2017-sjc-4294f4","Automotive Lighting","Audi Q5 Automotive Lighting 2008-2012 / 2013-2017 (SJC)","SJC","no","noindex: catalog record lacks a specific reference, side, material, size, color, or listed feature"
"audi-q5-audi-q5-led-drl-projector-lens-headlight-assembly-2008-2018-e95f0c","https://www.cowinmotors.com/product/audi-q5-audi-q5-led-drl-projector-lens-headlight-assembly-2008-2018-e95f0c","Automotive Lighting","Audi Q5 LED, DRL, projector lens Headlight Assembly 2008-2018","","yes","indexable: product has a usable catalog image and distinguishing product data"
"audi-q7-audi-q7-automotive-lighting-2006-2009-2010-2015-sjc-90594f","https://www.cowinmotors.com/product/audi-q7-audi-q7-automotive-lighting-2006-2009-2010-2015-sjc-90594f","Automotive Lighting","Audi Q7 Automotive Lighting 2006-2009 / / 2010-2015 (SJC)","SJC","no","noindex: catalog record lacks a specific reference, side, material, size, color, or listed feature"
"audi-q7-audi-q7-automotive-lighting-2006-2009-2010-2015-sjc-8e8bb3","https://www.cowinmotors.com/product/audi-q7-audi-q7-automotive-lighting-2006-2009-2010-2015-sjc-8e8bb3","Automotive Lighting","Audi Q7 Automotive Lighting 2006-2009 / 2010-2015 (SJC)","SJC","no","noindex: catalog record lacks a specific reference, side, material, size, color, or listed feature"
"audi-q7-audi-q7-automotive-lighting-2020-2023-sjc-05750d","https://www.cowinmotors.com/product/audi-q7-audi-q7-automotive-lighting-2020-2023-sjc-05750d","Automotive Lighting","Audi Q7 Automotive Lighting 2020-2023 (SJC)","SJC","no","noindex: catalog record lacks a specific reference, side, material, size, color, or listed feature"
"audi-q7-audi-q7-led-drl-projector-lens-headlight-assembly-2006-2009-e27229","https://www.cowinmotors.com/product/audi-q7-audi-q7-led-drl-projector-lens-headlight-assembly-2006-2009-e27229","Automotive Lighting","Audi Q7 LED, DRL, projector lens Headlight Assembly 2006-2009","","yes","indexable: product has a usable catalog image and distinguishing product data"
"audi-q7-audi-q7-led-laser-drl-headlight-assembly-2020-2025-b4c656","https://www.cowinmotors.com/product/audi-q7-audi-q7-led-laser-drl-headlight-assembly-2020-2025-b4c656","Automotive Lighting","Audi Q7 LED, laser, DRL Headlight Assembly 2020-2025","","yes","indexable: product has a usable catalog image and distinguishing product data"
"audi-q8-audi-q8-led-drl-headlight-assembly-2019-2023-4ef373","https://www.cowinmotors.com/product/audi-q8-audi-q8-led-drl-headlight-assembly-2019-2023-4ef373","Automotive Lighting","Audi Q8 LED, DRL Headlight Assembly 2019-2023","","yes","indexable: product has a usable catalog image and distinguishing product data"
"audi-tt-08-14-b8-rs-led-audi-tt-08-14-b8-rs-led-led-drl-projector-lens-headlight-assembly-","https://www.cowinmotors.com/product/audi-tt-08-14-b8-rs-led-audi-tt-08-14-b8-rs-led-led-drl-projector-lens-headlight-assembly-","Automotive Lighting","Audi TT 08-14 B8 RS LED LED, DRL, projector lens Headlight Assembly 2008-2014","","yes","indexable: product has a usable catalog image and distinguishing product data"
"bmw-1-17-22-f52-17-22-led-17-22-f52-bmw-1-17-22-f52-17-22-led-17-22-f52-led-halogen-plug-a","https://www.cowinmotors.com/product/bmw-1-17-22-f52-17-22-led-17-22-f52-bmw-1-17-22-f52-17-22-led-17-22-f52-led-halogen-plug-a","Automotive Lighting","BMW 1 17-22 F52 / 17-22 LED 17-22 F52 LED, halogen, plug-and-play upgrade Headlight Upgrade Kit 2017-2022 / F52","","yes","indexable: product has a usable catalog image and distinguishing product data"
"bmw-1-f20-12-14-led-bmw-1-f20-12-14-led-led-drl-headlight-assembly-2012-2014-42577a","https://www.cowinmotors.com/product/bmw-1-f20-12-14-led-bmw-1-f20-12-14-led-led-drl-headlight-assembly-2012-2014-42577a","Automotive Lighting","BMW 1 F20 12-14 LED LED, DRL Headlight Assembly 2012-2014","","yes","indexable: product has a usable catalog image and distinguishing product data"
"bmw-1-f20-12-15-led-bmw-1-f20-12-15-led-led-sequential-turn-signal-drl-headlight-assembly-","https://www.cowinmotors.com/product/bmw-1-f20-12-15-led-bmw-1-f20-12-15-led-led-sequential-turn-signal-drl-headlight-assembly-","Automotive Lighting","BMW 1 F20 12-15 LED LED, sequential turn signal, DRL Headlight Assembly 2012-2015","","yes","indexable: product has a usable catalog image and distinguishing product data"
"bmw-1-f20-f20le-12-15-f20-bmw-1-f20-f20le-12-15-f20-halogen-plug-and-play-upgrade-headligh","https://www.cowinmotors.com/product/bmw-1-f20-f20le-12-15-f20-bmw-1-f20-f20le-12-15-f20-halogen-plug-and-play-upgrade-headligh","Automotive Lighting","BMW 1 F20 F20LE 12-15 F20 halogen, plug-and-play upgrade Headlight Upgrade Kit 2012-2015 / F20","","yes","indexable: product has a usable catalog image and distinguishing product data"
"bmw-1-f20-f20led-12-15-f20-bmw-1-f20-f20led-12-15-f20-led-halogen-plug-and-play-upgrade-he","https://www.cowinmotors.com/product/bmw-1-f20-f20led-12-15-f20-bmw-1-f20-f20led-12-15-f20-led-halogen-plug-and-play-upgrade-he","Automotive Lighting","BMW 1 F20 F20LED 12-15 F20 LED, halogen, plug-and-play upgrade Headlight Upgrade Kit 2012-2015 / F20","","yes","indexable: product has a usable catalog image and distinguishing product data"
"bmw-1-f20-f20led-16-19-f20-bmw-1-f20-f20led-16-19-f20-led-halogen-plug-and-play-upgrade-he","https://www.cowinmotors.com/product/bmw-1-f20-f20led-16-19-f20-bmw-1-f20-f20led-16-19-f20-led-halogen-plug-and-play-upgrade-he","Automotive Lighting","BMW 1 F20 F20LED 16-19 F20 LED, halogen, plug-and-play upgrade Headlight Upgrade Kit 2016-2019 / F20","","yes","indexable: product has a usable catalog image and distinguishing product data"
"bmw-16-f35-led-bmw-16-f35-led-led-headlight-assembly-2016-2019-6311-7419-633-eb7ac7","https://www.cowinmotors.com/product/bmw-16-f35-led-bmw-16-f35-led-led-headlight-assembly-2016-2019-6311-7419-633-eb7ac7","Automotive Lighting","BMW 16 F35 LED LED Headlight Assembly 2016-2019 (6311 7419 633)","6311 7419 633 / 6311 7419 634","yes","indexable: product has a usable catalog image and distinguishing product data"
"bmw-18-f35-led-bmw-18-f35-led-led-headlight-assembly-2016-2019-6311-8492-473-9b01fc","https://www.cowinmotors.com/product/bmw-18-f35-led-bmw-18-f35-led-led-headlight-assembly-2016-2019-6311-8492-473-9b01fc","Automotive Lighting","BMW 18 F35 LED LED Headlight Assembly 2016-2019 (6311 8492 473)","6311 8492 473 / 6311 8492 474","yes","indexable: product has a usable catalog image and distinguishing product data"
"bmw-2-f22-14-21-f23-led-m2-bmw-2-f22-14-21-f23-led-m2-led-drl-projector-lens-headlight-ass","https://www.cowinmotors.com/product/bmw-2-f22-14-21-f23-led-m2-bmw-2-f22-14-21-f23-led-m2-led-drl-projector-lens-headlight-ass","Automotive Lighting","BMW 2 F22 14-21 F23 LED M2 LED, DRL, projector lens Headlight Assembly 2014-2021","","yes","indexable: product has a usable catalog image and distinguishing product data"
"bmw-2-g42m2g87-22-26-bmw-2-g42m2g87-22-26-laser-projector-lens-headlight-assembly-2022-202","https://www.cowinmotors.com/product/bmw-2-g42m2g87-22-26-bmw-2-g42m2g87-22-26-laser-projector-lens-headlight-assembly-2022-202","Automotive Lighting","BMW 2 G42M2G87 22-26 laser, projector lens Headlight Assembly 2022-2026","","yes","indexable: product has a usable catalog image and distinguishing product data"
"bmw-3-13-15-f30-13-15-13-15-bmw-3-13-15-f30-13-15-13-15-halogen-xenon-plug-and-play-upgrad","https://www.cowinmotors.com/product/bmw-3-13-15-f30-13-15-13-15-bmw-3-13-15-f30-13-15-13-15-halogen-xenon-plug-and-play-upgrad","Automotive Lighting","BMW 3 13-15 F30 / 13-15 13-15 halogen, xenon, plug-and-play upgrade Headlight Upgrade Kit 2013-2015","","yes","indexable: product has a usable catalog image and distinguishing product data"
"bmw-3-13-15-f30-16-19-led-13-15-bmw-3-13-15-f30-16-19-led-13-15-led-halogen-plug-and-play-","https://www.cowinmotors.com/product/bmw-3-13-15-f30-16-19-led-13-15-bmw-3-13-15-f30-16-19-led-13-15-led-halogen-plug-and-play-","Automotive Lighting","BMW 3 13-15 F30 / 16-19 LED 13-15 LED, halogen, plug-and-play upgrade Headlight Upgrade Kit 2013-2015","","yes","indexable: product has a usable catalog image and distinguishing product data"
"bmw-3-13-15-f30-f35-16-19-led-13-15-bmw-3-13-15-f30-f35-16-19-led-13-15-led-xenon-headligh","https://www.cowinmotors.com/product/bmw-3-13-15-f30-f35-16-19-led-13-15-bmw-3-13-15-f30-f35-16-19-led-13-15-led-xenon-headligh","Automotive Lighting","BMW 3 13-15 F30/F35 / 16-19 LED 13-15 LED, xenon Headlight Upgrade Kit 2013-2015","","yes","indexable: product has a usable catalog image and distinguishing product data"
"bmw-3-13-18-f30-f35-led-bmw-3-13-18-f30-f35-led-led-drl-headlight-assembly-2013-2018-1b126","https://www.cowinmotors.com/product/bmw-3-13-18-f30-f35-led-bmw-3-13-18-f30-f35-led-led-drl-headlight-assembly-2013-2018-1b126","Automotive Lighting","BMW 3 13-18 F30 F35 LED LED, DRL Headlight Assembly 2013-2018","","yes","indexable: product has a usable catalog image and distinguishing product data"
"bmw-3-19-23-g20g28-led-bmw-3-19-23-g20g28-led-led-laser-drl-headlight-assembly-2019-2023-a","https://www.cowinmotors.com/product/bmw-3-19-23-g20g28-led-bmw-3-19-23-g20g28-led-led-laser-drl-headlight-assembly-2019-2023-a","Automotive Lighting","BMW 3 19-23 G20G28 LED LED, laser, DRL Headlight Assembly 2019-2023","","yes","indexable: product has a usable catalog image and distinguishing product data"
"bmw-3-e90-05-12-led-bmw-3-e90-05-12-led-led-drl-projector-lens-headlight-assembly-2005-201","https://www.cowinmotors.com/product/bmw-3-e90-05-12-led-bmw-3-e90-05-12-led-led-drl-projector-lens-headlight-assembly-2005-201","Automotive Lighting","BMW 3 E90 05-12 LED LED, DRL, projector lens Headlight Assembly 2005-2012","","yes","indexable: product has a usable catalog image and distinguishing product data"
"bmw-3-f30-12-18-f30-f35-led-bmw-3-f30-12-18-f30-f35-led-led-projector-lens-headlight-assem","https://www.cowinmotors.com/product/bmw-3-f30-12-18-f30-f35-led-bmw-3-f30-12-18-f30-f35-led-led-projector-lens-headlight-assem","Automotive Lighting","BMW 3 F30 12-18 F30/F35 LED LED, projector lens Headlight Assembly 2012-2018","","yes","indexable: product has a usable catalog image and distinguishing product data"
"bmw-3-f30-13-18-f30f35-bmw-3-f30-13-18-f30f35-drl-facelift-conversion-headlight-assembly-2","https://www.cowinmotors.com/product/bmw-3-f30-13-18-f30f35-bmw-3-f30-13-18-f30f35-drl-facelift-conversion-headlight-assembly-2","Automotive Lighting","BMW 3 F30 13-18 F30F35 DRL, facelift conversion Headlight Assembly 2013-2018","","yes","indexable: product has a usable catalog image and distinguishing product data"
"bmw-3-g20-23-24-led-bmw-3-g20-23-24-led-led-laser-headlight-assembly-2023-2024-816b84","https://www.cowinmotors.com/product/bmw-3-g20-23-24-led-bmw-3-g20-23-24-led-led-laser-headlight-assembly-2023-2024-816b84","Automotive Lighting","BMW 3 G20 23-24 LED LED, laser Headlight Assembly 2023-2024","","yes","indexable: product has a usable catalog image and distinguishing product data"
"bmw-3-g20-23-25-led-bmw-3-g20-23-25-led-led-sequential-turn-signal-drl-headlight-assembly-","https://www.cowinmotors.com/product/bmw-3-g20-23-25-led-bmw-3-g20-23-25-led-led-sequential-turn-signal-drl-headlight-assembly-","Automotive Lighting","BMW 3 G20 23-25 LED LED, sequential turn signal, DRL Headlight Assembly 2023-2025","","yes","indexable: product has a usable catalog image and distinguishing product data"
"bmw-3-gt-f34led-3-13-20-bmw-3-gt-f34led-3-13-20-led-projector-lens-headlight-assembly-2013","https://www.cowinmotors.com/product/bmw-3-gt-f34led-3-13-20-bmw-3-gt-f34led-3-13-20-led-projector-lens-headlight-assembly-2013","Automotive Lighting","BMW 3 GT F34LED 3 13-20 LED, projector lens Headlight Assembly 2013-2020","","yes","indexable: product has a usable catalog image and distinguishing product data"
"bmw-4-09-16-e89-led-bmw-4-09-16-e89-led-led-drl-headlight-assembly-2009-2016-d22f1e","https://www.cowinmotors.com/product/bmw-4-09-16-e89-led-bmw-4-09-16-e89-led-led-drl-headlight-assembly-2009-2016-d22f1e","Automotive Lighting","BMW 4 09-16 E89 LED LED, DRL Headlight Assembly 2009-2016","","yes","indexable: product has a usable catalog image and distinguishing product data"
"bmw-4-13-16-f32-f32-9-bmw-4-13-16-f32-f32-9-xenon-plug-and-play-upgrade-headlight-upgrade-","https://www.cowinmotors.com/product/bmw-4-13-16-f32-f32-9-bmw-4-13-16-f32-f32-9-xenon-plug-and-play-upgrade-headlight-upgrade-","Automotive Lighting","BMW 4 13-16 F32 + / F32 + 9 xenon, plug-and-play upgrade Headlight Upgrade Kit F32 + 9","","yes","indexable: product has a usable catalog image and distinguishing product data"
"bmw-4-13-16-f32-f32-9-bmw-4-13-16-f32-f32-9-xenon-projector-lens-plug-and-play-upgrade-hea","https://www.cowinmotors.com/product/bmw-4-13-16-f32-f32-9-bmw-4-13-16-f32-f32-9-xenon-projector-lens-plug-and-play-upgrade-hea","Automotive Lighting","BMW 4 13-16 F32 / F32 + 9 xenon, projector lens, plug-and-play upgrade Headlight Upgrade Kit F32 + 9","","yes","indexable: product has a usable catalog image and distinguishing product data"
"bmw-4-13-16-f32-f32-8-bmw-4-13-16-f32-f32-8-xenon-plug-and-play-upgrade-headlight-upgrade-","https://www.cowinmotors.com/product/bmw-4-13-16-f32-f32-8-bmw-4-13-16-f32-f32-8-xenon-plug-and-play-upgrade-headlight-upgrade-","Automotive Lighting","BMW 4 13-16 F32 / F32 8 xenon, plug-and-play upgrade Headlight Upgrade Kit F32 8","","yes","indexable: product has a usable catalog image and distinguishing product data"
"bmw-4-13-16-f32-f32-8-bmw-4-13-16-f32-f32-8-xenon-projector-lens-plug-and-play-upgrade-hea","https://www.cowinmotors.com/product/bmw-4-13-16-f32-f32-8-bmw-4-13-16-f32-f32-8-xenon-projector-lens-plug-and-play-upgrade-hea","Automotive Lighting","BMW 4 13-16 F32 / F32 8 xenon, projector lens, plug-and-play upgrade Headlight Upgrade Kit F32 8","","yes","indexable: product has a usable catalog image and distinguishing product data"
"bmw-4-13-20-f32f36f82-led-bmw-4-13-20-f32f36f82-led-led-projector-lens-headlight-assembly-","https://www.cowinmotors.com/product/bmw-4-13-20-f32f36f82-led-bmw-4-13-20-f32f36f82-led-led-projector-lens-headlight-assembly-","Automotive Lighting","BMW 4 13-20 F32F36F82 LED LED, projector lens Headlight Assembly 2013-2020","","yes","indexable: product has a usable catalog image and distinguishing product data"
"bmw-4-17-19-f32-f32-6-bmw-4-17-19-f32-f32-6-plug-and-play-upgrade-headlight-upgrade-kit-f3","https://www.cowinmotors.com/product/bmw-4-17-19-f32-f32-6-bmw-4-17-19-f32-f32-6-plug-and-play-upgrade-headlight-upgrade-kit-f3","Automotive Lighting","BMW 4 17-19 F32 / F32 6 plug-and-play upgrade Headlight Upgrade Kit F32 6","","yes","indexable: product has a usable catalog image and distinguishing product data"
"bmw-4-17-19-f32-f32-6-bmw-4-17-19-f32-f32-6-projector-lens-plug-and-play-upgrade-headlight","https://www.cowinmotors.com/product/bmw-4-17-19-f32-f32-6-bmw-4-17-19-f32-f32-6-projector-lens-plug-and-play-upgrade-headlight","Automotive Lighting","BMW 4 17-19 F32 / F32 6 projector lens, plug-and-play upgrade Headlight Upgrade Kit F32 6","","yes","indexable: product has a usable catalog image and distinguishing product data"
"bmw-4-21-23-g22-led-bmw-4-21-23-g22-led-led-drl-headlight-assembly-2021-2023-1e9606","https://www.cowinmotors.com/product/bmw-4-21-23-g22-led-bmw-4-21-23-g22-led-led-drl-headlight-assembly-2021-2023-1e9606","Automotive Lighting","BMW 4 21-23 G22 LED LED, DRL Headlight Assembly 2021-2023","","yes","indexable: product has a usable catalog image and distinguishing product data"
"bmw-4-f32led-13-20-425i-428i-430icg-bmw-4-f32led-13-20-425i-428i-430icg-led-laser-projecto","https://www.cowinmotors.com/product/bmw-4-f32led-13-20-425i-428i-430icg-bmw-4-f32led-13-20-425i-428i-430icg-led-laser-projecto","Automotive Lighting","BMW 4 F32LED 13-20 425i 428i 430iCG LED, laser, projector lens Headlight Assembly 2013-2020","","yes","indexable: product has a usable catalog image and distinguishing product data"
"bmw-5-11-17-f10-f18-5-led-bmw-5-11-17-f10-f18-5-led-led-drl-headlight-assembly-2011-2017-7","https://www.cowinmotors.com/product/bmw-5-11-17-f10-f18-5-led-bmw-5-11-17-f10-f18-5-led-led-drl-headlight-assembly-2011-2017-7","Automotive Lighting","BMW 5 11-17 F10/F18 5 LED LED, DRL Headlight Assembly 2011-2017","","yes","indexable: product has a usable catalog image and distinguishing product data"
"bmw-5-e60-03-10-led-bmw-5-e60-03-10-led-led-drl-headlight-assembly-2003-2010-983f33","https://www.cowinmotors.com/product/bmw-5-e60-03-10-led-bmw-5-e60-03-10-led-led-drl-headlight-assembly-2003-2010-983f33","Automotive Lighting","BMW 5 E60 03-10 LED LED, DRL Headlight Assembly 2003-2010","","yes","indexable: product has a usable catalog image and distinguishing product data"
"bmw-5-e60-03-10-led-bmw-5-e60-03-10-led-led-projector-lens-facelift-conversion-headlight-a","https://www.cowinmotors.com/product/bmw-5-e60-03-10-led-bmw-5-e60-03-10-led-led-projector-lens-facelift-conversion-headlight-a","Automotive Lighting","BMW 5 E60 03-10 LED LED, projector lens, facelift conversion Headlight Assembly 2003-2010","","yes","indexable: product has a usable catalog image and distinguishing product data"
"bmw-5-f10-11-17-led-bmw-5-f10-11-17-led-led-drl-projector-lens-headlight-assembly-2011-201","https://www.cowinmotors.com/product/bmw-5-f10-11-17-led-bmw-5-f10-11-17-led-led-drl-projector-lens-headlight-assembly-2011-201","Automotive Lighting","BMW 5 F10 11-17 LED LED, DRL, projector lens Headlight Assembly 2011-2017","","yes","indexable: product has a usable catalog image and distinguishing product data"
"bmw-5-f10f18-11-17-f10f18-g38-bmw-5-f10f18-11-17-f10f18-g38-headlight-assembly-2011-2017-8","https://www.cowinmotors.com/product/bmw-5-f10f18-11-17-f10f18-g38-bmw-5-f10f18-11-17-f10f18-g38-headlight-assembly-2011-2017-8","Automotive Lighting","BMW 5 F10F18 11-17 F10F18 G38 Headlight Assembly 2011-2017","","no","noindex: catalog record lacks a specific reference, side, material, size, color, or listed feature"
"bmw-5-g30-18-23-g30-m5-led-bmw-5-g30-18-23-g30-m5-led-led-laser-headlight-assembly-2018-20","https://www.cowinmotors.com/product/bmw-5-g30-18-23-g30-m5-led-bmw-5-g30-18-23-g30-m5-led-led-laser-headlight-assembly-2018-20","Automotive Lighting","BMW 5 G30 18-23 G30 M5 LED LED, laser Headlight Assembly 2018-2023","","yes","indexable: product has a usable catalog image and distinguishing product data"
"bmw-5-g38g30-18-20-led-bmw-5-g38g30-18-20-led-led-drl-headlight-assembly-2018-2020-4870f0","https://www.cowinmotors.com/product/bmw-5-g38g30-18-20-led-bmw-5-g38g30-18-20-led-led-drl-headlight-assembly-2018-2020-4870f0","Automotive Lighting","BMW 5 G38G30 18-20 LED LED, DRL Headlight Assembly 2018-2020","","yes","indexable: product has a usable catalog image and distinguishing product data"
"bmw-5-gt-bmw-5-gt-automotive-lighting-2013-2020-sjc-aa22f6","https://www.cowinmotors.com/product/bmw-5-gt-bmw-5-gt-automotive-lighting-2013-2020-sjc-aa22f6","Automotive Lighting","BMW 5 GT Automotive Lighting 2013-2020 (SJC)","SJC","no","noindex: catalog record lacks a specific reference, side, material, size, color, or listed feature"
"bmw-5-gt-10-15-f07-led-f07-f07-bmw-5-gt-10-15-f07-led-f07-f07-led-xenon-plug-and-play-upgr","https://www.cowinmotors.com/product/bmw-5-gt-10-15-f07-led-f07-f07-bmw-5-gt-10-15-f07-led-f07-f07-led-xenon-plug-and-play-upgr","Automotive Lighting","BMW 5 GT 10-15 F07 / LED F07 F07 + LED, xenon, plug-and-play upgrade Headlight Upgrade Kit F07 / F07 +","","yes","indexable: product has a usable catalog image and distinguishing product data"
"bmw-5-gt-10-17-f07-led-bmw-5-gt-10-17-f07-led-led-drl-projector-lens-headlight-assembly-20","https://www.cowinmotors.com/product/bmw-5-gt-10-17-f07-led-bmw-5-gt-10-17-f07-led-led-drl-projector-lens-headlight-assembly-20","Automotive Lighting","BMW 5 GT 10-17 F07 LED LED, DRL, projector lens Headlight Assembly 2010-2017","","yes","indexable: product has a usable catalog image and distinguishing product data"
"bmw-5-gt-11-13-f18-14-16-f18-bmw-5-gt-11-13-f18-14-16-f18-xenon-plug-and-play-upgrade-head","https://www.cowinmotors.com/product/bmw-5-gt-11-13-f18-14-16-f18-bmw-5-gt-11-13-f18-14-16-f18-xenon-plug-and-play-upgrade-head","Automotive Lighting","BMW 5 GT 11-13 F18 / 14-16 F18 xenon, plug-and-play upgrade Headlight Upgrade Kit F18","","yes","indexable: product has a usable catalog image and distinguishing product data"
"bmw-5-gt-11-13-f18-led-f18-bmw-5-gt-11-13-f18-led-f18-led-xenon-plug-and-play-upgrade-head","https://www.cowinmotors.com/product/bmw-5-gt-11-13-f18-led-f18-bmw-5-gt-11-13-f18-led-f18-led-xenon-plug-and-play-upgrade-head","Automotive Lighting","BMW 5 GT 11-13 F18 / LED F18 LED, xenon, plug-and-play upgrade Headlight Upgrade Kit F18","","yes","indexable: product has a usable catalog image and distinguishing product data"
"bmw-5-gt-14-16-f18-led-f18-bmw-5-gt-14-16-f18-led-f18-led-xenon-plug-and-play-upgrade-head","https://www.cowinmotors.com/product/bmw-5-gt-14-16-f18-led-f18-bmw-5-gt-14-16-f18-led-f18-led-xenon-plug-and-play-upgrade-head","Automotive Lighting","BMW 5 GT 14-16 F18 / LED F18 LED, xenon, plug-and-play upgrade Headlight Upgrade Kit F18","","yes","indexable: product has a usable catalog image and distinguishing product data"
"bmw-7-09-12-f02-13-15-f02-bmw-7-09-12-f02-13-15-f02-xenon-plug-and-play-upgrade-headlight-","https://www.cowinmotors.com/product/bmw-7-09-12-f02-13-15-f02-bmw-7-09-12-f02-13-15-f02-xenon-plug-and-play-upgrade-headlight-","Automotive Lighting","BMW 7 09-12 F02 + / 13-15 F02 + xenon, plug-and-play upgrade Headlight Upgrade Kit F02 +","","yes","indexable: product has a usable catalog image and distinguishing product data"
"bmw-7-09-12-f02-13-15-f02-bmw-7-09-12-f02-13-15-f02-xenon-plug-and-play-upgrade-headlight--2","https://www.cowinmotors.com/product/bmw-7-09-12-f02-13-15-f02-bmw-7-09-12-f02-13-15-f02-xenon-plug-and-play-upgrade-headlight--2","Automotive Lighting","BMW 7 09-12 F02 / 13-15 F02 xenon, plug-and-play upgrade Headlight Upgrade Kit F02","","yes","indexable: product has a usable catalog image and distinguishing product data"
"bmw-7-09-15-f02-g12-led-bmw-7-09-15-f02-g12-led-led-laser-drl-headlight-assembly-2009-2015","https://www.cowinmotors.com/product/bmw-7-09-15-f02-g12-led-bmw-7-09-15-f02-g12-led-led-laser-drl-headlight-assembly-2009-2015","Automotive Lighting","BMW 7 09-15 F02 G12 LED LED, laser, DRL Headlight Assembly 2009-2015","","yes","indexable: product has a usable catalog image and distinguishing product data"
"bmw-7-g12-16-18-led-bmw-7-g12-16-18-led-led-drl-projector-lens-headlight-assembly-2016-201","https://www.cowinmotors.com/product/bmw-7-g12-16-18-led-bmw-7-g12-16-18-led-led-drl-projector-lens-headlight-assembly-2016-201","Automotive Lighting","BMW 7 G12 16-18 LED LED, DRL, projector lens Headlight Assembly 2016-2018","","yes","indexable: product has a usable catalog image and distinguishing product data"
"bmw-e60-bmw-e60-headlight-assembly-2003-2007-2008-2010-sjc-1953aa","https://www.cowinmotors.com/product/bmw-e60-bmw-e60-headlight-assembly-2003-2007-2008-2010-sjc-1953aa","Automotive Lighting","BMW E60 Headlight Assembly 2003-2007 / 2008-2010 (SJC)","SJC","no","noindex: catalog record lacks a specific reference, side, material, size, color, or listed feature"
"bmw-e60-bmw-e60-led-drl-headlight-assembly-2003-2010-a54a6e","https://www.cowinmotors.com/product/bmw-e60-bmw-e60-led-drl-headlight-assembly-2003-2010-a54a6e","Automotive Lighting","BMW E60 LED, DRL Headlight Assembly 2003-2010","","yes","indexable: product has a usable catalog image and distinguishing product data"
"bmw-e61-bmw-e61-halogen-headlight-assembly-2008-2010-6312-7177-727-aae894","https://www.cowinmotors.com/product/bmw-e61-bmw-e61-halogen-headlight-assembly-2008-2010-6312-7177-727-aae894","Automotive Lighting","BMW E61 halogen Headlight Assembly 2008-2010 (6312 7177 727)","6312 7177 727 / 6312 7177 728","yes","indexable: product has a usable catalog image and distinguishing product data"
"bmw-e61-bmw-e61-xenon-headlight-assembly-2008-2010-6312-7045-691-3b04bb","https://www.cowinmotors.com/product/bmw-e61-bmw-e61-xenon-headlight-assembly-2008-2010-6312-7045-691-3b04bb","Automotive Lighting","BMW E61 xenon Headlight Assembly 2008-2010 (6312 7045 691)","6312 7045 691 / 6312 7045 692","yes","indexable: product has a usable catalog image and distinguishing product data"
"bmw-e61-bmw-e61-xenon-headlight-assembly-2008-2010-6312-7177-751-25826e","https://www.cowinmotors.com/product/bmw-e61-bmw-e61-xenon-headlight-assembly-2008-2010-6312-7177-751-25826e","Automotive Lighting","BMW E61 xenon Headlight Assembly 2008-2010 (6312 7177 751)","6312 7177 751 / 6312 7177 752","yes","indexable: product has a usable catalog image and distinguishing product data"
"bmw-e70-bmw-e70-headlight-assembly-2007-2013-sjc-cb13a9","https://www.cowinmotors.com/product/bmw-e70-bmw-e70-headlight-assembly-2007-2013-sjc-cb13a9","Automotive Lighting","BMW E70 Headlight Assembly 2007-2013 (SJC)","SJC","no","noindex: catalog record lacks a specific reference, side, material, size, color, or listed feature"
"bmw-e70-bmw-e70-led-headlight-assembly-2007-2013-b4014b","https://www.cowinmotors.com/product/bmw-e70-bmw-e70-led-headlight-assembly-2007-2013-b4014b","Automotive Lighting","BMW E70 LED Headlight Assembly 2007-2013","","yes","indexable: product has a usable catalog image and distinguishing product data"
"bmw-e70-bmw-e70-xenon-headlight-assembly-2011-2013-6311-7240-787-731b76","https://www.cowinmotors.com/product/bmw-e70-bmw-e70-xenon-headlight-assembly-2011-2013-6311-7240-787-731b76","Automotive Lighting","BMW E70 xenon Headlight Assembly 2011-2013 (6311 7240 787)","6311 7240 787 / 6311 7240 788","yes","indexable: product has a usable catalog image and distinguishing product data"
"bmw-e70-bmw-e70-xenon-headlight-assembly-2011-2013-6311-7240-791-2c51da","https://www.cowinmotors.com/product/bmw-e70-bmw-e70-xenon-headlight-assembly-2011-2013-6311-7240-791-2c51da","Automotive Lighting","BMW E70 xenon Headlight Assembly 2011-2013 (6311 7240 791)","6311 7240 791 / 6311 7240 792","yes","indexable: product has a usable catalog image and distinguishing product data"
"bmw-e71-bmw-e71-headlight-assembly-2008-2013-sjc-7ba16f","https://www.cowinmotors.com/product/bmw-e71-bmw-e71-headlight-assembly-2008-2013-sjc-7ba16f","Automotive Lighting","BMW E71 Headlight Assembly 2008-2013 (SJC)","SJC","no","noindex: catalog record lacks a specific reference, side, material, size, color, or listed feature"
"bmw-e71-bmw-e71-led-headlight-assembly-2014-2018-l-a205-906-7303-44aafa","https://www.cowinmotors.com/product/bmw-e71-bmw-e71-led-headlight-assembly-2014-2018-l-a205-906-7303-44aafa","Automotive Lighting","BMW E71 LED Headlight Assembly 2014-2018 (L A205 906 7303)","L A205 906 7303 / R A205 906 7403","yes","indexable: product has a usable catalog image and distinguishing product data"
"bmw-e71-bmw-e71-led-headlight-assembly-2016-2019-l-a117-906-7800-88a6e6","https://www.cowinmotors.com/product/bmw-e71-bmw-e71-led-headlight-assembly-2016-2019-l-a117-906-7800-88a6e6","Automotive Lighting","BMW E71 LED Headlight Assembly 2016-2019 (L A117 906 7800)","L A117 906 7800 / R A117 906 9900","yes","indexable: product has a usable catalog image and distinguishing product data"
"bmw-e71-bmw-e71-led-headlight-assembly-2017-2020-a213-906-65-01-f0e3d9","https://www.cowinmotors.com/product/bmw-e71-bmw-e71-led-headlight-assembly-2017-2020-a213-906-65-01-f0e3d9","Automotive Lighting","BMW E71 LED Headlight Assembly 2017-2020 (A213 906 65 01)","A213 906 65 01 / A213 906 66 01","yes","indexable: product has a usable catalog image and distinguishing product data"
"bmw-e71-bmw-e71-led-headlight-assembly-2019-2021-6-l-w205-906-3306-1cd472","https://www.cowinmotors.com/product/bmw-e71-bmw-e71-led-headlight-assembly-2019-2021-6-l-w205-906-3306-1cd472","Automotive Lighting","BMW E71 LED Headlight Assembly 2019-2021","6 L W205 906 3306 / 4 R W205 906 3406","yes","indexable: product has a usable catalog image and distinguishing product data"
"bmw-e71-bmw-e71-led-headlight-assembly-2019-2021-7-l-w205-906-6204-4ab4d6","https://www.cowinmotors.com/product/bmw-e71-bmw-e71-led-headlight-assembly-2019-2021-7-l-w205-906-6204-4ab4d6","Automotive Lighting","BMW E71 LED Headlight Assembly 2019-2021","7 L W205 906 6204 / 5 R W205 906 6304","yes","indexable: product has a usable catalog image and distinguishing product data"
"bmw-e71-bmw-e71-led-headlight-assembly-2019-2022-l-a177-906-1901-884056","https://www.cowinmotors.com/product/bmw-e71-bmw-e71-led-headlight-assembly-2019-2022-l-a177-906-1901-884056","Automotive Lighting","BMW E71 LED Headlight Assembly 2019-2022 (L A177 906 1901)","L A177 906 1901 / R A177 906 2001","yes","indexable: product has a usable catalog image and distinguishing product data"
"bmw-e71-bmw-e71-led-headlight-assembly-2020-2022-l-a253-906-8502-b51f30","https://www.cowinmotors.com/product/bmw-e71-bmw-e71-led-headlight-assembly-2020-2022-l-a253-906-8502-b51f30","Automotive Lighting","BMW E71 LED Headlight Assembly 2020-2022 (L A253 906 8502)","L A253 906 8502 / R A253 906 8602","yes","indexable: product has a usable catalog image and distinguishing product data"
"bmw-e71-bmw-e71-led-headlight-assembly-2021-2023-l-a213-906-6308-19f5df","https://www.cowinmotors.com/product/bmw-e71-bmw-e71-led-headlight-assembly-2021-2023-l-a213-906-6308-19f5df","Automotive Lighting","BMW E71 LED Headlight Assembly 2021-2023 (L A213 906 6308)","L A213 906 6308 / R A213 906 6408","yes","indexable: product has a usable catalog image and distinguishing product data"
"bmw-e71-bmw-e71-led-headlight-assembly-2022-2024-l-a206-906-09-03-4fe967","https://www.cowinmotors.com/product/bmw-e71-bmw-e71-led-headlight-assembly-2022-2024-l-a206-906-09-03-4fe967","Automotive Lighting","BMW E71 LED Headlight Assembly 2022-2024 (L A206 906 09 03)","L A206 906 09 03 / R A206 906 10 03","yes","indexable: product has a usable catalog image and distinguishing product data"
"bmw-e71-bmw-e71-led-drl-headlight-assembly-2008-2014-ed0bbb","https://www.cowinmotors.com/product/bmw-e71-bmw-e71-led-drl-headlight-assembly-2008-2014-ed0bbb","Automotive Lighting","BMW E71 LED, DRL Headlight Assembly 2008-2014","","yes","indexable: product has a usable catalog image and distinguishing product data"
"bmw-e71-bmw-e71-led-drl-facelift-conversion-headlight-assembly-2008-2014-750018","https://www.cowinmotors.com/product/bmw-e71-bmw-e71-led-drl-facelift-conversion-headlight-assembly-2008-2014-750018","Automotive Lighting","BMW E71 LED, DRL, facelift conversion Headlight Assembly 2008-2014","","yes","indexable: product has a usable catalog image and distinguishing product data"
"bmw-e71-bmw-e71-xenon-headlight-assembly-2008-2013-6311-7287-013-cf9e8e","https://www.cowinmotors.com/product/bmw-e71-bmw-e71-xenon-headlight-assembly-2008-2013-6311-7287-013-cf9e8e","Automotive Lighting","BMW E71 xenon Headlight Assembly 2008-2013 (6311 7287 013)","6311 7287 013 / 6311 7287 014","yes","indexable: product has a usable catalog image and distinguishing product data"
"bmw-e71-bmw-e71-xenon-headlight-assembly-2009-2013-l-a212-820-0939-d9c9c8","https://www.cowinmotors.com/product/bmw-e71-bmw-e71-xenon-headlight-assembly-2009-2013-l-a212-820-0939-d9c9c8","Automotive Lighting","BMW E71 xenon Headlight Assembly 2009-2013 (L A212 820 0939)","L A212 820 0939 / R A212 820 1039","yes","indexable: product has a usable catalog image and distinguishing product data"
"bmw-e71-bmw-e71-xenon-headlight-assembly-2011-2014-l-a218-820-4161-57efdb","https://www.cowinmotors.com/product/bmw-e71-bmw-e71-xenon-headlight-assembly-2011-2014-l-a218-820-4161-57efdb","Automotive Lighting","BMW E71 xenon Headlight Assembly 2011-2014 (L A218 820 4161)","L A218 820 4161 / R A218 820 4261","yes","indexable: product has a usable catalog image and distinguishing product data"
"bmw-e83-bmw-e83-drl-facelift-conversion-headlight-assembly-2006-2010-3d571c","https://www.cowinmotors.com/product/bmw-e83-bmw-e83-drl-facelift-conversion-headlight-assembly-2006-2010-3d571c","Automotive Lighting","BMW E83 DRL, facelift conversion Headlight Assembly 2006-2010","","yes","indexable: product has a usable catalog image and distinguishing product data"
"bmw-e83-bmw-e83-headlight-assembly-2006-2010-sjc-f56d99","https://www.cowinmotors.com/product/bmw-e83-bmw-e83-headlight-assembly-2006-2010-sjc-f56d99","Automotive Lighting","BMW E83 Headlight Assembly 2006-2010 (SJC)","SJC","no","noindex: catalog record lacks a specific reference, side, material, size, color, or listed feature"
"bmw-e84-bmw-e84-drl-facelift-conversion-headlight-assembly-2010-2015-ee29cb","https://www.cowinmotors.com/product/bmw-e84-bmw-e84-drl-facelift-conversion-headlight-assembly-2010-2015-ee29cb","Automotive Lighting","BMW E84 DRL, facelift conversion Headlight Assembly 2010-2015","","yes","indexable: product has a usable catalog image and distinguishing product data"
"bmw-e84-bmw-e84-headlight-assembly-2010-2015-sjc-03c2a2","https://www.cowinmotors.com/product/bmw-e84-bmw-e84-headlight-assembly-2010-2015-sjc-03c2a2","Automotive Lighting","BMW E84 Headlight Assembly 2010-2015 (SJC)","SJC","yes","indexable: product has a usable catalog image and distinguishing product data"
"bmw-e84-bmw-e84-halogen-headlight-assembly-2009-2012-6311-2990-001-23c81d","https://www.cowinmotors.com/product/bmw-e84-bmw-e84-halogen-headlight-assembly-2009-2012-6311-2990-001-23c81d","Automotive Lighting","BMW E84 halogen Headlight Assembly 2009-2012 (6311 2990 001)","6311 2990 001 / 6311 2990 002","yes","indexable: product has a usable catalog image and distinguishing product data"
"bmw-e84-bmw-e84-halogen-headlight-assembly-2013-2016-6311-7290-233-b3a552","https://www.cowinmotors.com/product/bmw-e84-bmw-e84-halogen-headlight-assembly-2013-2016-6311-7290-233-b3a552","Automotive Lighting","BMW E84 halogen Headlight Assembly 2013-2016 (6311 7290 233)","6311 7290 233 / 6311 7290 234","yes","indexable: product has a usable catalog image and distinguishing product data"
"bmw-e84-bmw-e84-halogen-xenon-rs-style-headlight-assembly-2010-2015-sjc-140bc4","https://www.cowinmotors.com/product/bmw-e84-bmw-e84-halogen-xenon-rs-style-headlight-assembly-2010-2015-sjc-140bc4","Automotive Lighting","BMW E84 halogen, xenon, RS style Headlight Assembly 2010-2015 (SJC)","SJC","yes","indexable: product has a usable catalog image and distinguishing product data"
"bmw-e84-bmw-e84-xenon-headlight-assembly-2009-2012-6311-2993-491-abd6de","https://www.cowinmotors.com/product/bmw-e84-bmw-e84-xenon-headlight-assembly-2009-2012-6311-2993-491-abd6de","Automotive Lighting","BMW E84 xenon Headlight Assembly 2009-2012 (6311 2993 491)","6311 2993 491 / 6311 2993 492","yes","indexable: product has a usable catalog image and distinguishing product data"
"bmw-e84-bmw-e84-xenon-headlight-assembly-2013-2016-6311-7290-261-fe74c3","https://www.cowinmotors.com/product/bmw-e84-bmw-e84-xenon-headlight-assembly-2013-2016-6311-7290-261-fe74c3","Automotive Lighting","BMW E84 xenon Headlight Assembly 2013-2016 (6311 7290 261)","6311 7290 261 / 6311 7290 262","yes","indexable: product has a usable catalog image and distinguishing product data"
"bmw-e87-bmw-e87-halogen-xenon-rs-style-headlight-assembly-2004-2011-sjc-f456ef","https://www.cowinmotors.com/product/bmw-e87-bmw-e87-halogen-xenon-rs-style-headlight-assembly-2004-2011-sjc-f456ef","Automotive Lighting","BMW E87 halogen, xenon, RS style Headlight Assembly 2004-2011 (SJC)","SJC","yes","indexable: product has a usable catalog image and distinguishing product data"
"bmw-e90-bmw-e90-drl-headlight-assembly-2005-2012-2b0a98","https://www.cowinmotors.com/product/bmw-e90-bmw-e90-drl-headlight-assembly-2005-2012-2b0a98","Automotive Lighting","BMW E90 DRL Headlight Assembly 2005-2012","","yes","indexable: product has a usable catalog image and distinguishing product data"
"bmw-e90-bmw-e90-headlight-assembly-2005-2012-sjc-ba4534","https://www.cowinmotors.com/product/bmw-e90-bmw-e90-headlight-assembly-2005-2012-sjc-ba4534","Automotive Lighting","BMW E90 Headlight Assembly 2005-2012 (SJC)","SJC","no","noindex: catalog record lacks a specific reference, side, material, size, color, or listed feature"
"bmw-e92-bmw-e92-headlight-assembly-2006-2009-sjc-e8b664","https://www.cowinmotors.com/product/bmw-e92-bmw-e92-headlight-assembly-2006-2009-sjc-e8b664","Automotive Lighting","BMW E92 Headlight Assembly 2006-2009 (SJC)","SJC","no","noindex: catalog record lacks a specific reference, side, material, size, color, or listed feature"
"bmw-e92-bmw-e92-headlight-assembly-2006-2012-sjc-fa9f3c","https://www.cowinmotors.com/product/bmw-e92-bmw-e92-headlight-assembly-2006-2012-sjc-fa9f3c","Automotive Lighting","BMW E92 Headlight Assembly 2006-2012 (SJC)","SJC","no","noindex: catalog record lacks a specific reference, side, material, size, color, or listed feature"
"bmw-e92-bmw-e92-led-headlight-assembly-2006-2012-6f8b5f","https://www.cowinmotors.com/product/bmw-e92-bmw-e92-led-headlight-assembly-2006-2012-6f8b5f","Automotive Lighting","BMW E92 LED Headlight Assembly 2006-2012","","yes","indexable: product has a usable catalog image and distinguishing product data"
"bmw-e93-bmw-e93-headlight-assembly-2010-2013-8b8502","https://www.cowinmotors.com/product/bmw-e93-bmw-e93-headlight-assembly-2010-2013-8b8502","Automotive Lighting","BMW E93 Headlight Assembly 2010-2013","","no","noindex: catalog record lacks a specific reference, side, material, size, color, or listed feature"
"bmw-e93-bmw-e93-headlight-assembly-2010-2013-sjc-dca1fc","https://www.cowinmotors.com/product/bmw-e93-bmw-e93-headlight-assembly-2010-2013-sjc-dca1fc","Automotive Lighting","BMW E93 Headlight Assembly 2010-2013 (SJC)","SJC","no","noindex: catalog record lacks a specific reference, side, material, size, color, or listed feature"
"bmw-e93-bmw-e93-led-headlight-assembly-2007-2010-e12693","https://www.cowinmotors.com/product/bmw-e93-bmw-e93-led-headlight-assembly-2007-2010-e12693","Automotive Lighting","BMW E93 LED Headlight Assembly 2007-2010","","yes","indexable: product has a usable catalog image and distinguishing product data"
"bmw-f01-bmw-f01-headlight-assembly-2009-2012-sjc-606c3a","https://www.cowinmotors.com/product/bmw-f01-bmw-f01-headlight-assembly-2009-2012-sjc-606c3a","Automotive Lighting","BMW F01 Headlight Assembly 2009-2012 (SJC)","SJC","no","noindex: catalog record lacks a specific reference, side, material, size, color, or listed feature"
"bmw-f01-bmw-f01-headlight-assembly-2009-2015-sjc-9af1e5","https://www.cowinmotors.com/product/bmw-f01-bmw-f01-headlight-assembly-2009-2015-sjc-9af1e5","Automotive Lighting","BMW F01 Headlight Assembly 2009-2015 (SJC)","SJC","no","noindex: catalog record lacks a specific reference, side, material, size, color, or listed feature"
"bmw-f01-bmw-f01-headlight-assembly-2013-2015-sjc-6007b1","https://www.cowinmotors.com/product/bmw-f01-bmw-f01-headlight-assembly-2013-2015-sjc-6007b1","Automotive Lighting","BMW F01 Headlight Assembly 2013-2015 (SJC)","SJC","no","noindex: catalog record lacks a specific reference, side, material, size, color, or listed feature"
"bmw-f01-bmw-f01-led-drl-projector-lens-headlight-assembly-2009-2015-455ec0","https://www.cowinmotors.com/product/bmw-f01-bmw-f01-led-drl-projector-lens-headlight-assembly-2009-2015-455ec0","Automotive Lighting","BMW F01 LED, DRL, projector lens Headlight Assembly 2009-2015","","yes","indexable: product has a usable catalog image and distinguishing product data"
"bmw-f02-f01-bmw-f02-f01-xenon-headlight-assembly-2009-2012-6311-7225-229-d51be2","https://www.cowinmotors.com/product/bmw-f02-f01-bmw-f02-f01-xenon-headlight-assembly-2009-2012-6311-7225-229-d51be2","Automotive Lighting","BMW F02/F01 xenon Headlight Assembly 2009-2012 (6311 7225 229)","6311 7225 229 / 6311 7225 230","yes","indexable: product has a usable catalog image and distinguishing product data"
"bmw-f02-f01-bmw-f02-f01-xenon-headlight-assembly-2009-2012-6311-7228-427-78f56a","https://www.cowinmotors.com/product/bmw-f02-f01-bmw-f02-f01-xenon-headlight-assembly-2009-2012-6311-7228-427-78f56a","Automotive Lighting","BMW F02/F01 xenon Headlight Assembly 2009-2012 (6311 7228 427)","6311 7228 427 / 6311 7228 428","yes","indexable: product has a usable catalog image and distinguishing product data"
"bmw-f02-f01-bmw-f02-f01-xenon-headlight-assembly-2013-2015-6311-7348-503-10bf22","https://www.cowinmotors.com/product/bmw-f02-f01-bmw-f02-f01-xenon-headlight-assembly-2013-2015-6311-7348-503-10bf22","Automotive Lighting","BMW F02/F01 xenon Headlight Assembly 2013-2015 (6311 7348 503)","6311 7348 503 / 6311 7348 502","yes","indexable: product has a usable catalog image and distinguishing product data"
"bmw-f02-f01-bmw-f02-f01-xenon-headlight-assembly-2013-2015-6311-7348-507-b81c40","https://www.cowinmotors.com/product/bmw-f02-f01-bmw-f02-f01-xenon-headlight-assembly-2013-2015-6311-7348-507-b81c40","Automotive Lighting","BMW F02/F01 xenon Headlight Assembly 2013-2015 (6311 7348 507)","6311 7348 507 / 6311 7348 506","yes","indexable: product has a usable catalog image and distinguishing product data"
"bmw-f07-bmw-f07-xenon-headlight-assembly-2010-2015-6312-7262-719-d356cd","https://www.cowinmotors.com/product/bmw-f07-bmw-f07-xenon-headlight-assembly-2010-2015-6312-7262-719-d356cd","Automotive Lighting","BMW F07 xenon Headlight Assembly 2010-2015 (6312 7262 719)","6312 7262 719 / 6312 7262 720","yes","indexable: product has a usable catalog image and distinguishing product data"
"bmw-f07-bmw-f07-xenon-headlight-assembly-2010-2015-6312-7262-723-274fc4","https://www.cowinmotors.com/product/bmw-f07-bmw-f07-xenon-headlight-assembly-2010-2015-6312-7262-723-274fc4","Automotive Lighting","BMW F07 xenon Headlight Assembly 2010-2015 (6312 7262 723)","6312 7262 723 / 6312 7262 724","yes","indexable: product has a usable catalog image and distinguishing product data"
"bmw-f10-bmw-f10-headlight-assembly-2010-2013-sjc-faee2d","https://www.cowinmotors.com/product/bmw-f10-bmw-f10-headlight-assembly-2010-2013-sjc-faee2d","Automotive Lighting","BMW F10 Headlight Assembly 2010-2013 (SJC)","SJC","no","noindex: catalog record lacks a specific reference, side, material, size, color, or listed feature"
"bmw-f10-bmw-f10-headlight-assembly-2010-2017-sjc-ad0555","https://www.cowinmotors.com/product/bmw-f10-bmw-f10-headlight-assembly-2010-2017-sjc-ad0555","Automotive Lighting","BMW F10 Headlight Assembly 2010-2017 (SJC)","SJC","yes","indexable: product has a usable catalog image and distinguishing product data"
"bmw-f10-bmw-f10-headlight-assembly-2014-2017-sjc-08fdb4","https://www.cowinmotors.com/product/bmw-f10-bmw-f10-headlight-assembly-2014-2017-sjc-08fdb4","Automotive Lighting","BMW F10 Headlight Assembly 2014-2017 (SJC)","SJC","no","noindex: catalog record lacks a specific reference, side, material, size, color, or listed feature"
"bmw-f10-bmw-f10-led-drl-headlight-assembly-2011-2017-b587dc","https://www.cowinmotors.com/product/bmw-f10-bmw-f10-led-drl-headlight-assembly-2011-2017-b587dc","Automotive Lighting","BMW F10 LED, DRL Headlight Assembly 2011-2017","","yes","indexable: product has a usable catalog image and distinguishing product data"
"bmw-f10-bmw-f10-halogen-rs-style-headlight-assembly-2010-2013-sjc-f4db4a","https://www.cowinmotors.com/product/bmw-f10-bmw-f10-halogen-rs-style-headlight-assembly-2010-2013-sjc-f4db4a","Automotive Lighting","BMW F10 halogen, RS style Headlight Assembly 2010-2013 (SJC)","SJC","yes","indexable: product has a usable catalog image and distinguishing product data"
"bmw-f10-bmw-f10-xenon-rs-style-headlight-assembly-2010-2017-sjc-f6cc0e","https://www.cowinmotors.com/product/bmw-f10-bmw-f10-xenon-rs-style-headlight-assembly-2010-2017-sjc-f6cc0e","Automotive Lighting","BMW F10 xenon, RS style Headlight Assembly 2010-2017 (SJC)","SJC","yes","indexable: product has a usable catalog image and distinguishing product data"
"bmw-f15-bmw-f15-headlight-assembly-2014-2018-264222","https://www.cowinmotors.com/product/bmw-f15-bmw-f15-headlight-assembly-2014-2018-264222","Automotive Lighting","BMW F15 Headlight Assembly 2014-2018","","no","noindex: catalog record lacks a specific reference, side, material, size, color, or listed feature"
"bmw-f15-bmw-f15-headlight-assembly-2014-2018-sjc-f7089c","https://www.cowinmotors.com/product/bmw-f15-bmw-f15-headlight-assembly-2014-2018-sjc-f7089c","Automotive Lighting","BMW F15 Headlight Assembly 2014-2018 (SJC)","SJC","no","noindex: catalog record lacks a specific reference, side, material, size, color, or listed feature"
"bmw-f15-bmw-f15-led-headlight-assembly-2014-2018-6311-7381-137-68bce3","https://www.cowinmotors.com/product/bmw-f15-bmw-f15-led-headlight-assembly-2014-2018-6311-7381-137-68bce3","Automotive Lighting","BMW F15 LED Headlight Assembly 2014-2018 (6311 7381 137)","6311 7381 137 / 6311 7381 138","yes","indexable: product has a usable catalog image and distinguishing product data"
"bmw-f15-bmw-f15-led-drl-headlight-assembly-2014-2018-951b25","https://www.cowinmotors.com/product/bmw-f15-bmw-f15-led-drl-headlight-assembly-2014-2018-951b25","Automotive Lighting","BMW F15 LED, DRL Headlight Assembly 2014-2018","","yes","indexable: product has a usable catalog image and distinguishing product data"
"bmw-f15-bmw-f15-xenon-headlight-assembly-2014-2018-6311-7317-101-8d527d","https://www.cowinmotors.com/product/bmw-f15-bmw-f15-xenon-headlight-assembly-2014-2018-6311-7317-101-8d527d","Automotive Lighting","BMW F15 xenon Headlight Assembly 2014-2018 (6311 7317 101)","6311 7317 101 / 6311 7317 102","yes","indexable: product has a usable catalog image and distinguishing product data"
"bmw-f18-f10-bmw-f18-f10-halogen-headlight-assembly-2011-2013-6311-7203-239-de27a3","https://www.cowinmotors.com/product/bmw-f18-f10-bmw-f18-f10-halogen-headlight-assembly-2011-2013-6311-7203-239-de27a3","Automotive Lighting","BMW F18/F10 halogen Headlight Assembly 2011-2013 (6311 7203 239)","6311 7203 239 / 6311 7203 240","yes","indexable: product has a usable catalog image and distinguishing product data"
"bmw-f18-f10-bmw-f18-f10-xenon-headlight-assembly-2011-2013-6311-7271-907-445dc7","https://www.cowinmotors.com/product/bmw-f18-f10-bmw-f18-f10-xenon-headlight-assembly-2011-2013-6311-7271-907-445dc7","Automotive Lighting","BMW F18/F10 xenon Headlight Assembly 2011-2013 (6311 7271 907)","6311 7271 907 / 6311 7271 908","yes","indexable: product has a usable catalog image and distinguishing product data"
"bmw-f18-f10-bmw-f18-f10-xenon-headlight-assembly-2011-2013-6311-7271-911-c42bff","https://www.cowinmotors.com/product/bmw-f18-f10-bmw-f18-f10-xenon-headlight-assembly-2011-2013-6311-7271-911-c42bff","Automotive Lighting","BMW F18/F10 xenon Headlight Assembly 2011-2013 (6311 7271 911)","6311 7271 911 / 6311 7271 912","yes","indexable: product has a usable catalog image and distinguishing product data"
"bmw-f18-f10-bmw-f18-f10-xenon-headlight-assembly-2014-2016-6311-7343-907-b1a39f","https://www.cowinmotors.com/product/bmw-f18-f10-bmw-f18-f10-xenon-headlight-assembly-2014-2016-6311-7343-907-b1a39f","Automotive Lighting","BMW F18/F10 xenon Headlight Assembly 2014-2016 (6311 7343 907)","6311 7343 907 / 6311 7343 908","yes","indexable: product has a usable catalog image and distinguishing product data"
"bmw-f18-f10-bmw-f18-f10-xenon-headlight-assembly-2014-2016-6311-7343-911-415a69","https://www.cowinmotors.com/product/bmw-f18-f10-bmw-f18-f10-xenon-headlight-assembly-2014-2016-6311-7343-911-415a69","Automotive Lighting","BMW F18/F10 xenon Headlight Assembly 2014-2016 (6311 7343 911)","6311 7343 911 / 6311 7343 912","yes","indexable: product has a usable catalog image and distinguishing product data"
"bmw-f20-bmw-f20-headlight-assembly-2012-2014-sjc-a5ec9c","https://www.cowinmotors.com/product/bmw-f20-bmw-f20-headlight-assembly-2012-2014-sjc-a5ec9c","Automotive Lighting","BMW F20 Headlight Assembly 2012-2014 (SJC)","SJC","no","noindex: catalog record lacks a specific reference, side, material, size, color, or listed feature"
"bmw-f20-bmw-f20-headlight-assembly-2012-2015-sjc-ff7597","https://www.cowinmotors.com/product/bmw-f20-bmw-f20-headlight-assembly-2012-2015-sjc-ff7597","Automotive Lighting","BMW F20 Headlight Assembly 2012-2015 (SJC)","SJC","no","noindex: catalog record lacks a specific reference, side, material, size, color, or listed feature"
"bmw-f20-bmw-f20-headlight-assembly-2015-2018-sjc-95e365","https://www.cowinmotors.com/product/bmw-f20-bmw-f20-headlight-assembly-2015-2018-sjc-95e365","Automotive Lighting","BMW F20 Headlight Assembly 2015-2018 (SJC)","SJC","no","noindex: catalog record lacks a specific reference, side, material, size, color, or listed feature"
"bmw-f20-bmw-f20-headlight-assembly-2016-2018-sjc-28068c","https://www.cowinmotors.com/product/bmw-f20-bmw-f20-headlight-assembly-2016-2018-sjc-28068c","Automotive Lighting","BMW F20 Headlight Assembly 2016-2018 (SJC)","SJC","no","noindex: catalog record lacks a specific reference, side, material, size, color, or listed feature"
"bmw-f20-bmw-f20-led-headlight-assembly-2016-2019-6311-7414-141-3b4c67","https://www.cowinmotors.com/product/bmw-f20-bmw-f20-led-headlight-assembly-2016-2019-6311-7414-141-3b4c67","Automotive Lighting","BMW F20 LED Headlight Assembly 2016-2019 (6311 7414 141)","6311 7414 141 / 6311 7414 142","yes","indexable: product has a usable catalog image and distinguishing product data"
"bmw-f20-bmw-f20-led-drl-headlight-assembly-2012-2014-7c5089","https://www.cowinmotors.com/product/bmw-f20-bmw-f20-led-drl-headlight-assembly-2012-2014-7c5089","Automotive Lighting","BMW F20 LED, DRL Headlight Assembly 2012-2014","","yes","indexable: product has a usable catalog image and distinguishing product data"
"bmw-f20-bmw-f20-halogen-headlight-assembly-2012-2016-6311-7229-671-8b7aec","https://www.cowinmotors.com/product/bmw-f20-bmw-f20-halogen-headlight-assembly-2012-2016-6311-7229-671-8b7aec","Automotive Lighting","BMW F20 halogen Headlight Assembly 2012-2016 (6311 7229 671)","6311 7229 671 / 6311 7229 672","yes","indexable: product has a usable catalog image and distinguishing product data"
"bmw-f20-bmw-f20-halogen-headlight-assembly-2016-2019-6311-7358-391-cff69b","https://www.cowinmotors.com/product/bmw-f20-bmw-f20-halogen-headlight-assembly-2016-2019-6311-7358-391-cff69b","Automotive Lighting","BMW F20 halogen Headlight Assembly 2016-2019 (6311 7358 391)","6311 7358 391 / 6311 7358 392","yes","indexable: product has a usable catalog image and distinguishing product data"
"bmw-f20-bmw-f20-xenon-headlight-assembly-2012-2016-6311-7296-913-f60ddd","https://www.cowinmotors.com/product/bmw-f20-bmw-f20-xenon-headlight-assembly-2012-2016-6311-7296-913-f60ddd","Automotive Lighting","BMW F20 xenon Headlight Assembly 2012-2016 (6311 7296 913)","6311 7296 913 / 6311 7296 914","yes","indexable: product has a usable catalog image and distinguishing product data"
"bmw-f22-bmw-f22-headlight-assembly-2014-2021-sjc-213a42","https://www.cowinmotors.com/product/bmw-f22-bmw-f22-headlight-assembly-2014-2021-sjc-213a42","Automotive Lighting","BMW F22 Headlight Assembly 2014-2021 (SJC)","SJC","no","noindex: catalog record lacks a specific reference, side, material, size, color, or listed feature"
"bmw-f22-bmw-f22-led-halogen-xenon-headlight-assembly-2014-2021-sjc-194e87","https://www.cowinmotors.com/product/bmw-f22-bmw-f22-led-halogen-xenon-headlight-assembly-2014-2021-sjc-194e87","Automotive Lighting","BMW F22 LED, halogen, xenon Headlight Assembly 2014-2021 (SJC)","SJC","yes","indexable: product has a usable catalog image and distinguishing product data"
"bmw-f25-bmw-f25-headlight-assembly-2010-2016-sjc-f74382","https://www.cowinmotors.com/product/bmw-f25-bmw-f25-headlight-assembly-2010-2016-sjc-f74382","Automotive Lighting","BMW F25 Headlight Assembly 2010-2016 (SJC)","SJC","no","noindex: catalog record lacks a specific reference, side, material, size, color, or listed feature"
"bmw-f25-bmw-f25-xenon-headlight-assembly-2011-2013-6311-7276-991-1b6835","https://www.cowinmotors.com/product/bmw-f25-bmw-f25-xenon-headlight-assembly-2011-2013-6311-7276-991-1b6835","Automotive Lighting","BMW F25 xenon Headlight Assembly 2011-2013 (6311 7276 991)","6311 7276 991 / 6311 7276 992","yes","indexable: product has a usable catalog image and distinguishing product data"
"bmw-f25-bmw-f25-xenon-headlight-assembly-2014-2017-6311-7401-131-5bc52d","https://www.cowinmotors.com/product/bmw-f25-bmw-f25-xenon-headlight-assembly-2014-2017-6311-7401-131-5bc52d","Automotive Lighting","BMW F25 xenon Headlight Assembly 2014-2017 (6311 7401 131)","6311 7401 131 / 6311 7401 132","yes","indexable: product has a usable catalog image and distinguishing product data"
"bmw-f30-bmw-f30-headlight-assembly-2012-2018-sjc-d27cac","https://www.cowinmotors.com/product/bmw-f30-bmw-f30-headlight-assembly-2012-2018-sjc-d27cac","Automotive Lighting","BMW F30 Headlight Assembly 2012-2018 (SJC)","SJC","yes","indexable: product has a usable catalog image and distinguishing product data"
"bmw-f30-bmw-f30-led-halogen-xenon-headlight-assembly-2012-2018-sjc-6e7c6d","https://www.cowinmotors.com/product/bmw-f30-bmw-f30-led-halogen-xenon-headlight-assembly-2012-2018-sjc-6e7c6d","Automotive Lighting","BMW F30 LED, halogen, xenon Headlight Assembly 2012-2018 (SJC)","SJC","yes","indexable: product has a usable catalog image and distinguishing product data"
"bmw-f30-bmw-f30-xenon-headlight-assembly-2013-2015-6311-7339-385-decd09","https://www.cowinmotors.com/product/bmw-f30-bmw-f30-xenon-headlight-assembly-2013-2015-6311-7339-385-decd09","Automotive Lighting","BMW F30 xenon Headlight Assembly 2013-2015 (6311 7339 385)","6311 7339 385 / 6311 7339 386","yes","indexable: product has a usable catalog image and distinguishing product data"
"bmw-f30-f35-bmw-f30-f35-halogen-headlight-assembly-2013-2015-6311-7259-523-7293-049-ef0ce2","https://www.cowinmotors.com/product/bmw-f30-f35-bmw-f30-f35-halogen-headlight-assembly-2013-2015-6311-7259-523-7293-049-ef0ce2","Automotive Lighting","BMW F30/F35 halogen Headlight Assembly 2013-2015 (6311 7259 523/7293 049)","6311 7259 523 / 7293 049 / 6311 7259 524 / 7293 050","yes","indexable: product has a usable catalog image and distinguishing product data"
"bmw-f30-f35-bmw-f30-f35-xenon-headlight-assembly-2013-2015-6311-7339-385-97bc56","https://www.cowinmotors.com/product/bmw-f30-f35-bmw-f30-f35-xenon-headlight-assembly-2013-2015-6311-7339-385-97bc56","Automotive Lighting","BMW F30/F35 xenon Headlight Assembly 2013-2015 (6311 7339 385)","6311 7339 385 / 6311 7339 386","yes","indexable: product has a usable catalog image and distinguishing product data"
"bmw-f30-f35-bmw-f30-f35-xenon-headlight-assembly-2013-2015-6311-7339-389-0c5296","https://www.cowinmotors.com/product/bmw-f30-f35-bmw-f30-f35-xenon-headlight-assembly-2013-2015-6311-7339-389-0c5296","Automotive Lighting","BMW F30/F35 xenon Headlight Assembly 2013-2015 (6311 7339 389)","6311 7339 389 / 6311 7339 390","yes","indexable: product has a usable catalog image and distinguishing product data"
"bmw-f30lci-bmw-f30lci-led-headlight-assembly-2016-2019-6311-7419-633-93a773","https://www.cowinmotors.com/product/bmw-f30lci-bmw-f30lci-led-headlight-assembly-2016-2019-6311-7419-633-93a773","Automotive Lighting","BMW F30LCI LED Headlight Assembly 2016-2019 (6311 7419 633)","6311 7419 633 / 6311 7419 634","yes","indexable: product has a usable catalog image and distinguishing product data"
"bmw-f30lci-bmw-f30lci-led-headlight-assembly-2016-2019-6311-8492-473-6cf007","https://www.cowinmotors.com/product/bmw-f30lci-bmw-f30lci-led-headlight-assembly-2016-2019-6311-8492-473-6cf007","Automotive Lighting","BMW F30LCI LED Headlight Assembly 2016-2019 (6311 8492 473)","6311 8492 473 / 6311 8492 474","yes","indexable: product has a usable catalog image and distinguishing product data"
"bmw-f30lci-bmw-f30lci-halogen-headlight-assembly-2016-2019-6311-7365-595-f9c356","https://www.cowinmotors.com/product/bmw-f30lci-bmw-f30lci-halogen-headlight-assembly-2016-2019-6311-7365-595-f9c356","Automotive Lighting","BMW F30LCI halogen Headlight Assembly 2016-2019 (6311 7365 595)","6311 7365 595 / 6311 7365 596","yes","indexable: product has a usable catalog image and distinguishing product data"
"bmw-f32-bmw-f32-headlight-assembly-2013-2020-sjc-5b9de5","https://www.cowinmotors.com/product/bmw-f32-bmw-f32-headlight-assembly-2013-2020-sjc-5b9de5","Automotive Lighting","BMW F32 Headlight Assembly 2013-2020 (SJC)","SJC","yes","indexable: product has a usable catalog image and distinguishing product data"
"bmw-f32-bmw-f32-led-headlight-assembly-2013-2019-99b0a0","https://www.cowinmotors.com/product/bmw-f32-bmw-f32-led-headlight-assembly-2013-2019-99b0a0","Automotive Lighting","BMW F32 LED Headlight Assembly 2013-2019","","yes","indexable: product has a usable catalog image and distinguishing product data"
"bmw-f32-bmw-f32-plug-and-play-upgrade-headlight-assembly-2013-2016-sjc-ff2cd0","https://www.cowinmotors.com/product/bmw-f32-bmw-f32-plug-and-play-upgrade-headlight-assembly-2013-2016-sjc-ff2cd0","Automotive Lighting","BMW F32 plug-and-play upgrade Headlight Assembly 2013-2016 (SJC)","SJC","yes","indexable: product has a usable catalog image and distinguishing product data"
"bmw-f32-f82-bmw-f32-f82-led-headlight-assembly-2016-2019-6311-7478-151-e9f5b8","https://www.cowinmotors.com/product/bmw-f32-f82-bmw-f32-f82-led-headlight-assembly-2016-2019-6311-7478-151-e9f5b8","Automotive Lighting","BMW F32/F82 LED Headlight Assembly 2016-2019 (6311 7478 151)","6311 7478 151 / 6311 7478 152","yes","indexable: product has a usable catalog image and distinguishing product data"
"bmw-f32-f82-bmw-f32-f82-xenon-headlight-assembly-2013-2016-6311-7377-843-447f8a","https://www.cowinmotors.com/product/bmw-f32-f82-bmw-f32-f82-xenon-headlight-assembly-2013-2016-6311-7377-843-447f8a","Automotive Lighting","BMW F32/F82 xenon Headlight Assembly 2013-2016 (6311 7377 843)","6311 7377 843 / 6311 7377 844","yes","indexable: product has a usable catalog image and distinguishing product data"
"bmw-f35-bmw-f35-drl-headlight-assembly-2013-2018-548591","https://www.cowinmotors.com/product/bmw-f35-bmw-f35-drl-headlight-assembly-2013-2018-548591","Automotive Lighting","BMW F35 DRL Headlight Assembly 2013-2018","","yes","indexable: product has a usable catalog image and distinguishing product data"
"bmw-f35-bmw-f35-facelift-conversion-headlight-assembly-2013-2018-5e6ad5","https://www.cowinmotors.com/product/bmw-f35-bmw-f35-facelift-conversion-headlight-assembly-2013-2018-5e6ad5","Automotive Lighting","BMW F35 facelift conversion Headlight Assembly 2013-2018","","yes","indexable: product has a usable catalog image and distinguishing product data"
"bmw-f35-bmw-f35-xenon-headlight-assembly-2013-2015-6311-7339-389-8218a8","https://www.cowinmotors.com/product/bmw-f35-bmw-f35-xenon-headlight-assembly-2013-2015-6311-7339-389-8218a8","Automotive Lighting","BMW F35 xenon Headlight Assembly 2013-2015 (6311 7339 389)","6311 7339 389 / 6311 7339 390","yes","indexable: product has a usable catalog image and distinguishing product data"
"bmw-f39-bmw-f39-led-headlight-assembly-19-6311-7489-229-bfaeb5","https://www.cowinmotors.com/product/bmw-f39-bmw-f39-led-headlight-assembly-19-6311-7489-229-bfaeb5","Automotive Lighting","BMW F39 LED Headlight Assembly 19 (6311 7489 229)","6311 7489 229 / 6311 7489 230","yes","indexable: product has a usable catalog image and distinguishing product data"
"bmw-f46-bmw-f46-led-headlight-assembly-2014-2017-6311-7391-401-4cab29","https://www.cowinmotors.com/product/bmw-f46-bmw-f46-led-headlight-assembly-2014-2017-6311-7391-401-4cab29","Automotive Lighting","BMW F46 LED Headlight Assembly 2014-2017 (6311 7391 401)","6311 7391 401 / 6311 7391 402","yes","indexable: product has a usable catalog image and distinguishing product data"
"bmw-f46-bmw-f46-halogen-headlight-assembly-2014-2017-6311-7422-573-b4f2b2","https://www.cowinmotors.com/product/bmw-f46-bmw-f46-halogen-headlight-assembly-2014-2017-6311-7422-573-b4f2b2","Automotive Lighting","BMW F46 halogen Headlight Assembly 2014-2017 (6311 7422 573)","6311 7422 573 / 6311 7422 574","yes","indexable: product has a usable catalog image and distinguishing product data"
"bmw-f48-bmw-f48-headlight-assembly-2016-2019-sjc-ca4be0","https://www.cowinmotors.com/product/bmw-f48-bmw-f48-headlight-assembly-2016-2019-sjc-ca4be0","Automotive Lighting","BMW F48 Headlight Assembly 2016-2019 (SJC)","SJC","no","noindex: catalog record lacks a specific reference, side, material, size, color, or listed feature"
"bmw-f49-bmw-f49-led-headlight-assembly-2016-2019-6311-7428-735-e3f541","https://www.cowinmotors.com/product/bmw-f49-bmw-f49-led-headlight-assembly-2016-2019-6311-7428-735-e3f541","Automotive Lighting","BMW F49 LED Headlight Assembly 2016-2019 (6311 7428 735)","6311 7428 735 / 6311 7428 736","yes","indexable: product has a usable catalog image and distinguishing product data"
"bmw-f49-bmw-f49-led-headlight-assembly-2016-2019-6311-7436-461-1643f6","https://www.cowinmotors.com/product/bmw-f49-bmw-f49-led-headlight-assembly-2016-2019-6311-7436-461-1643f6","Automotive Lighting","BMW F49 LED Headlight Assembly 2016-2019 (6311 7436 461)","6311 7436 461 / 6311 7436 462","yes","indexable: product has a usable catalog image and distinguishing product data"
"bmw-f49-bmw-f49-led-headlight-assembly-2019-2021-6311-9477-811-665dd2","https://www.cowinmotors.com/product/bmw-f49-bmw-f49-led-headlight-assembly-2019-2021-6311-9477-811-665dd2","Automotive Lighting","BMW F49 LED Headlight Assembly 2019-2021 (6311 9477 811)","6311 9477 811 / 6311 9477 812","yes","indexable: product has a usable catalog image and distinguishing product data"
"bmw-f49-bmw-f49-halogen-headlight-assembly-2016-2019-6311-7403-907-05c0f5","https://www.cowinmotors.com/product/bmw-f49-bmw-f49-halogen-headlight-assembly-2016-2019-6311-7403-907-05c0f5","Automotive Lighting","BMW F49 halogen Headlight Assembly 2016-2019 (6311 7403 907)","6311 7403 907 / 6311 7403 908","yes","indexable: product has a usable catalog image and distinguishing product data"
"bmw-f52-bmw-f52-led-headlight-assembly-2017-2022-6311-7466-503-51e986","https://www.cowinmotors.com/product/bmw-f52-bmw-f52-led-headlight-assembly-2017-2022-6311-7466-503-51e986","Automotive Lighting","BMW F52 LED Headlight Assembly 2017-2022 (6311 7466 503)","6311 7466 503 / 6311 7466 504","yes","indexable: product has a usable catalog image and distinguishing product data"
"bmw-g05-bmw-g05-headlight-assembly-2019-2023-sjc-d63a3d","https://www.cowinmotors.com/product/bmw-g05-bmw-g05-headlight-assembly-2019-2023-sjc-d63a3d","Automotive Lighting","BMW G05 Headlight Assembly 2019-2023 (SJC)","SJC","no","noindex: catalog record lacks a specific reference, side, material, size, color, or listed feature"
"bmw-g05-bmw-g05-laser-headlight-assembly-2019-2022-6311-9481-817-a76ed0","https://www.cowinmotors.com/product/bmw-g05-bmw-g05-laser-headlight-assembly-2019-2022-6311-9481-817-a76ed0","Automotive Lighting","BMW G05 laser Headlight Assembly 2019-2022 (6311 9481 817)","6311 9481 817 / 6311 9481 818","yes","indexable: product has a usable catalog image and distinguishing product data"
"bmw-g08-bmw-g08-headlight-assembly-2018-2021-sjc-149c83","https://www.cowinmotors.com/product/bmw-g08-bmw-g08-headlight-assembly-2018-2021-sjc-149c83","Automotive Lighting","BMW G08 Headlight Assembly 2018-2021 (SJC)","SJC","no","noindex: catalog record lacks a specific reference, side, material, size, color, or listed feature"
"bmw-g08-bmw-g08-headlight-assembly-2022-2023-sjc-d8c28c","https://www.cowinmotors.com/product/bmw-g08-bmw-g08-headlight-assembly-2022-2023-sjc-d8c28c","Automotive Lighting","BMW G08 Headlight Assembly 2022-2023 (SJC)","SJC","no","noindex: catalog record lacks a specific reference, side, material, size, color, or listed feature"
"bmw-g08-g01-bmw-g08-g01-led-headlight-assembly-2018-2021-6311-7466-119-980ea3","https://www.cowinmotors.com/product/bmw-g08-g01-bmw-g08-g01-led-headlight-assembly-2018-2021-6311-7466-119-980ea3","Automotive Lighting","BMW G08/G01 LED Headlight Assembly 2018-2021 (6311 7466 119)","6311 7466 119 / 6311 7466 120","yes","indexable: product has a usable catalog image and distinguishing product data"
"bmw-g08-g01-bmw-g08-g01-led-headlight-assembly-2022-2024-6311-5a1f-b17-abb1b9","https://www.cowinmotors.com/product/bmw-g08-g01-bmw-g08-g01-led-headlight-assembly-2022-2024-6311-5a1f-b17-abb1b9","Automotive Lighting","BMW G08/G01 LED Headlight Assembly 2022-2024 (6311 5A1F B17)","6311 5A1F B17 / 6311 5A1F B18","yes","indexable: product has a usable catalog image and distinguishing product data"
"bmw-g12-bmw-g12-headlight-assembly-2015-2018-sjc-e8eb1d","https://www.cowinmotors.com/product/bmw-g12-bmw-g12-headlight-assembly-2015-2018-sjc-e8eb1d","Automotive Lighting","BMW G12 Headlight Assembly 2015-2018 (SJC)","SJC","no","noindex: catalog record lacks a specific reference, side, material, size, color, or listed feature"
"bmw-g12-g11-bmw-g12-g11-led-headlight-assembly-2016-2018-6311-7408-709-633722","https://www.cowinmotors.com/product/bmw-g12-g11-bmw-g12-g11-led-headlight-assembly-2016-2018-6311-7408-709-633722","Automotive Lighting","BMW G12/G11 LED Headlight Assembly 2016-2018 (6311 7408 709)","6311 7408 709 / 6311 7408 710","yes","indexable: product has a usable catalog image and distinguishing product data"
"bmw-g12-g11-bmw-g12-g11-led-headlight-assembly-2016-2018-6311-7408-719-9c394f","https://www.cowinmotors.com/product/bmw-g12-g11-bmw-g12-g11-led-headlight-assembly-2016-2018-6311-7408-719-9c394f","Automotive Lighting","BMW G12/G11 LED Headlight Assembly 2016-2018 (6311 7408 719)","6311 7408 719 / 6311 7408 720","yes","indexable: product has a usable catalog image and distinguishing product data"
"bmw-g12-g11-bmw-g12-g11-led-headlight-assembly-2019-2022-6311-7428-735-a37cb8","https://www.cowinmotors.com/product/bmw-g12-g11-bmw-g12-g11-led-headlight-assembly-2019-2022-6311-7428-735-a37cb8","Automotive Lighting","BMW G12/G11 LED Headlight Assembly 2019-2022 (6311 7428 735)","6311 7428 735 / 6311 7428 736","yes","indexable: product has a usable catalog image and distinguishing product data"
"bmw-g20-bmw-g20-drl-rs-style-headlight-assembly-2019-2022-sjc-f85882","https://www.cowinmotors.com/product/bmw-g20-bmw-g20-drl-rs-style-headlight-assembly-2019-2022-sjc-f85882","Automotive Lighting","BMW G20 DRL, RS style Headlight Assembly 2019-2022 (SJC)","SJC","yes","indexable: product has a usable catalog image and distinguishing product data"
"bmw-g20-bmw-g20-headlight-assembly-2019-2022-sjc-93e444","https://www.cowinmotors.com/product/bmw-g20-bmw-g20-headlight-assembly-2019-2022-sjc-93e444","Automotive Lighting","BMW G20 Headlight Assembly 2019-2022 (SJC)","SJC","no","noindex: catalog record lacks a specific reference, side, material, size, color, or listed feature"
"bmw-g20-bmw-g20-headlight-assembly-2023-2025-sjc-bc0161","https://www.cowinmotors.com/product/bmw-g20-bmw-g20-headlight-assembly-2023-2025-sjc-bc0161","Automotive Lighting","BMW G20 Headlight Assembly 2023-2025 (SJC)","SJC","no","noindex: catalog record lacks a specific reference, side, material, size, color, or listed feature"
"bmw-g20-bmw-g20-led-drl-headlight-assembly-2019-2025-2aa556","https://www.cowinmotors.com/product/bmw-g20-bmw-g20-led-drl-headlight-assembly-2019-2025-2aa556","Automotive Lighting","BMW G20 LED, DRL Headlight Assembly 2019-2025","","yes","indexable: product has a usable catalog image and distinguishing product data"
"bmw-g22-bmw-g22-automotive-lighting-2020-2023-sjc-a2bac0","https://www.cowinmotors.com/product/bmw-g22-bmw-g22-automotive-lighting-2020-2023-sjc-a2bac0","Automotive Lighting","BMW G22 Automotive Lighting 2020-2023 (SJC)","SJC","yes","indexable: product has a usable catalog image and distinguishing product data"
"bmw-g22-bmw-g22-headlight-assembly-2021-2024-sjc-f39e68","https://www.cowinmotors.com/product/bmw-g22-bmw-g22-headlight-assembly-2021-2024-sjc-f39e68","Automotive Lighting","BMW G22 Headlight Assembly 2021-2024 (SJC)","SJC","no","noindex: catalog record lacks a specific reference, side, material, size, color, or listed feature"
"bmw-g28-bmw-g28-led-headlight-upgrade-kit-g28-807056","https://www.cowinmotors.com/product/bmw-g28-bmw-g28-led-headlight-upgrade-kit-g28-807056","Automotive Lighting","BMW G28 LED Headlight Upgrade Kit G28","","yes","indexable: product has a usable catalog image and distinguishing product data"
"bmw-g28-bmw-g28-laser-headlight-assembly-2019-2022-3701bf","https://www.cowinmotors.com/product/bmw-g28-bmw-g28-laser-headlight-assembly-2019-2022-3701bf","Automotive Lighting","BMW G28 laser Headlight Assembly 2019-2022","","yes","indexable: product has a usable catalog image and distinguishing product data"
"bmw-g28-g20-bmw-g28-g20-led-headlight-assembly-2019-2022-6311-8496-161-c38f1d","https://www.cowinmotors.com/product/bmw-g28-g20-bmw-g28-g20-led-headlight-assembly-2019-2022-6311-8496-161-c38f1d","Automotive Lighting","BMW G28/G20 LED Headlight Assembly 2019-2022 (6311 8496 161)","6311 8496 161 / 6311 8496 162","yes","indexable: product has a usable catalog image and distinguishing product data"
"bmw-g28-g20-bmw-g28-g20-led-headlight-assembly-23-6311-9450-807-925be2","https://www.cowinmotors.com/product/bmw-g28-g20-bmw-g28-g20-led-headlight-assembly-23-6311-9450-807-925be2","Automotive Lighting","BMW G28/G20 LED Headlight Assembly 23 (6311 9450 807)","6311 9450 807 / 6311 9450 808","yes","indexable: product has a usable catalog image and distinguishing product data"
"bmw-g28-g20-bmw-g28-g20-xenon-headlight-assembly-2008-2010-6312-7177-751-8de0c7","https://www.cowinmotors.com/product/bmw-g28-g20-bmw-g28-g20-xenon-headlight-assembly-2008-2010-6312-7177-751-8de0c7","Automotive Lighting","BMW G28/G20 xenon Headlight Assembly 2008-2010 (6312 7177 751)","6312 7177 751 / 6312 7177 752","yes","indexable: product has a usable catalog image and distinguishing product data"
"bmw-g28-g20-bmw-g28-g20-xenon-headlight-assembly-2011-2013-6311-7271-907-7106c7","https://www.cowinmotors.com/product/bmw-g28-g20-bmw-g28-g20-xenon-headlight-assembly-2011-2013-6311-7271-907-7106c7","Automotive Lighting","BMW G28/G20 xenon Headlight Assembly 2011-2013 (6311 7271 907)","6311 7271 907 / 6311 7271 908","yes","indexable: product has a usable catalog image and distinguishing product data"
"bmw-g28-g20-bmw-g28-g20-xenon-headlight-assembly-2011-2013-6311-7271-911-00a00f","https://www.cowinmotors.com/product/bmw-g28-g20-bmw-g28-g20-xenon-headlight-assembly-2011-2013-6311-7271-911-00a00f","Automotive Lighting","BMW G28/G20 xenon Headlight Assembly 2011-2013 (6311 7271 911)","6311 7271 911 / 6311 7271 912","yes","indexable: product has a usable catalog image and distinguishing product data"
"bmw-g28-g20-bmw-g28-g20-xenon-headlight-assembly-2014-2016-6311-7343-911-5122dd","https://www.cowinmotors.com/product/bmw-g28-g20-bmw-g28-g20-xenon-headlight-assembly-2014-2016-6311-7343-911-5122dd","Automotive Lighting","BMW G28/G20 xenon Headlight Assembly 2014-2016 (6311 7343 911)","6311 7343 911 / 6311 7343 912","yes","indexable: product has a usable catalog image and distinguishing product data"
"bmw-g30-bmw-g30-headlight-assembly-2018-2020-sjc-faa8f9","https://www.cowinmotors.com/product/bmw-g30-bmw-g30-headlight-assembly-2018-2020-sjc-faa8f9","Automotive Lighting","BMW G30 Headlight Assembly 2018-2020 (SJC)","SJC","no","noindex: catalog record lacks a specific reference, side, material, size, color, or listed feature"
"bmw-g30-bmw-g30-headlight-assembly-2018-2022-sjc-c9dd59","https://www.cowinmotors.com/product/bmw-g30-bmw-g30-headlight-assembly-2018-2022-sjc-c9dd59","Automotive Lighting","BMW G30 Headlight Assembly 2018-2022 (SJC)","SJC","yes","indexable: product has a usable catalog image and distinguishing product data"
"bmw-g30-bmw-g30-headlight-assembly-2021-2023-sjc-9cdf6a","https://www.cowinmotors.com/product/bmw-g30-bmw-g30-headlight-assembly-2021-2023-sjc-9cdf6a","Automotive Lighting","BMW G30 Headlight Assembly 2021-2023 (SJC)","SJC","no","noindex: catalog record lacks a specific reference, side, material, size, color, or listed feature"
"bmw-g30-bmw-g30-led-drl-projector-lens-headlight-assembly-2018-2023-62ea2f","https://www.cowinmotors.com/product/bmw-g30-bmw-g30-led-drl-projector-lens-headlight-assembly-2018-2023-62ea2f","Automotive Lighting","BMW G30 LED, DRL, projector lens Headlight Assembly 2018-2023","","yes","indexable: product has a usable catalog image and distinguishing product data"
"bmw-g30-bmw-g30-plug-and-play-upgrade-headlight-assembly-2018-2020-sjc-c17d5a","https://www.cowinmotors.com/product/bmw-g30-bmw-g30-plug-and-play-upgrade-headlight-assembly-2018-2020-sjc-c17d5a","Automotive Lighting","BMW G30 plug-and-play upgrade Headlight Assembly 2018-2020 (SJC)","SJC","yes","indexable: product has a usable catalog image and distinguishing product data"
"bmw-g32-bmw-g32-xenon-headlight-assembly-2018-2020-6311-7461-877-a41a07","https://www.cowinmotors.com/product/bmw-g32-bmw-g32-xenon-headlight-assembly-2018-2020-6311-7461-877-a41a07","Automotive Lighting","BMW G32 xenon Headlight Assembly 2018-2020 (6311 7461 877)","6311 7461 877 / 6311 7461 878","yes","indexable: product has a usable catalog image and distinguishing product data"
"bmw-g38-g30-bmw-g38-g30-led-headlight-assembly-2017-2020-6311-7214-961-eb2f1e","https://www.cowinmotors.com/product/bmw-g38-g30-bmw-g38-g30-led-headlight-assembly-2017-2020-6311-7214-961-eb2f1e","Automotive Lighting","BMW G38/G30 LED Headlight Assembly 2017-2020 (6311 7214 961)","6311 7214 961 / 6311 7214 962","yes","indexable: product has a usable catalog image and distinguishing product data"
"bmw-g38-g30-bmw-g38-g30-led-headlight-assembly-2017-2020-6311-7458-883-42d1de","https://www.cowinmotors.com/product/bmw-g38-g30-bmw-g38-g30-led-headlight-assembly-2017-2020-6311-7458-883-42d1de","Automotive Lighting","BMW G38/G30 LED Headlight Assembly 2017-2020 (6311 7458 883)","6311 7458 883 / 6311 7458 884","yes","indexable: product has a usable catalog image and distinguishing product data"
"bmw-g38-g30-bmw-g38-g30-led-headlight-assembly-2021-2023-6311-9479-273-465930","https://www.cowinmotors.com/product/bmw-g38-g30-bmw-g38-g30-led-headlight-assembly-2021-2023-6311-9479-273-465930","Automotive Lighting","BMW G38/G30 LED Headlight Assembly 2021-2023 (6311 9479 273)","6311 9479 273 / 6311 9479 274","yes","indexable: product has a usable catalog image and distinguishing product data"
"bmw-g42-bmw-g42-headlight-assembly-sjc-852bd7","https://www.cowinmotors.com/product/bmw-g42-bmw-g42-headlight-assembly-sjc-852bd7","Automotive Lighting","BMW G42 Headlight Assembly (SJC)","SJC","no","noindex: catalog record lacks a specific reference, side, material, size, color, or listed feature"
"bmw-mini-14-21-f56f55led-bmw-mini-14-21-f56f55led-led-sequential-turn-signal-drl-headlight","https://www.cowinmotors.com/product/bmw-mini-14-21-f56f55led-bmw-mini-14-21-f56f55led-led-sequential-turn-signal-drl-headlight","Automotive Lighting","BMW MINI 14-21 F56F55LED LED, sequential turn signal, DRL Headlight Assembly 2014-2021","","yes","indexable: product has a usable catalog image and distinguishing product data"
"bmw-minir56-07-13-r56r57r58r59led-bmw-minir56-07-13-r56r57r58r59led-led-drl-projector-lens","https://www.cowinmotors.com/product/bmw-minir56-07-13-r56r57r58r59led-bmw-minir56-07-13-r56r57r58r59led-led-drl-projector-lens","Automotive Lighting","BMW MINIR56 07-13 R56R57R58R59LED LED, DRL, projector lens Headlight Assembly 2007-2013","","yes","indexable: product has a usable catalog image and distinguishing product data"
"bmw-x1-16-19-f48f49-led-bmw-x1-16-19-f48f49-led-led-sequential-turn-signal-drl-headlight-a","https://www.cowinmotors.com/product/bmw-x1-16-19-f48f49-led-bmw-x1-16-19-f48f49-led-led-sequential-turn-signal-drl-headlight-a","Automotive Lighting","BMW X1 16-19 F48F49 LED LED, sequential turn signal, DRL Headlight Assembly 2016-2019","","yes","indexable: product has a usable catalog image and distinguishing product data"
"bmw-x1-16-19-f49-16-19-led-f49-bmw-x1-16-19-f49-16-19-led-f49-led-halogen-plug-and-play-up","https://www.cowinmotors.com/product/bmw-x1-16-19-f49-16-19-led-f49-bmw-x1-16-19-f49-16-19-led-f49-led-halogen-plug-and-play-up","Automotive Lighting","BMW X1 16-19 F49 / 16-19 LED F49 LED, halogen, plug-and-play upgrade Headlight Upgrade Kit F49","","yes","indexable: product has a usable catalog image and distinguishing product data"
"bmw-x1-16-19-f49-led-bmw-x1-16-19-f49-led-led-drl-headlight-assembly-2016-2019-1d0603","https://www.cowinmotors.com/product/bmw-x1-16-19-f49-led-bmw-x1-16-19-f49-led-led-drl-headlight-assembly-2016-2019-1d0603","Automotive Lighting","BMW X1 16-19 F49 LED LED, DRL Headlight Assembly 2016-2019","","yes","indexable: product has a usable catalog image and distinguishing product data"
"bmw-x1-16-23-f49-f48-led-bmw-x1-16-23-f49-f48-led-led-drl-headlight-assembly-2016-2023-562","https://www.cowinmotors.com/product/bmw-x1-16-23-f49-f48-led-bmw-x1-16-23-f49-f48-led-led-drl-headlight-assembly-2016-2023-562","Automotive Lighting","BMW X1 16-23 F49 F48 LED LED, DRL Headlight Assembly 2016-2023","","yes","indexable: product has a usable catalog image and distinguishing product data"
"bmw-x3-10-17-f25f26-led-bmw-x3-10-17-f25f26-led-led-drl-headlight-assembly-2010-2017-0575b","https://www.cowinmotors.com/product/bmw-x3-10-17-f25f26-led-bmw-x3-10-17-f25f26-led-led-drl-headlight-assembly-2010-2017-0575b","Automotive Lighting","BMW X3 10-17 f25f26 LED LED, DRL Headlight Assembly 2010-2017","","yes","indexable: product has a usable catalog image and distinguishing product data"
"bmw-x3-11-13-f25-led-f25-bmw-x3-11-13-f25-led-f25-led-xenon-headlight-upgrade-kit-f25-e22c","https://www.cowinmotors.com/product/bmw-x3-11-13-f25-led-f25-bmw-x3-11-13-f25-led-f25-led-xenon-headlight-upgrade-kit-f25-e22c","Automotive Lighting","BMW X3 11-13 F25 / LED F25 LED, xenon Headlight Upgrade Kit F25","","yes","indexable: product has a usable catalog image and distinguishing product data"
"bmw-x3-14-16-f25-led-f25-bmw-x3-14-16-f25-led-f25-led-xenon-plug-and-play-upgrade-headligh","https://www.cowinmotors.com/product/bmw-x3-14-16-f25-led-f25-bmw-x3-14-16-f25-led-f25-led-xenon-plug-and-play-upgrade-headligh","Automotive Lighting","BMW X3 14-16 F25 / LED F25 LED, xenon, plug-and-play upgrade Headlight Upgrade Kit F25","","yes","indexable: product has a usable catalog image and distinguishing product data"
"bmw-x3-18-21-g01-g08-led-bmw-x3-18-21-g01-g08-led-led-projector-lens-smoked-housing-headli","https://www.cowinmotors.com/product/bmw-x3-18-21-g01-g08-led-bmw-x3-18-21-g01-g08-led-led-projector-lens-smoked-housing-headli","Automotive Lighting","BMW X3 18-21 G01 G08 LED LED, projector lens, smoked housing Headlight Assembly 2018-2021","","yes","indexable: product has a usable catalog image and distinguishing product data"
"bmw-x3-18-22-g05-led-bmw-x3-18-22-g05-led-led-drl-projector-lens-headlight-assembly-2018-2","https://www.cowinmotors.com/product/bmw-x3-18-22-g05-led-bmw-x3-18-22-g05-led-led-drl-projector-lens-headlight-assembly-2018-2","Automotive Lighting","BMW X3 18-22 G05 LED LED, DRL, projector lens Headlight Assembly 2018-2022","","yes","indexable: product has a usable catalog image and distinguishing product data"
"bmw-x3f25-10-13-led-bmw-x3f25-10-13-led-led-projector-lens-headlight-assembly-2010-2013-9e","https://www.cowinmotors.com/product/bmw-x3f25-10-13-led-bmw-x3f25-10-13-led-led-projector-lens-headlight-assembly-2010-2013-9e","Automotive Lighting","BMW X3F25 10-13 LED LED, projector lens Headlight Assembly 2010-2013","","yes","indexable: product has a usable catalog image and distinguishing product data"
"bmw-x5-07-13-e70-led-led-bmw-x5-07-13-e70-led-led-led-drl-projector-lens-headlight-assembl","https://www.cowinmotors.com/product/bmw-x5-07-13-e70-led-led-bmw-x5-07-13-e70-led-led-led-drl-projector-lens-headlight-assembl","Automotive Lighting","BMW X5 07-13 E70 LED LED LED, DRL, projector lens Headlight Assembly 2007-2013","","yes","indexable: product has a usable catalog image and distinguishing product data"
"bmw-x5-14-18-f15-23-led-bmw-x5-14-18-f15-23-led-led-drl-projector-lens-headlight-assembly-","https://www.cowinmotors.com/product/bmw-x5-14-18-f15-23-led-bmw-x5-14-18-f15-23-led-led-drl-projector-lens-headlight-assembly-","Automotive Lighting","BMW X5 14-18 F15 23 LED LED, DRL, projector lens Headlight Assembly 2014-2018","","yes","indexable: product has a usable catalog image and distinguishing product data"
"bmw-x5-19-22-g05-led-bmw-x5-19-22-g05-led-led-laser-drl-headlight-assembly-2019-2022-03c69","https://www.cowinmotors.com/product/bmw-x5-19-22-g05-led-bmw-x5-19-22-g05-led-led-laser-drl-headlight-assembly-2019-2022-03c69","Automotive Lighting","BMW X5 19-22 G05 LED LED, laser, DRL Headlight Assembly 2019-2022","","yes","indexable: product has a usable catalog image and distinguishing product data"
"bmw-x5e70-bmw-x5e70-headlight-assembly-2007-2013-sjc-998fce","https://www.cowinmotors.com/product/bmw-x5e70-bmw-x5e70-headlight-assembly-2007-2013-sjc-998fce","Automotive Lighting","BMW X5E70 Headlight Assembly 2007-2013 (SJC)","SJC","no","noindex: catalog record lacks a specific reference, side, material, size, color, or listed feature"
"bmw-z4-bmw-z4-headlight-assembly-sjc-c7e9b5","https://www.cowinmotors.com/product/bmw-z4-bmw-z4-headlight-assembly-sjc-c7e9b5","Automotive Lighting","BMW Z4 Headlight Assembly (SJC)","SJC","yes","indexable: product has a usable catalog image and distinguishing product data"
"bmw-z4-bmw-z4-headlight-assembly-2009-2016-sjc-3c5d9e","https://www.cowinmotors.com/product/bmw-z4-bmw-z4-headlight-assembly-2009-2016-sjc-3c5d9e","Automotive Lighting","BMW Z4 Headlight Assembly 2009-2016 (SJC)","SJC","no","noindex: catalog record lacks a specific reference, side, material, size, color, or listed feature"
"mercedes-benz-mercedes-benz-headlight-upgrade-kit-395eb2","https://www.cowinmotors.com/product/mercedes-benz-mercedes-benz-headlight-upgrade-kit-395eb2","Automotive Lighting","Mercedes-Benz Headlight Upgrade Kit","","no","noindex: catalog record lacks a specific reference, side, material, size, color, or listed feature"
"mercedes-benz-mercedes-benz-headlight-upgrade-kit-c585b0","https://www.cowinmotors.com/product/mercedes-benz-mercedes-benz-headlight-upgrade-kit-c585b0","Automotive Lighting","Mercedes-Benz Headlight Upgrade Kit","","no","noindex: catalog record lacks a specific reference, side, material, size, color, or listed feature"
"mercedes-benz-06-08-221-mercedes-benz-06-08-221-headlight-upgrade-kit-2006-2008-221-cb777e","https://www.cowinmotors.com/product/mercedes-benz-06-08-221-mercedes-benz-06-08-221-headlight-upgrade-kit-2006-2008-221-cb777e","Automotive Lighting","Mercedes-Benz 06-08 221 Headlight Upgrade Kit 2006-2008","221","yes","indexable: product has a usable catalog image and distinguishing product data"
"mercedes-benz-06-09-221-mercedes-benz-06-09-221-headlight-upgrade-kit-2006-2009-221-4c5abc","https://www.cowinmotors.com/product/mercedes-benz-06-09-221-mercedes-benz-06-09-221-headlight-upgrade-kit-2006-2009-221-4c5abc","Automotive Lighting","Mercedes-Benz 06-09 221 Headlight Upgrade Kit 2006-2009","221","yes","indexable: product has a usable catalog image and distinguishing product data"
"mercedes-benz-09-13-221-mercedes-benz-09-13-221-headlight-upgrade-kit-2009-2013-221-b52aa8","https://www.cowinmotors.com/product/mercedes-benz-09-13-221-mercedes-benz-09-13-221-headlight-upgrade-kit-2009-2013-221-b52aa8","Automotive Lighting","Mercedes-Benz 09-13 221 Headlight Upgrade Kit 2009-2013","221","yes","indexable: product has a usable catalog image and distinguishing product data"
"mercedes-benz-117-mercedes-benz-117-headlight-upgrade-kit-117-912fe8","https://www.cowinmotors.com/product/mercedes-benz-117-mercedes-benz-117-headlight-upgrade-kit-117-912fe8","Automotive Lighting","Mercedes-Benz 117 Headlight Upgrade Kit","117","no","noindex: another catalog record has the same public title and reference"
"mercedes-benz-117-mercedes-benz-117-headlight-upgrade-kit-117-26a6cd","https://www.cowinmotors.com/product/mercedes-benz-117-mercedes-benz-117-headlight-upgrade-kit-117-26a6cd","Automotive Lighting","Mercedes-Benz 117 Headlight Upgrade Kit","117","no","noindex: another catalog record has the same public title and reference"
"mercedes-benz-118-1189064100-3900-mercedes-benz-118-1189064100-3900-headlight-assembly-118","https://www.cowinmotors.com/product/mercedes-benz-118-1189064100-3900-mercedes-benz-118-1189064100-3900-headlight-assembly-118","Automotive Lighting","Mercedes-Benz 118 1189064100/3900 Headlight Assembly 118 (1189064100/3900)","1189064100/3900","yes","indexable: product has a usable catalog image and distinguishing product data"
"mercedes-benz-14-15-212-mercedes-benz-14-15-212-headlight-upgrade-kit-2014-2015-212-3fd300","https://www.cowinmotors.com/product/mercedes-benz-14-15-212-mercedes-benz-14-15-212-headlight-upgrade-kit-2014-2015-212-3fd300","Automotive Lighting","Mercedes-Benz 14-15 212 Headlight Upgrade Kit 2014-2015","212","yes","indexable: product has a usable catalog image and distinguishing product data"
"mercedes-benz-14-17-222-223-mercedes-benz-14-17-222-223-headlight-upgrade-kit-2014-2017-22","https://www.cowinmotors.com/product/mercedes-benz-14-17-222-223-mercedes-benz-14-17-222-223-headlight-upgrade-kit-2014-2017-22","Automotive Lighting","Mercedes-Benz 14-17 222 223 Headlight Upgrade Kit 2014-2017","222 223","yes","indexable: product has a usable catalog image and distinguishing product data"
"mercedes-benz-15-17-156-mercedes-benz-15-17-156-headlight-upgrade-kit-2015-2017-156-e1023c","https://www.cowinmotors.com/product/mercedes-benz-15-17-156-mercedes-benz-15-17-156-headlight-upgrade-kit-2015-2017-156-e1023c","Automotive Lighting","Mercedes-Benz 15-17 156 Headlight Upgrade Kit 2015-2017","156","no","noindex: another catalog record has the same public title and reference"
"mercedes-benz-15-17-156-mercedes-benz-15-17-156-headlight-upgrade-kit-2015-2017-156-e5a09f","https://www.cowinmotors.com/product/mercedes-benz-15-17-156-mercedes-benz-15-17-156-headlight-upgrade-kit-2015-2017-156-e5a09f","Automotive Lighting","Mercedes-Benz 15-17 156 Headlight Upgrade Kit 2015-2017","156","no","noindex: another catalog record has the same public title and reference"
"mercedes-benz-15-18-205-mercedes-benz-15-18-205-headlight-upgrade-kit-2015-2018-205-ac94b6","https://www.cowinmotors.com/product/mercedes-benz-15-18-205-mercedes-benz-15-18-205-headlight-upgrade-kit-2015-2018-205-ac94b6","Automotive Lighting","Mercedes-Benz 15-18 205 Headlight Upgrade Kit 2015-2018","205","yes","indexable: product has a usable catalog image and distinguishing product data"
"mercedes-benz-16-19-213-mercedes-benz-16-19-213-headlight-upgrade-kit-2016-2019-213-946082","https://www.cowinmotors.com/product/mercedes-benz-16-19-213-mercedes-benz-16-19-213-headlight-upgrade-kit-2016-2019-213-946082","Automotive Lighting","Mercedes-Benz 16-19 213 Headlight Upgrade Kit 2016-2019","213","yes","indexable: product has a usable catalog image and distinguishing product data"
"mercedes-benz-16-23-vito-led-mercedes-benz-16-23-vito-led-led-drl-projector-lens-headlight","https://www.cowinmotors.com/product/mercedes-benz-16-23-vito-led-mercedes-benz-16-23-vito-led-led-drl-projector-lens-headlight","Automotive Lighting","Mercedes-Benz 16-23 VITO LED LED, DRL, projector lens Headlight Assembly 2016-2023","","yes","indexable: product has a usable catalog image and distinguishing product data"
"mercedes-benz-18-25-sprinter-led-mercedes-benz-18-25-sprinter-led-led-drl-headlight-assemb","https://www.cowinmotors.com/product/mercedes-benz-18-25-sprinter-led-mercedes-benz-18-25-sprinter-led-led-drl-headlight-assemb","Automotive Lighting","Mercedes-Benz 18-25 Sprinter LED LED, DRL Headlight Assembly 2018-2025","","yes","indexable: product has a usable catalog image and distinguishing product data"
"mercedes-benz-19-205-mercedes-benz-19-205-headlight-upgrade-kit-19-205-ab5b6d","https://www.cowinmotors.com/product/mercedes-benz-19-205-mercedes-benz-19-205-headlight-upgrade-kit-19-205-ab5b6d","Automotive Lighting","Mercedes-Benz 19 205 Headlight Upgrade Kit 19","205","yes","indexable: product has a usable catalog image and distinguishing product data"
"mercedes-benz-204-3-mercedes-benz-204-3-headlight-upgrade-kit-204-3-dad387","https://www.cowinmotors.com/product/mercedes-benz-204-3-mercedes-benz-204-3-headlight-upgrade-kit-204-3-dad387","Automotive Lighting","Mercedes-Benz 204 /3 Headlight Upgrade Kit","204 /3","yes","indexable: product has a usable catalog image and distinguishing product data"
"mercedes-benz-204-2048204959-mercedes-benz-204-2048204959-headlight-assembly-204-204820495","https://www.cowinmotors.com/product/mercedes-benz-204-2048204959-mercedes-benz-204-2048204959-headlight-assembly-204-204820495","Automotive Lighting","Mercedes-Benz 204 2048204959 Headlight Assembly 204 (2048204959)","2048204959","yes","indexable: product has a usable catalog image and distinguishing product data"
"mercedes-benz-205-205-906-6802-mercedes-benz-205-205-906-6802-headlight-assembly-205-205-9","https://www.cowinmotors.com/product/mercedes-benz-205-205-906-6802-mercedes-benz-205-205-906-6802-headlight-assembly-205-205-9","Automotive Lighting","Mercedes-Benz 205 205 906 6802 Headlight Assembly 205 (205 906 6802)","205 906 6802","yes","indexable: product has a usable catalog image and distinguishing product data"
"mercedes-benz-206-206-906-0903-mercedes-benz-206-206-906-0903-headlight-assembly-206-206-9","https://www.cowinmotors.com/product/mercedes-benz-206-206-906-0903-mercedes-benz-206-206-906-0903-headlight-assembly-206-206-9","Automotive Lighting","Mercedes-Benz 206 206 906 0903 Headlight Assembly 206 (206 906 0903)","206 906 0903","yes","indexable: product has a usable catalog image and distinguishing product data"
"mercedes-benz-212-2128202339-mercedes-benz-212-2128202339-headlight-assembly-212-212820233","https://www.cowinmotors.com/product/mercedes-benz-212-2128202339-mercedes-benz-212-2128202339-headlight-assembly-212-212820233","Automotive Lighting","Mercedes-Benz 212 2128202339 Headlight Assembly 212 (2128202339)","2128202339","yes","indexable: product has a usable catalog image and distinguishing product data"
"mercedes-benz-212-213-mercedes-benz-212-213-headlight-upgrade-kit-212-213-7db498","https://www.cowinmotors.com/product/mercedes-benz-212-213-mercedes-benz-212-213-headlight-upgrade-kit-212-213-7db498","Automotive Lighting","Mercedes-Benz 212 213 Headlight Upgrade Kit","212 213","yes","indexable: product has a usable catalog image and distinguishing product data"
"mercedes-benz-213-mercedes-benz-213-headlight-upgrade-kit-213-874bdb","https://www.cowinmotors.com/product/mercedes-benz-213-mercedes-benz-213-headlight-upgrade-kit-213-874bdb","Automotive Lighting","Mercedes-Benz 213 Headlight Upgrade Kit","213","no","noindex: another catalog record has the same public title and reference"
"mercedes-benz-213-mercedes-benz-213-headlight-upgrade-kit-213-1f599e","https://www.cowinmotors.com/product/mercedes-benz-213-mercedes-benz-213-headlight-upgrade-kit-213-1f599e","Automotive Lighting","Mercedes-Benz 213 Headlight Upgrade Kit","213","no","noindex: another catalog record has the same public title and reference"
"mercedes-benz-213-2139067008-mercedes-benz-213-2139067008-headlight-assembly-213-213906700","https://www.cowinmotors.com/product/mercedes-benz-213-2139067008-mercedes-benz-213-2139067008-headlight-assembly-213-213906700","Automotive Lighting","Mercedes-Benz 213 2139067008 Headlight Assembly 213 (2139067008)","2139067008","yes","indexable: product has a usable catalog image and distinguishing product data"
"mercedes-benz-214-214-906-2900-mercedes-benz-214-214-906-2900-headlight-assembly-214-214-9","https://www.cowinmotors.com/product/mercedes-benz-214-214-906-2900-mercedes-benz-214-214-906-2900-headlight-assembly-214-214-9","Automotive Lighting","Mercedes-Benz 214 214 906 2900 Headlight Assembly 214 (214 906 2900)","214 906 2900","yes","indexable: product has a usable catalog image and distinguishing product data"
"mercedes-benz-221-223-mercedes-benz-221-223-headlight-upgrade-kit-221-223-ed2413","https://www.cowinmotors.com/product/mercedes-benz-221-223-mercedes-benz-221-223-headlight-upgrade-kit-221-223-ed2413","Automotive Lighting","Mercedes-Benz 221 223 Headlight Upgrade Kit","221 223","yes","indexable: product has a usable catalog image and distinguishing product data"
"mercedes-benz-222-mercedes-benz-222-headlight-upgrade-kit-222-d33136","https://www.cowinmotors.com/product/mercedes-benz-222-mercedes-benz-222-headlight-upgrade-kit-222-d33136","Automotive Lighting","Mercedes-Benz 222 Headlight Upgrade Kit","222","yes","indexable: product has a usable catalog image and distinguishing product data"
"mercedes-benz-223-2239068503-mercedes-benz-223-2239068503-headlight-assembly-223-223906850","https://www.cowinmotors.com/product/mercedes-benz-223-2239068503-mercedes-benz-223-2239068503-headlight-assembly-223-223906850","Automotive Lighting","Mercedes-Benz 223 2239068503 Headlight Assembly 223 (2239068503)","2239068503","yes","indexable: product has a usable catalog image and distinguishing product data"
"mercedes-benz-251-mercedes-benz-251-headlight-upgrade-kit-251-78835b","https://www.cowinmotors.com/product/mercedes-benz-251-mercedes-benz-251-headlight-upgrade-kit-251-78835b","Automotive Lighting","Mercedes-Benz 251 Headlight Upgrade Kit","251","yes","indexable: product has a usable catalog image and distinguishing product data"
"mercedes-benz-253-mercedes-benz-253-headlight-upgrade-kit-253-298560","https://www.cowinmotors.com/product/mercedes-benz-253-mercedes-benz-253-headlight-upgrade-kit-253-298560","Automotive Lighting","Mercedes-Benz 253 Headlight Upgrade Kit","253","no","noindex: another catalog record has the same public title and reference"
"mercedes-benz-253-mercedes-benz-253-headlight-upgrade-kit-253-5f39db","https://www.cowinmotors.com/product/mercedes-benz-253-mercedes-benz-253-headlight-upgrade-kit-253-5f39db","Automotive Lighting","Mercedes-Benz 253 Headlight Upgrade Kit","253","no","noindex: another catalog record has the same public title and reference"
"mercedes-benz-253-2539068701-mercedes-benz-253-2539068701-headlight-assembly-253-253906870","https://www.cowinmotors.com/product/mercedes-benz-253-2539068701-mercedes-benz-253-2539068701-headlight-assembly-253-253906870","Automotive Lighting","Mercedes-Benz 253 2539068701 Headlight Assembly 253 (2539068701)","2539068701","yes","indexable: product has a usable catalog image and distinguishing product data"
"mercedes-benz-254-2549062200-mercedes-benz-254-2549062200-headlight-assembly-254-254906220","https://www.cowinmotors.com/product/mercedes-benz-254-2549062200-mercedes-benz-254-2549062200-headlight-assembly-254-254906220","Automotive Lighting","Mercedes-Benz 254 2549062200 Headlight Assembly 254 (2549062200)","2549062200","yes","indexable: product has a usable catalog image and distinguishing product data"
"mercedes-benz-260-mercedes-benz-260-headlight-upgrade-kit-260-83b1b0","https://www.cowinmotors.com/product/mercedes-benz-260-mercedes-benz-260-headlight-upgrade-kit-260-83b1b0","Automotive Lighting","Mercedes-Benz 260 Headlight Upgrade Kit","260","yes","indexable: product has a usable catalog image and distinguishing product data"
"mercedes-benz-a-177-2020-177-906-5103-mercedes-benz-a-177-2020-177-906-5103-headlight-asse","https://www.cowinmotors.com/product/mercedes-benz-a-177-2020-177-906-5103-mercedes-benz-a-177-2020-177-906-5103-headlight-asse","Automotive Lighting","Mercedes-Benz A 177 / 2020 177 906 5103 Headlight Assembly A 177 / 2020 (177 906 5103)","177 906 5103","yes","indexable: product has a usable catalog image and distinguishing product data"
"mercedes-benz-c-205-2015-2018-205-906-1561-mercedes-benz-c-205-2015-2018-205-906-1561-head","https://www.cowinmotors.com/product/mercedes-benz-c-205-2015-2018-205-906-1561-mercedes-benz-c-205-2015-2018-205-906-1561-head","Automotive Lighting","Mercedes-Benz C 205 / 2015-2018 205 906 1561 Headlight Assembly C 205 / 2015-2018 (205 906 1561)","205 906 1561","yes","indexable: product has a usable catalog image and distinguishing product data"
"mercedes-benz-c-205-5-7-2019-2021-205-906-6004-mercedes-benz-c-205-5-7-2019-2021-205-906-6","https://www.cowinmotors.com/product/mercedes-benz-c-205-5-7-2019-2021-205-906-6004-mercedes-benz-c-205-5-7-2019-2021-205-906-6","Automotive Lighting","Mercedes-Benz C 205 5/7 / 2019-2021 205 906 6004 Headlight Assembly C 205 5/7 / 2019-2021 (205 906 6004)","205 906 6004","yes","indexable: product has a usable catalog image and distinguishing product data"
"mercedes-benz-c-w204-07-10-led-mercedes-benz-c-w204-07-10-led-led-drl-projector-lens-headl","https://www.cowinmotors.com/product/mercedes-benz-c-w204-07-10-led-mercedes-benz-c-w204-07-10-led-led-drl-projector-lens-headl","Automotive Lighting","Mercedes-Benz C W204 07-10 LED LED, DRL, projector lens Headlight Assembly 2007-2010","","yes","indexable: product has a usable catalog image and distinguishing product data"
"mercedes-benz-cla-14-19-led-mercedes-benz-cla-14-19-led-led-drl-headlight-assembly-2014-20","https://www.cowinmotors.com/product/mercedes-benz-cla-14-19-led-mercedes-benz-cla-14-19-led-led-drl-headlight-assembly-2014-20","Automotive Lighting","Mercedes-Benz CLA 14-19 LED LED, DRL Headlight Assembly 2014-2019","","yes","indexable: product has a usable catalog image and distinguishing product data"
"mercedes-benz-cla117-mercedes-benz-cla117-headlight-assembly-cla117-2017-2019-117-820-7161","https://www.cowinmotors.com/product/mercedes-benz-cla117-mercedes-benz-cla117-headlight-assembly-cla117-2017-2019-117-820-7161","Automotive Lighting","Mercedes-Benz CLA117 Headlight Assembly CLA117 / 2017-2019 (117 820 7161)","117 820 7161","yes","indexable: product has a usable catalog image and distinguishing product data"
"mercedes-benz-cla117-2012-2016-117-906-5500-mercedes-benz-cla117-2012-2016-117-906-5500-he","https://www.cowinmotors.com/product/mercedes-benz-cla117-2012-2016-117-906-5500-mercedes-benz-cla117-2012-2016-117-906-5500-he","Automotive Lighting","Mercedes-Benz CLA117 / 2012-2016 117 906 5500 Headlight Assembly CLA117 / 2012-2016 (117 906 5500)","117 906 5500","yes","indexable: product has a usable catalog image and distinguishing product data"
"mercedes-benz-cla118-mercedes-benz-cla118-headlight-assembly-cla118-2020-2021-118-906-2800","https://www.cowinmotors.com/product/mercedes-benz-cla118-mercedes-benz-cla118-headlight-assembly-cla118-2020-2021-118-906-2800","Automotive Lighting","Mercedes-Benz CLA118 Headlight Assembly CLA118 / 2020-2021 (118 906 2800)","118 906 2800","yes","indexable: product has a usable catalog image and distinguishing product data"
"mercedes-benz-cls-18-23-led-mercedes-benz-cls-18-23-led-led-drl-projector-lens-headlight-a","https://www.cowinmotors.com/product/mercedes-benz-cls-18-23-led-mercedes-benz-cls-18-23-led-led-drl-projector-lens-headlight-a","Automotive Lighting","Mercedes-Benz CLS 18-23 LED LED, DRL, projector lens Headlight Assembly 2018-2023","","yes","indexable: product has a usable catalog image and distinguishing product data"
"mercedes-benz-cls260-mercedes-benz-cls260-led-headlight-assembly-2012-2017-60ef23","https://www.cowinmotors.com/product/mercedes-benz-cls260-mercedes-benz-cls260-led-headlight-assembly-2012-2017-60ef23","Automotive Lighting","Mercedes-Benz CLS260 LED Headlight Assembly 2012-2017","","yes","indexable: product has a usable catalog image and distinguishing product data"
"mercedes-benz-e-212-2014-2015-212-820-2139-mercedes-benz-e-212-2014-2015-212-820-2139-head","https://www.cowinmotors.com/product/mercedes-benz-e-212-2014-2015-212-820-2139-mercedes-benz-e-212-2014-2015-212-820-2139-head","Automotive Lighting","Mercedes-Benz E 212 / 2014-2015 212 820 2139 Headlight Assembly E 212 / 2014-2015 (212 820 2139)","212 820 2139","yes","indexable: product has a usable catalog image and distinguishing product data"
"mercedes-benz-e-212-2014-2015-212-820-2739-mercedes-benz-e-212-2014-2015-212-820-2739-head","https://www.cowinmotors.com/product/mercedes-benz-e-212-2014-2015-212-820-2739-mercedes-benz-e-212-2014-2015-212-820-2739-head","Automotive Lighting","Mercedes-Benz E 212 / 2014-2015 212 820 2739 Headlight Assembly E 212 / 2014-2015 (212 820 2739)","212 820 2739","yes","indexable: product has a usable catalog image and distinguishing product data"
"mercedes-benz-e-213-2017-2020-213-906-9303-mercedes-benz-e-213-2017-2020-213-906-9303-head","https://www.cowinmotors.com/product/mercedes-benz-e-213-2017-2020-213-906-9303-mercedes-benz-e-213-2017-2020-213-906-9303-head","Automotive Lighting","Mercedes-Benz E 213 / 2017-2020 213 906 9303 Headlight Assembly E 213 / 2017-2020 (213 906 9303)","213 906 9303","yes","indexable: product has a usable catalog image and distinguishing product data"
"mercedes-benz-e200-mercedes-benz-e200-headlight-assembly-2010-2016-99a39f","https://www.cowinmotors.com/product/mercedes-benz-e200-mercedes-benz-e200-headlight-assembly-2010-2016-99a39f","Automotive Lighting","Mercedes-Benz E200 Headlight Assembly 2010-2016","","no","noindex: catalog record lacks a specific reference, side, material, size, color, or listed feature"
"mercedes-benz-g-mercedes-benz-g-headlight-upgrade-kit-g-806c63","https://www.cowinmotors.com/product/mercedes-benz-g-mercedes-benz-g-headlight-upgrade-kit-g-806c63","Automotive Lighting","Mercedes-Benz G Headlight Upgrade Kit","G","yes","indexable: product has a usable catalog image and distinguishing product data"
"mercedes-benz-g-4639067302-mercedes-benz-g-4639067302-headlight-assembly-g-4639067302-55f3","https://www.cowinmotors.com/product/mercedes-benz-g-4639067302-mercedes-benz-g-4639067302-headlight-assembly-g-4639067302-55f3","Automotive Lighting","Mercedes-Benz G 4639067302 Headlight Assembly G (4639067302)","4639067302","yes","indexable: product has a usable catalog image and distinguishing product data"
"mercedes-benz-gl-gls-mercedes-benz-gl-gls-headlight-upgrade-kit-gl-gls-2a1730","https://www.cowinmotors.com/product/mercedes-benz-gl-gls-mercedes-benz-gl-gls-headlight-upgrade-kit-gl-gls-2a1730","Automotive Lighting","Mercedes-Benz GL GLS Headlight Upgrade Kit","GL GLS","yes","indexable: product has a usable catalog image and distinguishing product data"
"mercedes-benz-gl-gls167-mercedes-benz-gl-gls167-headlight-upgrade-kit-gl-gls167-bb2923","https://www.cowinmotors.com/product/mercedes-benz-gl-gls167-mercedes-benz-gl-gls167-headlight-upgrade-kit-gl-gls167-bb2923","Automotive Lighting","Mercedes-Benz GL GLS167 Headlight Upgrade Kit","GL GLS167","yes","indexable: product has a usable catalog image and distinguishing product data"
"mercedes-benz-gla-15-19-gla-led-mercedes-benz-gla-15-19-gla-led-led-drl-projector-lens-hea","https://www.cowinmotors.com/product/mercedes-benz-gla-15-19-gla-led-mercedes-benz-gla-15-19-gla-led-led-drl-projector-lens-hea","Automotive Lighting","Mercedes-Benz GLA 15-19 GLA LED LED, DRL, projector lens Headlight Assembly 2015-2019","","yes","indexable: product has a usable catalog image and distinguishing product data"
"mercedes-benz-glb-2020-2023-247-906-3500-mercedes-benz-glb-2020-2023-247-906-3500-headligh","https://www.cowinmotors.com/product/mercedes-benz-glb-2020-2023-247-906-3500-mercedes-benz-glb-2020-2023-247-906-3500-headligh","Automotive Lighting","Mercedes-Benz GLB / 2020-2023 247 906 3500 Headlight Assembly GLB / 2020-2023 (247 906 3500)","247 906 3500","yes","indexable: product has a usable catalog image and distinguishing product data"
"mercedes-benz-glb-2479063300-3700-mercedes-benz-glb-2479063300-3700-headlight-assembly-glb","https://www.cowinmotors.com/product/mercedes-benz-glb-2479063300-3700-mercedes-benz-glb-2479063300-3700-headlight-assembly-glb","Automotive Lighting","Mercedes-Benz GLB 2479063300/3700 Headlight Assembly GLB (2479063300/3700)","2479063300/3700","yes","indexable: product has a usable catalog image and distinguishing product data"
"mercedes-benz-glc-23-25-x254-mercedes-benz-glc-23-25-x254-laser-matrix-projector-lens-head","https://www.cowinmotors.com/product/mercedes-benz-glc-23-25-x254-mercedes-benz-glc-23-25-x254-laser-matrix-projector-lens-head","Automotive Lighting","Mercedes-Benz GLC 23-25 X254 laser, matrix, projector lens Headlight Assembly 2023-2025","","yes","indexable: product has a usable catalog image and distinguishing product data"
"mercedes-benz-glc-253-906-1901-mercedes-benz-glc-253-906-1901-headlight-assembly-glc-253-9","https://www.cowinmotors.com/product/mercedes-benz-glc-253-906-1901-mercedes-benz-glc-253-906-1901-headlight-assembly-glc-253-9","Automotive Lighting","Mercedes-Benz GLC 253 906 1901 Headlight Assembly GLC (253 906 1901)","253 906 1901","yes","indexable: product has a usable catalog image and distinguishing product data"
"mercedes-benz-glc253-2016-2019-253-906-1301-mercedes-benz-glc253-2016-2019-253-906-1301-he","https://www.cowinmotors.com/product/mercedes-benz-glc253-2016-2019-253-906-1301-mercedes-benz-glc253-2016-2019-253-906-1301-he","Automotive Lighting","Mercedes-Benz GLC253 / / 2016-2019 253 906 1301 Headlight Assembly GLC253 / / 2016-2019 (253 906 1301)","253 906 1301","yes","indexable: product has a usable catalog image and distinguishing product data"
"mercedes-benz-glc253-2020-2022-253-906-9103-mercedes-benz-glc253-2020-2022-253-906-9103-he","https://www.cowinmotors.com/product/mercedes-benz-glc253-2020-2022-253-906-9103-mercedes-benz-glc253-2020-2022-253-906-9103-he","Automotive Lighting","Mercedes-Benz GLC253 / 2020-2022 253 906 9103 Headlight Assembly GLC253 / 2020-2022 (253 906 9103)","253 906 9103","yes","indexable: product has a usable catalog image and distinguishing product data"
"mercedes-benz-gle166-2015-2019-166-820-1159-mercedes-benz-gle166-2015-2019-166-820-1159-he","https://www.cowinmotors.com/product/mercedes-benz-gle166-2015-2019-166-820-1159-mercedes-benz-gle166-2015-2019-166-820-1159-he","Automotive Lighting","Mercedes-Benz GLE166 / 2015-2019 166 820 1159 Headlight Assembly GLE166 / 2015-2019 (166 820 1159)","166 820 1159","yes","indexable: product has a usable catalog image and distinguishing product data"
"mercedes-benz-gle167-mercedes-benz-gle167-headlight-assembly-2020-2024-sjc-deb62c","https://www.cowinmotors.com/product/mercedes-benz-gle167-mercedes-benz-gle167-headlight-assembly-2020-2024-sjc-deb62c","Automotive Lighting","Mercedes-Benz GLE167 Headlight Assembly 2020-2024 (SJC)","SJC","no","noindex: catalog record lacks a specific reference, side, material, size, color, or listed feature"
"mercedes-benz-gle167-mercedes-benz-gle167-headlight-assembly-gle167-167-906-6504-024439","https://www.cowinmotors.com/product/mercedes-benz-gle167-mercedes-benz-gle167-headlight-assembly-gle167-167-906-6504-024439","Automotive Lighting","Mercedes-Benz GLE167 Headlight Assembly GLE167 (167 906 6504)","167 906 6504","yes","indexable: product has a usable catalog image and distinguishing product data"
"mercedes-benz-gle167-mercedes-benz-gle167-headlight-assembly-w167-gle167-068211","https://www.cowinmotors.com/product/mercedes-benz-gle167-mercedes-benz-gle167-headlight-assembly-w167-gle167-068211","Automotive Lighting","Mercedes-Benz GLE167 Headlight Assembly W167 (GLE167)","GLE167","yes","indexable: product has a usable catalog image and distinguishing product data"
"mercedes-benz-gle167-2020-2021-167-906-6104-mercedes-benz-gle167-2020-2021-167-906-6104-he","https://www.cowinmotors.com/product/mercedes-benz-gle167-2020-2021-167-906-6104-mercedes-benz-gle167-2020-2021-167-906-6104-he","Automotive Lighting","Mercedes-Benz GLE167 / 2020-2021 167 906 6104 Headlight Assembly GLE167 / 2020-2021 (167 906 6104)","167 906 6104","yes","indexable: product has a usable catalog image and distinguishing product data"
"mercedes-benz-glk-mercedes-benz-glk-headlight-upgrade-kit-glk-f8d0c0","https://www.cowinmotors.com/product/mercedes-benz-glk-mercedes-benz-glk-headlight-upgrade-kit-glk-f8d0c0","Automotive Lighting","Mercedes-Benz GLK Headlight Upgrade Kit","GLK","no","noindex: another catalog record has the same public title and reference"
"mercedes-benz-glk-mercedes-benz-glk-headlight-upgrade-kit-glk-104ae1","https://www.cowinmotors.com/product/mercedes-benz-glk-mercedes-benz-glk-headlight-upgrade-kit-glk-104ae1","Automotive Lighting","Mercedes-Benz GLK Headlight Upgrade Kit","GLK","no","noindex: another catalog record has the same public title and reference"
"mercedes-benz-glk-mercedes-benz-glk-headlight-upgrade-kit-glk-56b889","https://www.cowinmotors.com/product/mercedes-benz-glk-mercedes-benz-glk-headlight-upgrade-kit-glk-56b889","Automotive Lighting","Mercedes-Benz GLK Headlight Upgrade Kit","GLK","no","noindex: another catalog record has the same public title and reference"
"mercedes-benz-glk-13-15-led-led-mercedes-benz-glk-13-15-led-led-led-drl-headlight-assembly","https://www.cowinmotors.com/product/mercedes-benz-glk-13-15-led-led-mercedes-benz-glk-13-15-led-led-led-drl-headlight-assembly","Automotive Lighting","Mercedes-Benz GLK 13-15 LED LED LED, DRL Headlight Assembly 2013-2015","","yes","indexable: product has a usable catalog image and distinguishing product data"
"mercedes-benz-glk-204-820-0939-mercedes-benz-glk-204-820-0939-headlight-assembly-glk-204-8","https://www.cowinmotors.com/product/mercedes-benz-glk-204-820-0939-mercedes-benz-glk-204-820-0939-headlight-assembly-glk-204-8","Automotive Lighting","Mercedes-Benz GLK 204 820 0939 Headlight Assembly GLK (204 820 0939)","204 820 0939","yes","indexable: product has a usable catalog image and distinguishing product data"
"mercedes-benz-glk-204-820-2339-mercedes-benz-glk-204-820-2339-headlight-assembly-glk-204-8","https://www.cowinmotors.com/product/mercedes-benz-glk-204-820-2339-mercedes-benz-glk-204-820-2339-headlight-assembly-glk-204-8","Automotive Lighting","Mercedes-Benz GLK 204 820 2339 Headlight Assembly GLK (204 820 2339)","204 820 2339","yes","indexable: product has a usable catalog image and distinguishing product data"
"mercedes-benz-glk-204-820-4139-mercedes-benz-glk-204-820-4139-halogen-headlight-assembly-g","https://www.cowinmotors.com/product/mercedes-benz-glk-204-820-4139-mercedes-benz-glk-204-820-4139-halogen-headlight-assembly-g","Automotive Lighting","Mercedes-Benz GLK 204 820 4139 halogen Headlight Assembly GLK (204 820 4139)","204 820 4139","yes","indexable: product has a usable catalog image and distinguishing product data"
"mercedes-benz-gls-1668202300-mercedes-benz-gls-1668202300-headlight-assembly-gls-166820230","https://www.cowinmotors.com/product/mercedes-benz-gls-1668202300-mercedes-benz-gls-1668202300-headlight-assembly-gls-166820230","Automotive Lighting","Mercedes-Benz GLS 1668202300 Headlight Assembly GLS (1668202300)","1668202300","yes","indexable: product has a usable catalog image and distinguishing product data"
"mercedes-benz-gls-1679062106-mercedes-benz-gls-1679062106-headlight-assembly-gls-167906210","https://www.cowinmotors.com/product/mercedes-benz-gls-1679062106-mercedes-benz-gls-1679062106-headlight-assembly-gls-167906210","Automotive Lighting","Mercedes-Benz GLS 1679062106 Headlight Assembly GLS (1679062106)","1679062106","yes","indexable: product has a usable catalog image and distinguishing product data"
"mercedes-benz-gls166-2016-2019-166-820-2700-mercedes-benz-gls166-2016-2019-166-820-2700-he","https://www.cowinmotors.com/product/mercedes-benz-gls166-2016-2019-166-820-2700-mercedes-benz-gls166-2016-2019-166-820-2700-he","Automotive Lighting","Mercedes-Benz GLS166 / 2016-2019 166 820 2700 Headlight Assembly GLS166 / 2016-2019 (166 820 2700)","166 820 2700","yes","indexable: product has a usable catalog image and distinguishing product data"
"mercedes-benz-gls167-mercedes-benz-gls167-headlight-assembly-gls167-1679068306-e3b4bc","https://www.cowinmotors.com/product/mercedes-benz-gls167-mercedes-benz-gls167-headlight-assembly-gls167-1679068306-e3b4bc","Automotive Lighting","Mercedes-Benz GLS167 Headlight Assembly GLS167 (1679068306)","1679068306","yes","indexable: product has a usable catalog image and distinguishing product data"
"mercedes-benz-gt-2909062501-mercedes-benz-gt-2909062501-headlight-assembly-gt-2909062501-4","https://www.cowinmotors.com/product/mercedes-benz-gt-2909062501-mercedes-benz-gt-2909062501-headlight-assembly-gt-2909062501-4","Automotive Lighting","Mercedes-Benz GT 2909062501 Headlight Assembly GT (2909062501)","2909062501","yes","indexable: product has a usable catalog image and distinguishing product data"
"mercedes-benz-ml-12-15-w166-led-mercedes-benz-ml-12-15-w166-led-led-sequential-turn-signal","https://www.cowinmotors.com/product/mercedes-benz-ml-12-15-w166-led-mercedes-benz-ml-12-15-w166-led-led-sequential-turn-signal","Automotive Lighting","Mercedes-Benz ML 12-15 W166 LED LED, sequential turn signal, DRL Headlight Assembly 2012-2015","","yes","indexable: product has a usable catalog image and distinguishing product data"
"mercedes-benz-ml-166-820-7659-mercedes-benz-ml-166-820-7659-headlight-assembly-ml-166-820-","https://www.cowinmotors.com/product/mercedes-benz-ml-166-820-7659-mercedes-benz-ml-166-820-7659-headlight-assembly-ml-166-820-","Automotive Lighting","Mercedes-Benz ML 166 820 7659 Headlight Assembly ML (166 820 7659)","166 820 7659","yes","indexable: product has a usable catalog image and distinguishing product data"
"mercedes-benz-ml-gle-mercedes-benz-ml-gle-headlight-upgrade-kit-ml-gle-de98a6","https://www.cowinmotors.com/product/mercedes-benz-ml-gle-mercedes-benz-ml-gle-headlight-upgrade-kit-ml-gle-de98a6","Automotive Lighting","Mercedes-Benz ML GLE Headlight Upgrade Kit","ML GLE","yes","indexable: product has a usable catalog image and distinguishing product data"
"mercedes-benz-ml-gle167-mercedes-benz-ml-gle167-headlight-upgrade-kit-ml-gle167-0f630d","https://www.cowinmotors.com/product/mercedes-benz-ml-gle167-mercedes-benz-ml-gle167-headlight-upgrade-kit-ml-gle167-0f630d","Automotive Lighting","Mercedes-Benz ML GLE167 Headlight Upgrade Kit","ML GLE167","yes","indexable: product has a usable catalog image and distinguishing product data"
"mercedes-benz-ml166-mercedes-benz-ml166-headlight-assembly-ml166-166-820-5459-34fa63","https://www.cowinmotors.com/product/mercedes-benz-ml166-mercedes-benz-ml166-headlight-assembly-ml166-166-820-5459-34fa63","Automotive Lighting","Mercedes-Benz ML166 Headlight Assembly ML166 (166 820 5459)","166 820 5459","yes","indexable: product has a usable catalog image and distinguishing product data"
"mercedes-benz-ml166-gle-mercedes-benz-ml166-gle-headlight-upgrade-kit-ml166-gle-01df1c","https://www.cowinmotors.com/product/mercedes-benz-ml166-gle-mercedes-benz-ml166-gle-headlight-upgrade-kit-ml166-gle-01df1c","Automotive Lighting","Mercedes-Benz ML166 GLE Headlight Upgrade Kit","ML166 GLE","yes","indexable: product has a usable catalog image and distinguishing product data"
"mercedes-benz-r-10-17-w251-led-mercedes-benz-r-10-17-w251-led-led-drl-headlight-assembly-2","https://www.cowinmotors.com/product/mercedes-benz-r-10-17-w251-led-mercedes-benz-r-10-17-w251-led-led-drl-headlight-assembly-2","Automotive Lighting","Mercedes-Benz R 10-17 W251 LED LED, DRL Headlight Assembly 2010-2017","","yes","indexable: product has a usable catalog image and distinguishing product data"
"mercedes-benz-s-w221-06-12-led-mercedes-benz-s-w221-06-12-led-led-drl-projector-lens-headl","https://www.cowinmotors.com/product/mercedes-benz-s-w221-06-12-led-mercedes-benz-s-w221-06-12-led-led-drl-projector-lens-headl","Automotive Lighting","Mercedes-Benz S W221 06-12 LED LED, DRL, projector lens Headlight Assembly 2006-2012","","yes","indexable: product has a usable catalog image and distinguishing product data"
"mercedes-benz-w-222-222-906-2105-mercedes-benz-w-222-222-906-2105-headlight-assembly-w-222","https://www.cowinmotors.com/product/mercedes-benz-w-222-222-906-2105-mercedes-benz-w-222-222-906-2105-headlight-assembly-w-222","Automotive Lighting","Mercedes-Benz W 222 222 906 2105 Headlight Assembly W 222 (222 906 2105)","222 906 2105","yes","indexable: product has a usable catalog image and distinguishing product data"
"mercedes-benz-w117-mercedes-benz-w117-headlight-assembly-2014-2019-sjc-1d1c1d","https://www.cowinmotors.com/product/mercedes-benz-w117-mercedes-benz-w117-headlight-assembly-2014-2019-sjc-1d1c1d","Automotive Lighting","Mercedes-Benz W117 Headlight Assembly 2014-2019 (SJC)","SJC","no","noindex: catalog record lacks a specific reference, side, material, size, color, or listed feature"
"mercedes-benz-w117-mercedes-benz-w117-headlight-assembly-w117-117-820-6761-83e764","https://www.cowinmotors.com/product/mercedes-benz-w117-mercedes-benz-w117-headlight-assembly-w117-117-820-6761-83e764","Automotive Lighting","Mercedes-Benz W117 Headlight Assembly W117 (117 820 6761)","117 820 6761","yes","indexable: product has a usable catalog image and distinguishing product data"
"mercedes-benz-w117-mercedes-benz-w117-headlight-assembly-w117-117-906-6300-794dd7","https://www.cowinmotors.com/product/mercedes-benz-w117-mercedes-benz-w117-headlight-assembly-w117-117-906-6300-794dd7","Automotive Lighting","Mercedes-Benz W117 Headlight Assembly W117 (117 906 6300)","117 906 6300","yes","indexable: product has a usable catalog image and distinguishing product data"
"mercedes-benz-w156-mercedes-benz-w156-headlight-assembly-w156-156-906-7500-370789","https://www.cowinmotors.com/product/mercedes-benz-w156-mercedes-benz-w156-headlight-assembly-w156-156-906-7500-370789","Automotive Lighting","Mercedes-Benz W156 Headlight Assembly W156 (156 906 7500)","156 906 7500","yes","indexable: product has a usable catalog image and distinguishing product data"
"mercedes-benz-w156-156-906-1100-mercedes-benz-w156-156-906-1100-headlight-assembly-w156-15","https://www.cowinmotors.com/product/mercedes-benz-w156-156-906-1100-mercedes-benz-w156-156-906-1100-headlight-assembly-w156-15","Automotive Lighting","Mercedes-Benz W156 156 906 1100 Headlight Assembly W156 (156 906 1100)","156 906 1100","yes","indexable: product has a usable catalog image and distinguishing product data"
"mercedes-benz-w156-156-906-3100-mercedes-benz-w156-156-906-3100-headlight-assembly-w156-15","https://www.cowinmotors.com/product/mercedes-benz-w156-156-906-3100-mercedes-benz-w156-156-906-3100-headlight-assembly-w156-15","Automotive Lighting","Mercedes-Benz W156 156 906 3100 Headlight Assembly W156 (156 906 3100)","156 906 3100","yes","indexable: product has a usable catalog image and distinguishing product data"
"mercedes-benz-w164-mercedes-benz-w164-headlight-assembly-2005-2008-sjc-5eacb7","https://www.cowinmotors.com/product/mercedes-benz-w164-mercedes-benz-w164-headlight-assembly-2005-2008-sjc-5eacb7","Automotive Lighting","Mercedes-Benz W164 Headlight Assembly 2005-2008 (SJC)","SJC","no","noindex: catalog record lacks a specific reference, side, material, size, color, or listed feature"
"mercedes-benz-w166-mercedes-benz-w166-headlight-assembly-2012-2015-sjc-03541b","https://www.cowinmotors.com/product/mercedes-benz-w166-mercedes-benz-w166-headlight-assembly-2012-2015-sjc-03541b","Automotive Lighting","Mercedes-Benz W166 Headlight Assembly 2012-2015 (SJC)","SJC","no","noindex: catalog record lacks a specific reference, side, material, size, color, or listed feature"
"mercedes-benz-w166-mercedes-benz-w166-headlight-assembly-w166-166-906-0759-91e1e8","https://www.cowinmotors.com/product/mercedes-benz-w166-mercedes-benz-w166-headlight-assembly-w166-166-906-0759-91e1e8","Automotive Lighting","Mercedes-Benz W166 Headlight Assembly W166 (166 906 0759)","166 906 0759","yes","indexable: product has a usable catalog image and distinguishing product data"
"mercedes-benz-w167-mercedes-benz-w167-led-projector-lens-headlight-assembly-2020-2024-03db","https://www.cowinmotors.com/product/mercedes-benz-w167-mercedes-benz-w167-led-projector-lens-headlight-assembly-2020-2024-03db","Automotive Lighting","Mercedes-Benz W167 LED, projector lens Headlight Assembly 2020-2024","","yes","indexable: product has a usable catalog image and distinguishing product data"
"mercedes-benz-w176-mercedes-benz-w176-headlight-assembly-2013-2018-sjc-533f4b","https://www.cowinmotors.com/product/mercedes-benz-w176-mercedes-benz-w176-headlight-assembly-2013-2018-sjc-533f4b","Automotive Lighting","Mercedes-Benz W176 Headlight Assembly 2013-2018 (SJC)","SJC","no","noindex: catalog record lacks a specific reference, side, material, size, color, or listed feature"
"mercedes-benz-w176-mercedes-benz-w176-led-projector-lens-amg-style-headlight-assembly-2013","https://www.cowinmotors.com/product/mercedes-benz-w176-mercedes-benz-w176-led-projector-lens-amg-style-headlight-assembly-2013","Automotive Lighting","Mercedes-Benz W176 LED, projector lens, AMG style Headlight Assembly 2013-2018","","yes","indexable: product has a usable catalog image and distinguishing product data"
"mercedes-benz-w177-mercedes-benz-w177-headlight-assembly-2019-2022-sjc-d9957c","https://www.cowinmotors.com/product/mercedes-benz-w177-mercedes-benz-w177-headlight-assembly-2019-2022-sjc-d9957c","Automotive Lighting","Mercedes-Benz W177 Headlight Assembly 2019-2022 (SJC)","SJC","no","noindex: catalog record lacks a specific reference, side, material, size, color, or listed feature"
"mercedes-benz-w177-mercedes-benz-w177-headlight-assembly-w177-177-906-7103-cea489","https://www.cowinmotors.com/product/mercedes-benz-w177-mercedes-benz-w177-headlight-assembly-w177-177-906-7103-cea489","Automotive Lighting","Mercedes-Benz W177 Headlight Assembly W177 (177 906 7103)","177 906 7103","yes","indexable: product has a usable catalog image and distinguishing product data"
"mercedes-benz-w177-mercedes-benz-w177-led-drl-projector-lens-headlight-assembly-2019-2021-","https://www.cowinmotors.com/product/mercedes-benz-w177-mercedes-benz-w177-led-drl-projector-lens-headlight-assembly-2019-2021-","Automotive Lighting","Mercedes-Benz W177 LED, DRL, projector lens Headlight Assembly 2019-2021","","yes","indexable: product has a usable catalog image and distinguishing product data"
"mercedes-benz-w204-mercedes-benz-w204-headlight-assembly-2007-2011-sjc-cf3a0d","https://www.cowinmotors.com/product/mercedes-benz-w204-mercedes-benz-w204-headlight-assembly-2007-2011-sjc-cf3a0d","Automotive Lighting","Mercedes-Benz W204 Headlight Assembly 2007-2011 (SJC)","SJC","no","noindex: catalog record lacks a specific reference, side, material, size, color, or listed feature"
"mercedes-benz-w204-mercedes-benz-w204-headlight-assembly-2011-2014-sjc-e8cbc8","https://www.cowinmotors.com/product/mercedes-benz-w204-mercedes-benz-w204-headlight-assembly-2011-2014-sjc-e8cbc8","Automotive Lighting","Mercedes-Benz W204 Headlight Assembly 2011-2014 (SJC)","SJC","no","noindex: catalog record lacks a specific reference, side, material, size, color, or listed feature"
"mercedes-benz-w204-mercedes-benz-w204-headlight-assembly-w204-204-820-3539-f44b01","https://www.cowinmotors.com/product/mercedes-benz-w204-mercedes-benz-w204-headlight-assembly-w204-204-820-3539-f44b01","Automotive Lighting","Mercedes-Benz W204 Headlight Assembly W204 (204 820 3539)","204 820 3539","yes","indexable: product has a usable catalog image and distinguishing product data"
"mercedes-benz-w204-mercedes-benz-w204-led-headlight-assembly-2011-2014-a8a8fe","https://www.cowinmotors.com/product/mercedes-benz-w204-mercedes-benz-w204-led-headlight-assembly-2011-2014-a8a8fe","Automotive Lighting","Mercedes-Benz W204 LED Headlight Assembly 2011-2014","","yes","indexable: product has a usable catalog image and distinguishing product data"
"mercedes-benz-w204-mercedes-benz-w204-led-drl-projector-lens-headlight-assembly-2011-2014-","https://www.cowinmotors.com/product/mercedes-benz-w204-mercedes-benz-w204-led-drl-projector-lens-headlight-assembly-2011-2014-","Automotive Lighting","Mercedes-Benz W204 LED, DRL, projector lens Headlight Assembly 2011-2014","","yes","indexable: product has a usable catalog image and distinguishing product data"
"mercedes-benz-w204-204-1-mercedes-benz-w204-204-1-headlight-upgrade-kit-w204-204-1-3bf10a","https://www.cowinmotors.com/product/mercedes-benz-w204-204-1-mercedes-benz-w204-204-1-headlight-upgrade-kit-w204-204-1-3bf10a","Automotive Lighting","Mercedes-Benz W204 204 /1 Headlight Upgrade Kit W204","204 /1","yes","indexable: product has a usable catalog image and distinguishing product data"
"mercedes-benz-w205-amg-style-geometric-multi-beam-led-headlights-upgrade-for-c-class-2015-","https://www.cowinmotors.com/product/mercedes-benz-w205-amg-style-geometric-multi-beam-led-headlights-upgrade-for-c-class-2015-","Automotive Lighting","Mercedes-Benz W205 AMG Style Geometric Multi-Beam LED Headlights Upgrade for C-Class 2015-2021","","yes","indexable: product has a usable catalog image and distinguishing product data"
"mercedes-benz-w205-black-edition-smoked-geometric-multi-beam-led-headlights-upgrade-for-c-","https://www.cowinmotors.com/product/mercedes-benz-w205-black-edition-smoked-geometric-multi-beam-led-headlights-upgrade-for-c-","Automotive Lighting","Mercedes-Benz W205 Black Edition Smoked Geometric Multi-Beam LED Headlights Upgrade for C-Class 2015-2021","","yes","indexable: product has a usable catalog image and distinguishing product data"
"mercedes-benz-w205-mercedes-benz-w205-headlight-assembly-2015-2020-sjc-371154","https://www.cowinmotors.com/product/mercedes-benz-w205-mercedes-benz-w205-headlight-assembly-2015-2020-sjc-371154","Automotive Lighting","Mercedes-Benz W205 Headlight Assembly 2015-2020 (SJC)","SJC","no","noindex: catalog record lacks a specific reference, side, material, size, color, or listed feature"
"mercedes-benz-w205-mercedes-benz-w205-headlight-assembly-w205-205-906-6204-e80ef1","https://www.cowinmotors.com/product/mercedes-benz-w205-mercedes-benz-w205-headlight-assembly-w205-205-906-6204-e80ef1","Automotive Lighting","Mercedes-Benz W205 Headlight Assembly W205 (205 906 6204)","205 906 6204","yes","indexable: product has a usable catalog image and distinguishing product data"
"mercedes-benz-w205-mercedes-benz-w205-headlight-assembly-w205-205-906-7303-5af25c","https://www.cowinmotors.com/product/mercedes-benz-w205-mercedes-benz-w205-headlight-assembly-w205-205-906-7303-5af25c","Automotive Lighting","Mercedes-Benz W205 Headlight Assembly W205 (205 906 7303)","205 906 7303","yes","indexable: product has a usable catalog image and distinguishing product data"
"mercedes-benz-w205-mercedes-benz-w205-headlight-upgrade-kit-w205-212374","https://www.cowinmotors.com/product/mercedes-benz-w205-mercedes-benz-w205-headlight-upgrade-kit-w205-212374","Automotive Lighting","Mercedes-Benz W205 Headlight Upgrade Kit","W205","yes","indexable: product has a usable catalog image and distinguishing product data"
"mercedes-benz-w205-mercedes-benz-w205-led-headlight-assembly-2015-2021-3def10","https://www.cowinmotors.com/product/mercedes-benz-w205-mercedes-benz-w205-led-headlight-assembly-2015-2021-3def10","Automotive Lighting","Mercedes-Benz W205 LED Headlight Assembly 2015-2021","","yes","indexable: product has a usable catalog image and distinguishing product data"
"mercedes-benz-w205-rgb-demon-eye-led-headlights-upgrade-with-app-control-dynamic-turn-sign","https://www.cowinmotors.com/product/mercedes-benz-w205-rgb-demon-eye-led-headlights-upgrade-with-app-control-dynamic-turn-sign","Automotive Lighting","Mercedes-Benz W205 RGB Demon Eye LED Headlights Upgrade with APP Control & Dynamic Turn Signal for C-Class 2015-2021","","yes","indexable: product has a usable catalog image and distinguishing product data"
"mercedes-benz-w205-starry-rain-dynamic-led-headlights-upgrade-with-sequential-turn-signal-","https://www.cowinmotors.com/product/mercedes-benz-w205-starry-rain-dynamic-led-headlights-upgrade-with-sequential-turn-signal-","Automotive Lighting","Mercedes-Benz W205 Starry Rain Dynamic LED Headlights Upgrade with Sequential Turn Signal for C-Class 2015-2021","","yes","indexable: product has a usable catalog image and distinguishing product data"
"mercedes-benz-w205-mercedes-benz-w205-projector-lens-headlight-assembly-2015-2018-8ec040","https://www.cowinmotors.com/product/mercedes-benz-w205-mercedes-benz-w205-projector-lens-headlight-assembly-2015-2018-8ec040","Automotive Lighting","Mercedes-Benz W205 projector lens Headlight Assembly 2015-2018","","yes","indexable: product has a usable catalog image and distinguishing product data"
"mercedes-benz-w207-mercedes-benz-w207-projector-lens-headlight-assembly-2010-2016-1f6e22","https://www.cowinmotors.com/product/mercedes-benz-w207-mercedes-benz-w207-projector-lens-headlight-assembly-2010-2016-1f6e22","Automotive Lighting","Mercedes-Benz W207 projector lens Headlight Assembly 2010-2016","","yes","indexable: product has a usable catalog image and distinguishing product data"
"mercedes-benz-w212-mercedes-benz-w212-headlight-assembly-2010-2012-sjc-ee1bf6","https://www.cowinmotors.com/product/mercedes-benz-w212-mercedes-benz-w212-headlight-assembly-2010-2012-sjc-ee1bf6","Automotive Lighting","Mercedes-Benz W212 Headlight Assembly 2010-2012 (SJC)","SJC","no","noindex: catalog record lacks a specific reference, side, material, size, color, or listed feature"
"mercedes-benz-w212-mercedes-benz-w212-headlight-assembly-w212-212-820-1739-d14128","https://www.cowinmotors.com/product/mercedes-benz-w212-mercedes-benz-w212-headlight-assembly-w212-212-820-1739-d14128","Automotive Lighting","Mercedes-Benz W212 Headlight Assembly W212 (212 820 1739)","212 820 1739","yes","indexable: product has a usable catalog image and distinguishing product data"
"mercedes-benz-w212-mercedes-benz-w212-led-drl-projector-lens-headlight-assembly-2010-2013-","https://www.cowinmotors.com/product/mercedes-benz-w212-mercedes-benz-w212-led-drl-projector-lens-headlight-assembly-2010-2013-","Automotive Lighting","Mercedes-Benz W212 LED, DRL, projector lens Headlight Assembly 2010-2013","","yes","indexable: product has a usable catalog image and distinguishing product data"
"mercedes-benz-w212-mercedes-benz-w212-plug-and-play-upgrade-headlight-assembly-2013-2015-s","https://www.cowinmotors.com/product/mercedes-benz-w212-mercedes-benz-w212-plug-and-play-upgrade-headlight-assembly-2013-2015-s","Automotive Lighting","Mercedes-Benz W212 plug-and-play upgrade Headlight Assembly 2013-2015 (SJC)","SJC","yes","indexable: product has a usable catalog image and distinguishing product data"
"mercedes-benz-w212-212-820-0939-mercedes-benz-w212-212-820-0939-headlight-assembly-w212-21","https://www.cowinmotors.com/product/mercedes-benz-w212-212-820-0939-mercedes-benz-w212-212-820-0939-headlight-assembly-w212-21","Automotive Lighting","Mercedes-Benz W212 212 820 0939 Headlight Assembly W212 (212 820 0939)","212 820 0939","yes","indexable: product has a usable catalog image and distinguishing product data"
"mercedes-benz-w213-amg-style-geometric-led-headlights-upgrade-for-e-class-2016-2020","https://www.cowinmotors.com/product/mercedes-benz-w213-amg-style-geometric-led-headlights-upgrade-for-e-class-2016-2020","Automotive Lighting","Mercedes-Benz W213 AMG Style Geometric LED Headlights Upgrade for E-Class 2016-2020","","yes","indexable: product has a usable catalog image and distinguishing product data"
"mercedes-benz-w213-black-edition-smoked-led-headlights-amg-style-upgrade-for-e-class-2016-","https://www.cowinmotors.com/product/mercedes-benz-w213-black-edition-smoked-led-headlights-amg-style-upgrade-for-e-class-2016-","Automotive Lighting","Mercedes-Benz W213 Black Edition Smoked LED Headlights AMG Style Upgrade for E-Class 2016-2020","","yes","indexable: product has a usable catalog image and distinguishing product data"
"mercedes-benz-w213-dynamic-turn-signal-led-headlights-with-star-light-drl-for-e-class-2016","https://www.cowinmotors.com/product/mercedes-benz-w213-dynamic-turn-signal-led-headlights-with-star-light-drl-for-e-class-2016","Automotive Lighting","Mercedes-Benz W213 Dynamic Turn Signal LED Headlights with Star Light DRL for E-Class 2016-2020","","yes","indexable: product has a usable catalog image and distinguishing product data"
"mercedes-benz-w213-mercedes-benz-w213-headlight-assembly-2021-2023-sjc-907832","https://www.cowinmotors.com/product/mercedes-benz-w213-mercedes-benz-w213-headlight-assembly-2021-2023-sjc-907832","Automotive Lighting","Mercedes-Benz W213 Headlight Assembly 2021-2023 (SJC)","SJC","no","noindex: catalog record lacks a specific reference, side, material, size, color, or listed feature"
"mercedes-benz-w213-mercedes-benz-w213-headlight-assembly-w213-213-906-6308-90d5a8","https://www.cowinmotors.com/product/mercedes-benz-w213-mercedes-benz-w213-headlight-assembly-w213-213-906-6308-90d5a8","Automotive Lighting","Mercedes-Benz W213 Headlight Assembly W213 (213 906 6308)","213 906 6308","yes","indexable: product has a usable catalog image and distinguishing product data"
"mercedes-benz-w213-mercedes-benz-w213-headlight-assembly-w213-213-906-6501-bc6add","https://www.cowinmotors.com/product/mercedes-benz-w213-mercedes-benz-w213-headlight-assembly-w213-213-906-6501-bc6add","Automotive Lighting","Mercedes-Benz W213 Headlight Assembly W213 (213 906 6501)","213 906 6501","yes","indexable: product has a usable catalog image and distinguishing product data"
"mercedes-benz-w213-mercedes-benz-w213-led-drl-headlight-assembly-2016-2021-fb839b","https://www.cowinmotors.com/product/mercedes-benz-w213-mercedes-benz-w213-led-drl-headlight-assembly-2016-2021-fb839b","Automotive Lighting","Mercedes-Benz W213 LED, DRL Headlight Assembly 2016-2021","","yes","indexable: product has a usable catalog image and distinguishing product data"
"mercedes-benz-w213-mercedes-benz-w213-led-drl-projector-lens-headlight-assembly-2016-2023-","https://www.cowinmotors.com/product/mercedes-benz-w213-mercedes-benz-w213-led-drl-projector-lens-headlight-assembly-2016-2023-","Automotive Lighting","Mercedes-Benz W213 LED, DRL, projector lens Headlight Assembly 2016-2023","","yes","indexable: product has a usable catalog image and distinguishing product data"
"mercedes-benz-w213-laser-led-headlights-upgrade-with-adaptive-afs-geometric-multi-beam-for","https://www.cowinmotors.com/product/mercedes-benz-w213-laser-led-headlights-upgrade-with-adaptive-afs-geometric-multi-beam-for","Automotive Lighting","Mercedes-Benz W213 Laser LED Headlights Upgrade with Adaptive AFS & Geometric Multi-Beam for E-Class 2016-2020","","yes","indexable: product has a usable catalog image and distinguishing product data"
"mercedes-benz-w214-mercedes-benz-w214-led-drl-projector-lens-headlight-assembly-2024-2025-","https://www.cowinmotors.com/product/mercedes-benz-w214-mercedes-benz-w214-led-drl-projector-lens-headlight-assembly-2024-2025-","Automotive Lighting","Mercedes-Benz W214 LED, DRL, projector lens Headlight Assembly 2024-2025","","yes","indexable: product has a usable catalog image and distinguishing product data"
"mercedes-benz-w221-mercedes-benz-w221-headlight-assembly-2005-2013-sjc-4ad255","https://www.cowinmotors.com/product/mercedes-benz-w221-mercedes-benz-w221-headlight-assembly-2005-2013-sjc-4ad255","Automotive Lighting","Mercedes-Benz W221 Headlight Assembly 2005-2013 (SJC)","SJC","no","noindex: catalog record lacks a specific reference, side, material, size, color, or listed feature"
"mercedes-benz-w221-mercedes-benz-w221-headlight-assembly-2006-2008-sjc-8e1f78","https://www.cowinmotors.com/product/mercedes-benz-w221-mercedes-benz-w221-headlight-assembly-2006-2008-sjc-8e1f78","Automotive Lighting","Mercedes-Benz W221 Headlight Assembly 2006-2008 (SJC)","SJC","no","noindex: catalog record lacks a specific reference, side, material, size, color, or listed feature"
"mercedes-benz-w221-mercedes-benz-w221-headlight-assembly-w221-221-820-0959-31b629","https://www.cowinmotors.com/product/mercedes-benz-w221-mercedes-benz-w221-headlight-assembly-w221-221-820-0959-31b629","Automotive Lighting","Mercedes-Benz W221 Headlight Assembly W221 (221 820 0959)","221 820 0959","yes","indexable: product has a usable catalog image and distinguishing product data"
"mercedes-benz-w221-mercedes-benz-w221-headlight-assembly-w221-221-820-1559-c41666","https://www.cowinmotors.com/product/mercedes-benz-w221-mercedes-benz-w221-headlight-assembly-w221-221-820-1559-c41666","Automotive Lighting","Mercedes-Benz W221 Headlight Assembly W221 (221 820 1559)","221 820 1559","yes","indexable: product has a usable catalog image and distinguishing product data"
"mercedes-benz-w221-mercedes-benz-w221-headlight-assembly-w221-221-820-1939-c57800","https://www.cowinmotors.com/product/mercedes-benz-w221-mercedes-benz-w221-headlight-assembly-w221-221-820-1939-c57800","Automotive Lighting","Mercedes-Benz W221 Headlight Assembly W221 (221 820 1939)","221 820 1939","yes","indexable: product has a usable catalog image and distinguishing product data"
"mercedes-benz-w221-mercedes-benz-w221-headlight-assembly-w221-221-820-7339-7e859c","https://www.cowinmotors.com/product/mercedes-benz-w221-mercedes-benz-w221-headlight-assembly-w221-221-820-7339-7e859c","Automotive Lighting","Mercedes-Benz W221 Headlight Assembly W221 (221 820 7339)","221 820 7339","yes","indexable: product has a usable catalog image and distinguishing product data"
"mercedes-benz-w222-mercedes-benz-w222-headlight-assembly-2013-2016-sjc-fc8da8","https://www.cowinmotors.com/product/mercedes-benz-w222-mercedes-benz-w222-headlight-assembly-2013-2016-sjc-fc8da8","Automotive Lighting","Mercedes-Benz W222 Headlight Assembly 2013-2016 (SJC)","SJC","no","noindex: catalog record lacks a specific reference, side, material, size, color, or listed feature"
"mercedes-benz-w222-mercedes-benz-w222-headlight-assembly-w222-222-820-7961-3baf2c","https://www.cowinmotors.com/product/mercedes-benz-w222-mercedes-benz-w222-headlight-assembly-w222-222-820-7961-3baf2c","Automotive Lighting","Mercedes-Benz W222 Headlight Assembly W222 (222 820 7961)","222 820 7961","yes","indexable: product has a usable catalog image and distinguishing product data"
"mercedes-benz-w222-mercedes-benz-w222-headlight-assembly-w222-222-820-8704-6ca165","https://www.cowinmotors.com/product/mercedes-benz-w222-mercedes-benz-w222-headlight-assembly-w222-222-820-8704-6ca165","Automotive Lighting","Mercedes-Benz W222 Headlight Assembly W222 (222 820 8704)","222 820 8704","yes","indexable: product has a usable catalog image and distinguishing product data"
"mercedes-benz-w222-mercedes-benz-w222-led-drl-projector-lens-headlight-assembly-2014-2018-","https://www.cowinmotors.com/product/mercedes-benz-w222-mercedes-benz-w222-led-drl-projector-lens-headlight-assembly-2014-2018-","Automotive Lighting","Mercedes-Benz W222 LED, DRL, projector lens Headlight Assembly 2014-2018","","yes","indexable: product has a usable catalog image and distinguishing product data"
"mercedes-benz-w222-222-mercedes-benz-w222-222-headlight-upgrade-kit-w222-222-540ae2","https://www.cowinmotors.com/product/mercedes-benz-w222-222-mercedes-benz-w222-222-headlight-upgrade-kit-w222-222-540ae2","Automotive Lighting","Mercedes-Benz W222 222 Headlight Upgrade Kit W222","222","yes","indexable: product has a usable catalog image and distinguishing product data"
"mercedes-benz-w251-mercedes-benz-w251-headlight-assembly-2010-2017-sjc-e2b0d6","https://www.cowinmotors.com/product/mercedes-benz-w251-mercedes-benz-w251-headlight-assembly-2010-2017-sjc-e2b0d6","Automotive Lighting","Mercedes-Benz W251 Headlight Assembly 2010-2017 (SJC)","SJC","no","noindex: catalog record lacks a specific reference, side, material, size, color, or listed feature"
"mercedes-benz-w251-mercedes-benz-w251-headlight-assembly-w251-251-820-7361-978436","https://www.cowinmotors.com/product/mercedes-benz-w251-mercedes-benz-w251-headlight-assembly-w251-251-820-7361-978436","Automotive Lighting","Mercedes-Benz W251 Headlight Assembly W251 (251 820 7361)","251 820 7361","yes","indexable: product has a usable catalog image and distinguishing product data"
"mercedes-benz-w251-251-820-3961-mercedes-benz-w251-251-820-3961-headlight-assembly-w251-25","https://www.cowinmotors.com/product/mercedes-benz-w251-251-820-3961-mercedes-benz-w251-251-820-3961-headlight-assembly-w251-25","Automotive Lighting","Mercedes-Benz W251 251 820 3961 Headlight Assembly W251 (251 820 3961)","251 820 3961","yes","indexable: product has a usable catalog image and distinguishing product data"
"mercedes-benz-w253-mercedes-benz-w253-headlight-assembly-2016-2019-sjc-249ffa","https://www.cowinmotors.com/product/mercedes-benz-w253-mercedes-benz-w253-headlight-assembly-2016-2019-sjc-249ffa","Automotive Lighting","Mercedes-Benz W253 Headlight Assembly 2016-2019 (SJC)","SJC","no","noindex: catalog record lacks a specific reference, side, material, size, color, or listed feature"
"mercedes-benz-w253-mercedes-benz-w253-headlight-assembly-2016-2022-df7976","https://www.cowinmotors.com/product/mercedes-benz-w253-mercedes-benz-w253-headlight-assembly-2016-2022-df7976","Automotive Lighting","Mercedes-Benz W253 Headlight Assembly 2016-2022","","no","noindex: catalog record lacks a specific reference, side, material, size, color, or listed feature"
"mercedes-benz-w253-mercedes-benz-w253-headlight-assembly-2020-2021-sjc-d39a89","https://www.cowinmotors.com/product/mercedes-benz-w253-mercedes-benz-w253-headlight-assembly-2020-2021-sjc-d39a89","Automotive Lighting","Mercedes-Benz W253 Headlight Assembly 2020-2021 (SJC)","SJC","no","noindex: catalog record lacks a specific reference, side, material, size, color, or listed feature"
"mercedes-benz-w253-mercedes-benz-w253-headlight-assembly-w253-253-906-8702-90cb81","https://www.cowinmotors.com/product/mercedes-benz-w253-mercedes-benz-w253-headlight-assembly-w253-253-906-8702-90cb81","Automotive Lighting","Mercedes-Benz W253 Headlight Assembly W253 (253 906 8702)","253 906 8702","yes","indexable: product has a usable catalog image and distinguishing product data"
"mercedes-benz-w253-253-906-0901-mercedes-benz-w253-253-906-0901-headlight-assembly-w253-25","https://www.cowinmotors.com/product/mercedes-benz-w253-253-906-0901-mercedes-benz-w253-253-906-0901-headlight-assembly-w253-25","Automotive Lighting","Mercedes-Benz W253 253 906 0901 Headlight Assembly W253 (253 906 0901)","253 906 0901","yes","indexable: product has a usable catalog image and distinguishing product data"
"mercedes-benz-w253-253-906-1501-mercedes-benz-w253-253-906-1501-headlight-assembly-w253-25","https://www.cowinmotors.com/product/mercedes-benz-w253-253-906-1501-mercedes-benz-w253-253-906-1501-headlight-assembly-w253-25","Automotive Lighting","Mercedes-Benz W253 253 906 1501 Headlight Assembly W253 (253 906 1501)","253 906 1501","yes","indexable: product has a usable catalog image and distinguishing product data"
"mercedes-benz-w447-mercedes-benz-w447-headlight-assembly-2016-2020-sjc-28430c","https://www.cowinmotors.com/product/mercedes-benz-w447-mercedes-benz-w447-headlight-assembly-2016-2020-sjc-28430c","Automotive Lighting","Mercedes-Benz W447 Headlight Assembly 2016-2020 (SJC)","SJC","no","noindex: catalog record lacks a specific reference, side, material, size, color, or listed feature"
"mercedes-benz-w447-mercedes-benz-w447-led-drl-projector-lens-headlight-assembly-2016-2023-","https://www.cowinmotors.com/product/mercedes-benz-w447-mercedes-benz-w447-led-drl-projector-lens-headlight-assembly-2016-2023-","Automotive Lighting","Mercedes-Benz W447 LED, DRL, projector lens Headlight Assembly 2016-2023","","yes","indexable: product has a usable catalog image and distinguishing product data"
"mercedes-benz-w463-mercedes-benz-w463-headlight-assembly-2007-2017-sjc-97d004","https://www.cowinmotors.com/product/mercedes-benz-w463-mercedes-benz-w463-headlight-assembly-2007-2017-sjc-97d004","Automotive Lighting","Mercedes-Benz W463 Headlight Assembly 2007-2017 (SJC)","SJC","no","noindex: catalog record lacks a specific reference, side, material, size, color, or listed feature"
"mercedes-benz-w463-mercedes-benz-w463-headlight-assembly-2018-2022-sjc-b540fb","https://www.cowinmotors.com/product/mercedes-benz-w463-mercedes-benz-w463-headlight-assembly-2018-2022-sjc-b540fb","Automotive Lighting","Mercedes-Benz W463 Headlight Assembly 2018-2022 (SJC)","SJC","no","noindex: catalog record lacks a specific reference, side, material, size, color, or listed feature"
"mercedes-benz-w463-mercedes-benz-w463-led-drl-facelift-conversion-headlight-assembly-2007-","https://www.cowinmotors.com/product/mercedes-benz-w463-mercedes-benz-w463-led-drl-facelift-conversion-headlight-assembly-2007-","Automotive Lighting","Mercedes-Benz W463 LED, DRL, facelift conversion Headlight Assembly 2007-2017","","yes","indexable: product has a usable catalog image and distinguishing product data"
"mercedes-benz-x204-mercedes-benz-x204-headlight-assembly-2013-2015-sjc-04c923","https://www.cowinmotors.com/product/mercedes-benz-x204-mercedes-benz-x204-headlight-assembly-2013-2015-sjc-04c923","Automotive Lighting","Mercedes-Benz X204 Headlight Assembly 2013-2015 (SJC)","SJC","no","noindex: catalog record lacks a specific reference, side, material, size, color, or listed feature"
"mercedes-benz-smart-15-19-led-led-mercedes-benz-smart-15-19-led-led-led-drl-projector-lens","https://www.cowinmotors.com/product/mercedes-benz-smart-15-19-led-led-mercedes-benz-smart-15-19-led-led-led-drl-projector-lens","Automotive Lighting","Mercedes-Benz smart 15-19 LED LED LED, DRL, projector lens Headlight Assembly 2015-2019","","yes","indexable: product has a usable catalog image and distinguishing product data"
"mercedes-benz-sprinter-19-23-led-mercedes-benz-sprinter-19-23-led-led-drl-projector-lens-h","https://www.cowinmotors.com/product/mercedes-benz-sprinter-19-23-led-mercedes-benz-sprinter-19-23-led-led-drl-projector-lens-h","Automotive Lighting","Mercedes-Benz sprinter 19-23 LED LED, DRL, projector lens Headlight Assembly 2019-2023","","yes","indexable: product has a usable catalog image and distinguishing product data"
"mercedes-benz-w212-mercedes-benz-w212-headlight-assembly-2013-2015-sjc-496d8b","https://www.cowinmotors.com/product/mercedes-benz-w212-mercedes-benz-w212-headlight-assembly-2013-2015-sjc-496d8b","Automotive Lighting","Mercedes-Benz w212 Headlight Assembly 2013-2015 (SJC)","SJC","no","noindex: catalog record lacks a specific reference, side, material, size, color, or listed feature"
"porsche-718-porsche-718-headlight-assembly-2016-2023-cayman-boxster-sjc-d97cfd","https://www.cowinmotors.com/product/porsche-718-porsche-718-headlight-assembly-2016-2023-cayman-boxster-sjc-d97cfd","Automotive Lighting","Porsche 718 Headlight Assembly 2016-2023 cayman boxster (SJC)","SJC","yes","indexable: product has a usable catalog image and distinguishing product data"
"porsche-911-porsche-911-led-drl-projector-lens-headlight-assembly-2013-2018-5e98fb","https://www.cowinmotors.com/product/porsche-911-porsche-911-led-drl-projector-lens-headlight-assembly-2013-2018-5e98fb","Automotive Lighting","Porsche 911 LED, DRL, projector lens Headlight Assembly 2013-2018","","yes","indexable: product has a usable catalog image and distinguishing product data"
"porsche-911-porsche-911-rs-style-headlight-assembly-2012-2018-991-sjc-01c642","https://www.cowinmotors.com/product/porsche-911-porsche-911-rs-style-headlight-assembly-2012-2018-991-sjc-01c642","Automotive Lighting","Porsche 911 RS style Headlight Assembly 2012-2018 991 (SJC)","SJC","yes","indexable: product has a usable catalog image and distinguishing product data"
"porsche-997-porsche-997-rs-style-headlight-assembly-2005-2011-997-sjc-56bf25","https://www.cowinmotors.com/product/porsche-997-porsche-997-rs-style-headlight-assembly-2005-2011-997-sjc-56bf25","Automotive Lighting","Porsche 997 RS style Headlight Assembly 2005-2011 997 (SJC)","SJC","yes","indexable: product has a usable catalog image and distinguishing product data"
"porsche-cayenne-porsche-cayenne-headlight-assembly-2011-2014-958-1-sjc-247d65","https://www.cowinmotors.com/product/porsche-cayenne-porsche-cayenne-headlight-assembly-2011-2014-958-1-sjc-247d65","Automotive Lighting","Porsche Cayenne Headlight Assembly 2011-2014 958.1 (SJC)","SJC","yes","indexable: product has a usable catalog image and distinguishing product data"
"porsche-cayenne-porsche-cayenne-headlight-assembly-2011-2014-958-1-2015-2017-958-2-25-sjc-","https://www.cowinmotors.com/product/porsche-cayenne-porsche-cayenne-headlight-assembly-2011-2014-958-1-2015-2017-958-2-25-sjc-","Automotive Lighting","Porsche Cayenne Headlight Assembly 2011-2014 958.1 / 2015-2017 958.2 / / （ 25） / (SJC)","SJC","yes","indexable: product has a usable catalog image and distinguishing product data"
"porsche-cayenne-porsche-cayenne-headlight-assembly-2018-2023-9y0-25-sjc-6f3b88","https://www.cowinmotors.com/product/porsche-cayenne-porsche-cayenne-headlight-assembly-2018-2023-9y0-25-sjc-6f3b88","Automotive Lighting","Porsche Cayenne Headlight Assembly 2018-2023 9Y0 / / ( 25) (SJC)","SJC","yes","indexable: product has a usable catalog image and distinguishing product data"
"porsche-cayenne-porsche-cayenne-rs-style-headlight-assembly-2007-2010-957-sjc-3e51f7","https://www.cowinmotors.com/product/porsche-cayenne-porsche-cayenne-rs-style-headlight-assembly-2007-2010-957-sjc-3e51f7","Automotive Lighting","Porsche Cayenne RS style Headlight Assembly 2007-2010 957 (SJC)","SJC","yes","indexable: product has a usable catalog image and distinguishing product data"
"porsche-cayenne-porsche-cayenne-rs-style-headlight-assembly-2011-2014-958-1-sjc-c967ea","https://www.cowinmotors.com/product/porsche-cayenne-porsche-cayenne-rs-style-headlight-assembly-2011-2014-958-1-sjc-c967ea","Automotive Lighting","Porsche Cayenne RS style Headlight Assembly 2011-2014 958.1 (SJC)","SJC","yes","indexable: product has a usable catalog image and distinguishing product data"
"porsche-cayenne-porsche-cayenne-rs-style-headlight-assembly-2015-2017-958-2-sjc-382c5a","https://www.cowinmotors.com/product/porsche-cayenne-porsche-cayenne-rs-style-headlight-assembly-2015-2017-958-2-sjc-382c5a","Automotive Lighting","Porsche Cayenne RS style Headlight Assembly 2015-2017 958.2 (SJC)","SJC","yes","indexable: product has a usable catalog image and distinguishing product data"
"porsche-cayenne-07-porsche-cayenne-07-led-matrix-drl-headlight-assembly-2007-2010-374f94","https://www.cowinmotors.com/product/porsche-cayenne-07-porsche-cayenne-07-led-matrix-drl-headlight-assembly-2007-2010-374f94","Automotive Lighting","Porsche Cayenne 07 LED, matrix, DRL Headlight Assembly 2007-2010","","yes","indexable: product has a usable catalog image and distinguishing product data"
"porsche-cayenne-11-porsche-cayenne-11-led-sequential-turn-signal-projector-lens-headlight-","https://www.cowinmotors.com/product/porsche-cayenne-11-porsche-cayenne-11-led-sequential-turn-signal-projector-lens-headlight-","Automotive Lighting","Porsche Cayenne 11 LED, sequential turn signal, projector lens Headlight Assembly 2011-2018","","yes","indexable: product has a usable catalog image and distinguishing product data"
"porsche-cayenne-18-porsche-cayenne-18-led-matrix-drl-headlight-assembly-2018-2023-0b1677","https://www.cowinmotors.com/product/porsche-cayenne-18-porsche-cayenne-18-led-matrix-drl-headlight-assembly-2018-2023-0b1677","Automotive Lighting","Porsche Cayenne 18 LED, matrix, DRL Headlight Assembly 2018-2023","","yes","indexable: product has a usable catalog image and distinguishing product data"
"porsche-cayenne-958-2-11-porsche-cayenne-958-2-11-headlight-assembly-2011-2018-fc3d8f","https://www.cowinmotors.com/product/porsche-cayenne-958-2-11-porsche-cayenne-958-2-11-headlight-assembly-2011-2018-fc3d8f","Automotive Lighting","Porsche Cayenne 958.2 11 Headlight Assembly 2011-2018","","yes","indexable: product has a usable catalog image and distinguishing product data"
"porsche-cayman-16-24-boxster-718led-porsche-cayman-16-24-boxster-718led-led-drl-headlight-","https://www.cowinmotors.com/product/porsche-cayman-16-24-boxster-718led-porsche-cayman-16-24-boxster-718led-led-drl-headlight-","Automotive Lighting","Porsche Cayman 16-24 Boxster 718LED LED, DRL Headlight Assembly 2016-2024","","yes","indexable: product has a usable catalog image and distinguishing product data"
"porsche-macan-porsche-macan-rs-style-headlight-assembly-2014-2022-95b-1-sjc-d7da66","https://www.cowinmotors.com/product/porsche-macan-porsche-macan-rs-style-headlight-assembly-2014-2022-95b-1-sjc-d7da66","Automotive Lighting","Porsche Macan RS style Headlight Assembly 2014-2022 95B.1 (SJC)","SJC","yes","indexable: product has a usable catalog image and distinguishing product data"
"porsche-panamera-porsche-panamera-headlight-assembly-2010-2013-970-1-sjc-221e26","https://www.cowinmotors.com/product/porsche-panamera-porsche-panamera-headlight-assembly-2010-2013-970-1-sjc-221e26","Automotive Lighting","Porsche Panamera Headlight Assembly 2010-2013 970.1 (SJC)","SJC","yes","indexable: product has a usable catalog image and distinguishing product data"
"porsche-panamera-porsche-panamera-headlight-assembly-2010-2013-970-1-971-25-sjc-906773","https://www.cowinmotors.com/product/porsche-panamera-porsche-panamera-headlight-assembly-2010-2013-970-1-971-25-sjc-906773","Automotive Lighting","Porsche Panamera Headlight Assembly 2010-2013 970.1/971 / / （ 25） / (SJC)","SJC","yes","indexable: product has a usable catalog image and distinguishing product data"
"porsche-panamera-porsche-panamera-headlight-assembly-2014-2016-970-2-971-1-25-sjc-d81c11","https://www.cowinmotors.com/product/porsche-panamera-porsche-panamera-headlight-assembly-2014-2016-970-2-971-1-25-sjc-d81c11","Automotive Lighting","Porsche Panamera Headlight Assembly 2014-2016 970.2/971.1 / / （ 25） (SJC)","SJC","yes","indexable: product has a usable catalog image and distinguishing product data"
"porsche-panamera-porsche-panamera-headlight-assembly-2018-2023-971-25-sjc-dd0cfb","https://www.cowinmotors.com/product/porsche-panamera-porsche-panamera-headlight-assembly-2018-2023-971-25-sjc-dd0cfb","Automotive Lighting","Porsche Panamera Headlight Assembly 2018-2023 971 / / ( 25) (SJC)","SJC","yes","indexable: product has a usable catalog image and distinguishing product data"
"porsche-panamera-porsche-panamera-rs-style-headlight-assembly-2010-2013-970-1-sjc-bb69ed","https://www.cowinmotors.com/product/porsche-panamera-porsche-panamera-rs-style-headlight-assembly-2010-2013-970-1-sjc-bb69ed","Automotive Lighting","Porsche Panamera RS style Headlight Assembly 2010-2013 970.1 (SJC)","SJC","yes","indexable: product has a usable catalog image and distinguishing product data"
"porsche-panamera-porsche-panamera-rs-style-headlight-assembly-2014-2016-970-2-sjc-1789b7","https://www.cowinmotors.com/product/porsche-panamera-porsche-panamera-rs-style-headlight-assembly-2014-2016-970-2-sjc-1789b7","Automotive Lighting","Porsche Panamera RS style Headlight Assembly 2014-2016 970.2 (SJC)","SJC","yes","indexable: product has a usable catalog image and distinguishing product data"
"porsche-panamera-porsche-panamera-rs-style-headlight-assembly-2017-2022-971-sjc-e200f5","https://www.cowinmotors.com/product/porsche-panamera-porsche-panamera-rs-style-headlight-assembly-2017-2022-971-sjc-e200f5","Automotive Lighting","Porsche Panamera RS style Headlight Assembly 2017-2022 971 (SJC)","SJC","yes","indexable: product has a usable catalog image and distinguishing product data"
"porsche-panamera-10-porsche-panamera-10-led-projector-lens-headlight-assembly-2010-2017-74","https://www.cowinmotors.com/product/porsche-panamera-10-porsche-panamera-10-led-projector-lens-headlight-assembly-2010-2017-74","Automotive Lighting","Porsche Panamera 10 LED, projector lens Headlight Assembly 2010-2017","","yes","indexable: product has a usable catalog image and distinguishing product data"
"porsche-panamera-10-970-1-porsche-panamera-10-970-1-led-matrix-projector-lens-headlight-as","https://www.cowinmotors.com/product/porsche-panamera-10-970-1-porsche-panamera-10-970-1-led-matrix-projector-lens-headlight-as","Automotive Lighting","Porsche Panamera 10 970.1 LED, matrix, projector lens Headlight Assembly 2010-2013","","yes","indexable: product has a usable catalog image and distinguishing product data"
"porsche-panamera-14-porsche-panamera-14-led-drl-projector-lens-headlight-assembly-2014-201","https://www.cowinmotors.com/product/porsche-panamera-14-porsche-panamera-14-led-drl-projector-lens-headlight-assembly-2014-201","Automotive Lighting","Porsche Panamera 14 LED, DRL, projector lens Headlight Assembly 2014-2016","","yes","indexable: product has a usable catalog image and distinguishing product data"
"porsche-panamera-18-porsche-panamera-18-led-matrix-headlight-assembly-2018-2023-32f16b","https://www.cowinmotors.com/product/porsche-panamera-18-porsche-panamera-18-led-matrix-headlight-assembly-2018-2023-32f16b","Automotive Lighting","Porsche Panamera 18 LED, matrix Headlight Assembly 2018-2023","","yes","indexable: product has a usable catalog image and distinguishing product data"
"porsche-macan-14-20-led-porsche-macan-14-20-led-led-drl-projector-lens-headlight-assembly-","https://www.cowinmotors.com/product/porsche-macan-14-20-led-porsche-macan-14-20-led-led-drl-projector-lens-headlight-assembly-","Automotive Lighting","Porsche macan 14-20 LED LED, DRL, projector lens Headlight Assembly 2014-2020","","yes","indexable: product has a usable catalog image and distinguishing product data"
"tesla-ats-atsled-tesla-ats-atsled-led-sequential-turn-signal-drl-headlight-assembly-665f8d","https://www.cowinmotors.com/product/tesla-ats-atsled-tesla-ats-atsled-led-sequential-turn-signal-drl-headlight-assembly-665f8d","Automotive Lighting","Tesla ATS ATSLED LED, sequential turn signal, DRL Headlight Assembly","","yes","indexable: product has a usable catalog image and distinguishing product data"
"volkswagen-09-15-scirocco-r-volkswagen-09-15-scirocco-r-drl-projector-lens-headlight-assem","https://www.cowinmotors.com/product/volkswagen-09-15-scirocco-r-volkswagen-09-15-scirocco-r-drl-projector-lens-headlight-assem","Automotive Lighting","Volkswagen 09-15 scirocco R DRL, projector lens Headlight Assembly 2009-2015","","yes","indexable: product has a usable catalog image and distinguishing product data"
"volkswagen-13-19-led-volkswagen-13-19-led-led-sequential-turn-signal-drl-headlight-assembl","https://www.cowinmotors.com/product/volkswagen-13-19-led-volkswagen-13-19-led-led-sequential-turn-signal-drl-headlight-assembl","Automotive Lighting","Volkswagen 13-19 LED LED, sequential turn signal, DRL Headlight Assembly 2013-2019","","yes","indexable: product has a usable catalog image and distinguishing product data"
"volkswagen-13-20-led-volkswagen-13-20-led-led-drl-projector-lens-headlight-assembly-2013-2","https://www.cowinmotors.com/product/volkswagen-13-20-led-volkswagen-13-20-led-led-drl-projector-lens-headlight-assembly-2013-2","Automotive Lighting","Volkswagen 13-20 LED LED, DRL, projector lens Headlight Assembly 2013-2020","","yes","indexable: product has a usable catalog image and distinguishing product data"
"volkswagen-16-19-t6-led-volkswagen-16-19-t6-led-led-drl-headlight-assembly-2016-2019-0f390","https://www.cowinmotors.com/product/volkswagen-16-19-t6-led-volkswagen-16-19-t6-led-led-drl-headlight-assembly-2016-2019-0f390","Automotive Lighting","Volkswagen 16-19 T6 LED LED, DRL Headlight Assembly 2016-2019","","yes","indexable: product has a usable catalog image and distinguishing product data"
"volkswagen-amarok-11-15-led-volkswagen-amarok-11-15-led-led-drl-projector-lens-headlight-a","https://www.cowinmotors.com/product/volkswagen-amarok-11-15-led-volkswagen-amarok-11-15-led-led-drl-projector-lens-headlight-a","Automotive Lighting","Volkswagen Amarok 11-15 LED LED, DRL, projector lens Headlight Assembly 2011-2015","","yes","indexable: product has a usable catalog image and distinguishing product data"
"volkswagen-amarok-15-20-led-volkswagen-amarok-15-20-led-led-drl-projector-lens-headlight-a","https://www.cowinmotors.com/product/volkswagen-amarok-15-20-led-volkswagen-amarok-15-20-led-led-drl-projector-lens-headlight-a","Automotive Lighting","Volkswagen Amarok 15-20 LED LED, DRL, projector lens Headlight Assembly 2015-2020","","yes","indexable: product has a usable catalog image and distinguishing product data"
"volkswagen-golf-volkswagen-golf-headlight-assembly-v001-35b6dd","https://www.cowinmotors.com/product/volkswagen-golf-volkswagen-golf-headlight-assembly-v001-35b6dd","Automotive Lighting","Volkswagen Golf Headlight Assembly (v001)","v001","yes","indexable: product has a usable catalog image and distinguishing product data"
"volkswagen-golf-volkswagen-golf-headlight-assembly-v002-3cde47","https://www.cowinmotors.com/product/volkswagen-golf-volkswagen-golf-headlight-assembly-v002-3cde47","Automotive Lighting","Volkswagen Golf Headlight Assembly (v002)","v002","yes","indexable: product has a usable catalog image and distinguishing product data"
"volkswagen-golf-volkswagen-golf-headlight-assembly-v003-1f909f","https://www.cowinmotors.com/product/volkswagen-golf-volkswagen-golf-headlight-assembly-v003-1f909f","Automotive Lighting","Volkswagen Golf Headlight Assembly (v003)","v003","yes","indexable: product has a usable catalog image and distinguishing product data"
"volkswagen-golf-volkswagen-golf-headlight-assembly-v004-700523","https://www.cowinmotors.com/product/volkswagen-golf-volkswagen-golf-headlight-assembly-v004-700523","Automotive Lighting","Volkswagen Golf Headlight Assembly (v004)","v004","yes","indexable: product has a usable catalog image and distinguishing product data"
"volkswagen-golf-volkswagen-golf-headlight-assembly-v010-6120b9","https://www.cowinmotors.com/product/volkswagen-golf-volkswagen-golf-headlight-assembly-v010-6120b9","Automotive Lighting","Volkswagen Golf Headlight Assembly (v010)","v010","yes","indexable: product has a usable catalog image and distinguishing product data"
"volkswagen-golf-03-volkswagen-golf-03-led-drl-headlight-assembly-2003-2011-7dc0ba","https://www.cowinmotors.com/product/volkswagen-golf-03-volkswagen-golf-03-led-drl-headlight-assembly-2003-2011-7dc0ba","Automotive Lighting","Volkswagen Golf 03 LED, DRL Headlight Assembly 2003-2011","","yes","indexable: product has a usable catalog image and distinguishing product data"
"volkswagen-golf-09-volkswagen-golf-09-led-drl-projector-lens-headlight-assembly-2009-2012-","https://www.cowinmotors.com/product/volkswagen-golf-09-volkswagen-golf-09-led-drl-projector-lens-headlight-assembly-2009-2012-","Automotive Lighting","Volkswagen Golf 09 LED, DRL, projector lens Headlight Assembly 2009-2012","","yes","indexable: product has a usable catalog image and distinguishing product data"
"volkswagen-golf-09-volkswagen-golf-09-led-drl-projector-lens-headlight-assembly-2009-2013-","https://www.cowinmotors.com/product/volkswagen-golf-09-volkswagen-golf-09-led-drl-projector-lens-headlight-assembly-2009-2013-","Automotive Lighting","Volkswagen Golf 09 LED, DRL, projector lens Headlight Assembly 2009-2013","","yes","indexable: product has a usable catalog image and distinguishing product data"
"volkswagen-golf-13-volkswagen-golf-13-led-sequential-turn-signal-projector-lens-headlight-","https://www.cowinmotors.com/product/volkswagen-golf-13-volkswagen-golf-13-led-sequential-turn-signal-projector-lens-headlight-","Automotive Lighting","Volkswagen Golf 13 LED, sequential turn signal, projector lens Headlight Assembly 2013-2017","","yes","indexable: product has a usable catalog image and distinguishing product data"
"volkswagen-golf-13-13-volkswagen-golf-13-13-led-projector-lens-headlight-assembly-2013-201","https://www.cowinmotors.com/product/volkswagen-golf-13-13-volkswagen-golf-13-13-led-projector-lens-headlight-assembly-2013-201","Automotive Lighting","Volkswagen Golf 13 13 LED, projector lens Headlight Assembly 2013-2017","","yes","indexable: product has a usable catalog image and distinguishing product data"
"volkswagen-golf-18-volkswagen-golf-18-led-sequential-turn-signal-headlight-assembly-2018-2","https://www.cowinmotors.com/product/volkswagen-golf-18-volkswagen-golf-18-led-sequential-turn-signal-headlight-assembly-2018-2","Automotive Lighting","Volkswagen Golf 18 LED, sequential turn signal Headlight Assembly 2018-2020","","yes","indexable: product has a usable catalog image and distinguishing product data"
"volkswagen-golf-21-mk8-volkswagen-golf-21-mk8-led-projector-lens-headlight-assembly-2021-2","https://www.cowinmotors.com/product/volkswagen-golf-21-mk8-volkswagen-golf-21-mk8-led-projector-lens-headlight-assembly-2021-2","Automotive Lighting","Volkswagen Golf 21 MK8 LED, projector lens Headlight Assembly 2021-2024","","yes","indexable: product has a usable catalog image and distinguishing product data"
"volkswagen-magotan-16-volkswagen-magotan-16-led-drl-projector-lens-headlight-assembly-2016","https://www.cowinmotors.com/product/volkswagen-magotan-16-volkswagen-magotan-16-led-drl-projector-lens-headlight-assembly-2016","Automotive Lighting","Volkswagen Magotan 16 LED, DRL, projector lens Headlight Assembly 2016-2019","","yes","indexable: product has a usable catalog image and distinguishing product data"
"volkswagen-magotan-20-volkswagen-magotan-20-led-drl-headlight-assembly-2020-2023-611ccc","https://www.cowinmotors.com/product/volkswagen-magotan-20-volkswagen-magotan-20-led-drl-headlight-assembly-2020-2023-611ccc","Automotive Lighting","Volkswagen Magotan 20 LED, DRL Headlight Assembly 2020-2023","","yes","indexable: product has a usable catalog image and distinguishing product data"
"volkswagen-maitwei-volkswagen-maitwei-headlight-assembly-t6-cda652","https://www.cowinmotors.com/product/volkswagen-maitwei-volkswagen-maitwei-headlight-assembly-t6-cda652","Automotive Lighting","Volkswagen Maitwei Headlight Assembly (T6)","T6","yes","indexable: product has a usable catalog image and distinguishing product data"
"volkswagen-maitwei-volkswagen-maitwei-headlight-assembly-t6-1-fd57c0","https://www.cowinmotors.com/product/volkswagen-maitwei-volkswagen-maitwei-headlight-assembly-t6-1-fd57c0","Automotive Lighting","Volkswagen Maitwei Headlight Assembly (T6.1)","T6.1","yes","indexable: product has a usable catalog image and distinguishing product data"
"volkswagen-polo-volkswagen-polo-led-drl-projector-lens-headlight-assembly-2019-2024-9806bc","https://www.cowinmotors.com/product/volkswagen-polo-volkswagen-polo-led-drl-projector-lens-headlight-assembly-2019-2024-9806bc","Automotive Lighting","Volkswagen POLO LED, DRL, projector lens Headlight Assembly 2019-2024","","yes","indexable: product has a usable catalog image and distinguishing product data"
"volkswagen-polo-volkswagen-polo-led-sequential-turn-signal-headlight-assembly-2011-2018-5e","https://www.cowinmotors.com/product/volkswagen-polo-volkswagen-polo-led-sequential-turn-signal-headlight-assembly-2011-2018-5e","Automotive Lighting","Volkswagen POLO LED, sequential turn signal Headlight Assembly 2011-2018","","yes","indexable: product has a usable catalog image and distinguishing product data"
"volkswagen-sagitar-11-volkswagen-sagitar-11-led-drl-headlight-assembly-2011-2018-8aa5c5","https://www.cowinmotors.com/product/volkswagen-sagitar-11-volkswagen-sagitar-11-led-drl-headlight-assembly-2011-2018-8aa5c5","Automotive Lighting","Volkswagen Sagitar 11 LED, DRL Headlight Assembly 2011-2018","","yes","indexable: product has a usable catalog image and distinguishing product data"
"volkswagen-sagitar-12-volkswagen-sagitar-12-led-drl-headlight-assembly-2012-2018-cbf739","https://www.cowinmotors.com/product/volkswagen-sagitar-12-volkswagen-sagitar-12-led-drl-headlight-assembly-2012-2018-cbf739","Automotive Lighting","Volkswagen Sagitar 12 LED, DRL Headlight Assembly 2012-2018","","yes","indexable: product has a usable catalog image and distinguishing product data"
"volkswagen-sagitar-12-volkswagen-sagitar-12-led-drl-projector-lens-headlight-assembly-2012","https://www.cowinmotors.com/product/volkswagen-sagitar-12-volkswagen-sagitar-12-led-drl-projector-lens-headlight-assembly-2012","Automotive Lighting","Volkswagen Sagitar 12 LED, DRL, projector lens Headlight Assembly 2012-2018","","yes","indexable: product has a usable catalog image and distinguishing product data"
"volkswagen-tiguan-17-volkswagen-tiguan-17-led-drl-headlight-assembly-2017-2019-c88962","https://www.cowinmotors.com/product/volkswagen-tiguan-17-volkswagen-tiguan-17-led-drl-headlight-assembly-2017-2019-c88962","Automotive Lighting","Volkswagen Tiguan 17 LED, DRL Headlight Assembly 2017-2019","","yes","indexable: product has a usable catalog image and distinguishing product data"
"2012-2018-audi-a6-c7-3-0t-ss304-valved-catback-exhaust-system","https://www.cowinmotors.com/product/2012-2018-audi-a6-c7-3-0t-ss304-valved-catback-exhaust-system","Exhaust Systems","2012-2018 Audi A6 C7 3.0T SS304 Valved Catback Exhaust System","","no","noindex: catalog record lacks a specific reference, side, material, size, color, or listed feature"
"2018-audi-s5-b9-sportback-3-0t-ss304-valved-catback-exhaust-system","https://www.cowinmotors.com/product/2018-audi-s5-b9-sportback-3-0t-ss304-valved-catback-exhaust-system","Exhaust Systems","2018 Audi S5 B9 Sportback 3.0T SS304 Valved Catback Exhaust System","","no","noindex: catalog record lacks a specific reference, side, material, size, color, or listed feature"
"2016-audi-s6-c7-4-0t-ss304-valved-catback-exhaust-system","https://www.cowinmotors.com/product/2016-audi-s6-c7-4-0t-ss304-valved-catback-exhaust-system","Exhaust Systems","2016 Audi S6 C7 4.0T SS304 Valved Catback Exhaust System","","no","noindex: catalog record lacks a specific reference, side, material, size, color, or listed feature"
"2011-bmw-m3-e90-e92-e93-coupe-s65-4-0l-ss304-valved-catback-exhaust-system","https://www.cowinmotors.com/product/2011-bmw-m3-e90-e92-e93-coupe-s65-4-0l-ss304-valved-catback-exhaust-system","Exhaust Systems","2011 BMW M3 E90 / E92 / E93 Coupe S65 4.0L SS304 Valved Catback Exhaust System","","no","noindex: catalog record lacks a specific reference, side, material, size, color, or listed feature"
"bmw-330i-320i-f30-2-0t-2013-2018-ss304-valved-catback-exhaust-system","https://www.cowinmotors.com/product/bmw-330i-320i-f30-2-0t-2013-2018-ss304-valved-catback-exhaust-system","Exhaust Systems","BMW 330i / 320i F30 2.0T 2013-2018 SS304 Valved Catback Exhaust System","","no","noindex: catalog record lacks a specific reference, side, material, size, color, or listed feature"
"2018-bmw-440i-f32-f33-f36-b58-3-0t-ss304-valved-catback-exhaust-system","https://www.cowinmotors.com/product/2018-bmw-440i-f32-f33-f36-b58-3-0t-ss304-valved-catback-exhaust-system","Exhaust Systems","2018 BMW 440i F32 / F33 / F36 B58 3.0T SS304 Valved Catback Exhaust System","","no","noindex: catalog record lacks a specific reference, side, material, size, color, or listed feature"
"2021-bmw-x3m-x4m-f97-f98-3-0t-valved-catback-exhaust-system-ss304","https://www.cowinmotors.com/product/2021-bmw-x3m-x4m-f97-f98-3-0t-valved-catback-exhaust-system-ss304","Exhaust Systems","2021 BMW X3M / X4M F97 F98 3.0T Valved Catback Exhaust System SS304","","no","noindex: catalog record lacks a specific reference, side, material, size, color, or listed feature"
"bmw-330i-330e-g20-b48-2-0t-ss304-valved-catback-exhaust-system","https://www.cowinmotors.com/product/bmw-330i-330e-g20-b48-2-0t-ss304-valved-catback-exhaust-system","Exhaust Systems","BMW 330i / 330e G20 B48 2.0T SS304 Valved Catback Exhaust System","","no","noindex: catalog record lacks a specific reference, side, material, size, color, or listed feature"
"bmw-m2-m3-m4-g8x-s58-3-0t-ss304-performance-downpipe-kit","https://www.cowinmotors.com/product/bmw-m2-m3-m4-g8x-s58-3-0t-ss304-performance-downpipe-kit","Exhaust Systems","BMW M2 / M3 / M4 G8X S58 3.0T SS304 Performance Downpipe Kit","","no","noindex: catalog record lacks a specific reference, side, material, size, color, or listed feature"
"mercedes-benz-e63-amg-w212-5-5t-2014-ss304-valved-catback-exhaust-system","https://www.cowinmotors.com/product/mercedes-benz-e63-amg-w212-5-5t-2014-ss304-valved-catback-exhaust-system","Exhaust Systems","Mercedes-Benz E63 AMG W212 5.5T 2014 SS304 Valved Catback Exhaust System","","yes","indexable: product has a usable catalog image and distinguishing product data"
"mercedes-benz-w204-c63-amg-6-2l-v8-performance-exhaust-system-banana-header-straight-downp","https://www.cowinmotors.com/product/mercedes-benz-w204-c63-amg-6-2l-v8-performance-exhaust-system-banana-header-straight-downp","Exhaust Systems","Mercedes-Benz W204 C63 AMG 6.2L V8 Performance Exhaust System Banana Header + Straight Downpipe + Full 70mm Catback Exhaust","","yes","indexable: product has a usable catalog image and distinguishing product data"
"mercedes-benz-smart-w453-w451-0-9t-1-0t-ss304-valved-axle-back-exhaust-system","https://www.cowinmotors.com/product/mercedes-benz-smart-w453-w451-0-9t-1-0t-ss304-valved-axle-back-exhaust-system","Exhaust Systems","Mercedes-Benz SMART W453 / W451 0.9T 1.0T SS304 Valved Axle Back Exhaust System","","no","noindex: catalog record lacks a specific reference, side, material, size, color, or listed feature"
"2018-porsche-718-cayman-s-2-0t-catless-downpipe-titanium-valved-catback-exhaust-system","https://www.cowinmotors.com/product/2018-porsche-718-cayman-s-2-0t-catless-downpipe-titanium-valved-catback-exhaust-system","Exhaust Systems","2018 Porsche 718 Cayman S 2.0T Catless Downpipe + Titanium Valved Catback Exhaust System","","yes","indexable: product has a usable catalog image and distinguishing product data"
"porsche-macan-s-3-0-2019-95b-2-titanium-stainless-steel-valved-catback-exhaust-system","https://www.cowinmotors.com/product/porsche-macan-s-3-0-2019-95b-2-titanium-stainless-steel-valved-catback-exhaust-system","Exhaust Systems","Porsche Macan S 3.0 2019 95B-2 Titanium / Stainless Steel Valved Catback Exhaust System","","yes","indexable: product has a usable catalog image and distinguishing product data"
"2012-porsche-panamera-turbo-970-4-8t-v8-titanium-valved-catback-exhaust-system","https://www.cowinmotors.com/product/2012-porsche-panamera-turbo-970-4-8t-v8-titanium-valved-catback-exhaust-system","Exhaust Systems","2012 Porsche Panamera Turbo 970 4.8T V8 Titanium Valved Catback Exhaust System","","yes","indexable: product has a usable catalog image and distinguishing product data"
"audi-a3-audi-a3-led-sequential-turn-signal-rs-style-tail-light-assembly-2013-2016-6d9f6e","https://www.cowinmotors.com/product/audi-a3-audi-a3-led-sequential-turn-signal-rs-style-tail-light-assembly-2013-2016-6d9f6e","Tail Lights","Audi A3 LED, sequential turn signal, RS style Tail Light Assembly 2013-2016","","yes","indexable: product has a usable catalog image and distinguishing product data"
"audi-a4l-audi-a4l-led-sequential-turn-signal-facelift-conversion-tail-light-assembly-2009-","https://www.cowinmotors.com/product/audi-a4l-audi-a4l-led-sequential-turn-signal-facelift-conversion-tail-light-assembly-2009-","Tail Lights","Audi A4L LED, sequential turn signal, facelift conversion Tail Light Assembly 2009-2012","","yes","indexable: product has a usable catalog image and distinguishing product data"
"audi-a5-audi-a5-led-rs-style-tail-light-assembly-2008-2016-660efc","https://www.cowinmotors.com/product/audi-a5-audi-a5-led-rs-style-tail-light-assembly-2008-2016-660efc","Tail Lights","Audi A5 LED, RS style Tail Light Assembly 2008-2016","","yes","indexable: product has a usable catalog image and distinguishing product data"
"audi-a5-audi-a5-led-sequential-turn-signal-tail-light-assembly-2017-2020-89e752","https://www.cowinmotors.com/product/audi-a5-audi-a5-led-sequential-turn-signal-tail-light-assembly-2017-2020-89e752","Tail Lights","Audi A5 LED, sequential turn signal Tail Light Assembly 2017-2020","","yes","indexable: product has a usable catalog image and distinguishing product data"
"audi-a6-audi-a6-led-sequential-turn-signal-tail-light-assembly-2012-2015-cec289","https://www.cowinmotors.com/product/audi-a6-audi-a6-led-sequential-turn-signal-tail-light-assembly-2012-2015-cec289","Tail Lights","Audi A6 LED, sequential turn signal Tail Light Assembly 2012-2015","","yes","indexable: product has a usable catalog image and distinguishing product data"
"audi-a7-audi-a7-led-sequential-turn-signal-tail-light-assembly-2011-2014-9f2d1d","https://www.cowinmotors.com/product/audi-a7-audi-a7-led-sequential-turn-signal-tail-light-assembly-2011-2014-9f2d1d","Tail Lights","Audi A7 LED, sequential turn signal Tail Light Assembly 2011-2014","","yes","indexable: product has a usable catalog image and distinguishing product data"
"audi-a8-audi-a8-led-facelift-conversion-tail-light-assembly-2011-2013-247699","https://www.cowinmotors.com/product/audi-a8-audi-a8-led-facelift-conversion-tail-light-assembly-2011-2013-247699","Tail Lights","Audi A8 LED, facelift conversion Tail Light Assembly 2011-2013","","yes","indexable: product has a usable catalog image and distinguishing product data"
"audi-q3-audi-q3-led-sequential-turn-signal-tail-light-assembly-2013-2018-b00026","https://www.cowinmotors.com/product/audi-q3-audi-q3-led-sequential-turn-signal-tail-light-assembly-2013-2018-b00026","Tail Lights","Audi Q3 LED, sequential turn signal Tail Light Assembly 2013-2018","","yes","indexable: product has a usable catalog image and distinguishing product data"
"audi-q5-audi-q5-led-sequential-turn-signal-tail-light-assembly-2018-2024-940d0d","https://www.cowinmotors.com/product/audi-q5-audi-q5-led-sequential-turn-signal-tail-light-assembly-2018-2024-940d0d","Tail Lights","Audi Q5 LED, sequential turn signal Tail Light Assembly 2018-2024","","yes","indexable: product has a usable catalog image and distinguishing product data"
"audi-q5-led-08-17-audi-q5-led-08-17-led-tail-light-assembly-2008-2017-bb50ef","https://www.cowinmotors.com/product/audi-q5-led-08-17-audi-q5-led-08-17-led-tail-light-assembly-2008-2017-bb50ef","Tail Lights","Audi Q5 LED 08-17 LED Tail Light Assembly 2008-2017","","yes","indexable: product has a usable catalog image and distinguishing product data"
"audi-q7-audi-q7-led-tail-light-assembly-2016-2019-4b14b4","https://www.cowinmotors.com/product/audi-q7-audi-q7-led-tail-light-assembly-2016-2019-4b14b4","Tail Lights","Audi Q7 LED Tail Light Assembly 2016-2019","","yes","indexable: product has a usable catalog image and distinguishing product data"
"audi-q7-audi-q7-led-sequential-turn-signal-tail-light-assembly-2006-2015-d3873c","https://www.cowinmotors.com/product/audi-q7-audi-q7-led-sequential-turn-signal-tail-light-assembly-2006-2015-d3873c","Tail Lights","Audi Q7 LED, sequential turn signal Tail Light Assembly 2006-2015","","yes","indexable: product has a usable catalog image and distinguishing product data"
"audi-q7-audi-q7-led-sequential-turn-signal-tail-light-assembly-2008-2017-be474f","https://www.cowinmotors.com/product/audi-q7-audi-q7-led-sequential-turn-signal-tail-light-assembly-2008-2017-be474f","Tail Lights","Audi Q7 LED, sequential turn signal Tail Light Assembly 2008-2017","","yes","indexable: product has a usable catalog image and distinguishing product data"
"bmw-1-15-18-f20f21-led-bmw-1-15-18-f20f21-led-led-tail-light-assembly-2015-2018-c00b2a","https://www.cowinmotors.com/product/bmw-1-15-18-f20f21-led-bmw-1-15-18-f20f21-led-led-tail-light-assembly-2015-2018-c00b2a","Tail Lights","BMW 1 15-18 F20F21 LED LED Tail Light Assembly 2015-2018","","yes","indexable: product has a usable catalog image and distinguishing product data"
"bmw-2-14-20-f22-f21-led-bmw-2-14-20-f22-f21-led-led-sequential-turn-signal-facelift-conver","https://www.cowinmotors.com/product/bmw-2-14-20-f22-f21-led-bmw-2-14-20-f22-f21-led-led-sequential-turn-signal-facelift-conver","Tail Lights","BMW 2 14-20 F22 F21 LED LED, sequential turn signal, facelift conversion Tail Light Assembly 2014-2020","","yes","indexable: product has a usable catalog image and distinguishing product data"
"bmw-3-12-19-f30-f35-cls-bmw-3-12-19-f30-f35-cls-tail-light-assembly-2012-2019-ab8aa8","https://www.cowinmotors.com/product/bmw-3-12-19-f30-f35-cls-bmw-3-12-19-f30-f35-cls-tail-light-assembly-2012-2019-ab8aa8","Tail Lights","BMW 3 12-19 F30 F35 CLS （ ） Tail Light Assembly 2012-2019","","no","noindex: catalog record lacks a specific reference, side, material, size, color, or listed feature"
"bmw-3-12-19-f30-f35-cls-rgb-bmw-3-12-19-f30-f35-cls-rgb-tail-light-assembly-2012-2019-492d","https://www.cowinmotors.com/product/bmw-3-12-19-f30-f35-cls-rgb-bmw-3-12-19-f30-f35-cls-rgb-tail-light-assembly-2012-2019-492d","Tail Lights","BMW 3 12-19 F30 F35 CLS （RGB） Tail Light Assembly 2012-2019","","no","noindex: catalog record lacks a specific reference, side, material, size, color, or listed feature"
"bmw-3-13-18-f30f35-led-bmw-3-13-18-f30f35-led-led-sequential-turn-signal-tail-light-assemb","https://www.cowinmotors.com/product/bmw-3-13-18-f30f35-led-bmw-3-13-18-f30f35-led-led-sequential-turn-signal-tail-light-assemb","Tail Lights","BMW 3 13-18 F30F35 LED LED, sequential turn signal Tail Light Assembly 2013-2018","","yes","indexable: product has a usable catalog image and distinguishing product data"
"bmw-3-13-18-f30f35-led-bmw-3-13-18-f30f35-led-led-sequential-turn-signal-tail-light-assemb-2","https://www.cowinmotors.com/product/bmw-3-13-18-f30f35-led-bmw-3-13-18-f30f35-led-led-sequential-turn-signal-tail-light-assemb-2","Tail Lights","BMW 3 13-18 F30F35 LED （ ） LED, sequential turn signal Tail Light Assembly 2013-2018","","yes","indexable: product has a usable catalog image and distinguishing product data"
"bmw-3-f30c-8-13-18-led-bmw-3-f30c-8-13-18-led-led-sequential-turn-signal-tail-light-assemb","https://www.cowinmotors.com/product/bmw-3-f30c-8-13-18-led-bmw-3-f30c-8-13-18-led-led-sequential-turn-signal-tail-light-assemb","Tail Lights","BMW 3 F30c 8 13-18 LED LED, sequential turn signal Tail Light Assembly 2013-2018","","yes","indexable: product has a usable catalog image and distinguishing product data"
"bmw-3-gt-13-20-f34-led-bmw-3-gt-13-20-f34-led-led-sequential-turn-signal-tail-light-assemb","https://www.cowinmotors.com/product/bmw-3-gt-13-20-f34-led-bmw-3-gt-13-20-f34-led-led-sequential-turn-signal-tail-light-assemb","Tail Lights","BMW 3 GT 13-20 F34 LED LED, sequential turn signal Tail Light Assembly 2013-2020","","yes","indexable: product has a usable catalog image and distinguishing product data"
"bmw-3-gt-f34-led-bmw-3-gt-f34-led-led-tail-light-assembly-b56cfb","https://www.cowinmotors.com/product/bmw-3-gt-f34-led-bmw-3-gt-f34-led-led-tail-light-assembly-b56cfb","Tail Lights","BMW 3 GT F34 LED LED Tail Light Assembly","","yes","indexable: product has a usable catalog image and distinguishing product data"
"bmw-3-ser-bmw-3-ser-tail-light-assembly-2013-2020-6321-1944-8186-ef68d1","https://www.cowinmotors.com/product/bmw-3-ser-bmw-3-ser-tail-light-assembly-2013-2020-6321-1944-8186-ef68d1","Tail Lights","BMW 3 SER Tail Light Assembly 2013-2020 (6321 1944 8186)","6321 1944 8186","yes","indexable: product has a usable catalog image and distinguishing product data"
"bmw-3-ser-bmw-3-ser-tail-light-assembly-2013-2020-6321-7417-474-4fb240","https://www.cowinmotors.com/product/bmw-3-ser-bmw-3-ser-tail-light-assembly-2013-2020-6321-7417-474-4fb240","Tail Lights","BMW 3 SER Tail Light Assembly 2013-2020 (6321 7417 474)","6321 7417 474","yes","indexable: product has a usable catalog image and distinguishing product data"
"bmw-3-ser-bmw-3-ser-tail-light-assembly-2013-2020-6321-9-448-190-6df837","https://www.cowinmotors.com/product/bmw-3-ser-bmw-3-ser-tail-light-assembly-2013-2020-6321-9-448-190-6df837","Tail Lights","BMW 3 SER Tail Light Assembly 2013-2020 (6321 9 448 190)","6321 9 448 190","yes","indexable: product has a usable catalog image and distinguishing product data"
"bmw-3-ser-bmw-3-ser-tail-light-assembly-2016-2019-6321-7-456-520-370001","https://www.cowinmotors.com/product/bmw-3-ser-bmw-3-ser-tail-light-assembly-2016-2019-6321-7-456-520-370001","Tail Lights","BMW 3 SER Tail Light Assembly 2016-2019 (6321 7 456 520)","6321 7 456 520","yes","indexable: product has a usable catalog image and distinguishing product data"
"bmw-3-ser-bmw-3-ser-tail-light-assembly-2016-2019-6321-7-456-522-215574","https://www.cowinmotors.com/product/bmw-3-ser-bmw-3-ser-tail-light-assembly-2016-2019-6321-7-456-522-215574","Tail Lights","BMW 3 SER Tail Light Assembly 2016-2019 (6321 7 456 522)","6321 7 456 522","yes","indexable: product has a usable catalog image and distinguishing product data"
"bmw-4-13-20-f32-led-bmw-4-13-20-f32-led-led-tail-light-assembly-2013-2020-5fcb66","https://www.cowinmotors.com/product/bmw-4-13-20-f32-led-bmw-4-13-20-f32-led-led-tail-light-assembly-2013-2020-5fcb66","Tail Lights","BMW 4 13-20 F32 LED LED Tail Light Assembly 2013-2020","","yes","indexable: product has a usable catalog image and distinguishing product data"
"bmw-4-13-20-f33-led-bmw-4-13-20-f33-led-led-tail-light-assembly-2013-2020-b8cfcd","https://www.cowinmotors.com/product/bmw-4-13-20-f33-led-bmw-4-13-20-f33-led-led-tail-light-assembly-2013-2020-b8cfcd","Tail Lights","BMW 4 13-20 F33 LED LED Tail Light Assembly 2013-2020","","yes","indexable: product has a usable catalog image and distinguishing product data"
"bmw-4-14-20-f32m4gts-led-bmw-4-14-20-f32m4gts-led-led-tail-light-assembly-2014-2020-8c3624","https://www.cowinmotors.com/product/bmw-4-14-20-f32m4gts-led-bmw-4-14-20-f32m4gts-led-led-tail-light-assembly-2014-2020-8c3624","Tail Lights","BMW 4 14-20 F32M4GTS LED LED Tail Light Assembly 2014-2020","","yes","indexable: product has a usable catalog image and distinguishing product data"
"bmw-4-20-23-g22-g82-led-bmw-4-20-23-g22-g82-led-led-drl-tail-light-assembly-2020-2023-56f8","https://www.cowinmotors.com/product/bmw-4-20-23-g22-g82-led-bmw-4-20-23-g22-g82-led-led-drl-tail-light-assembly-2020-2023-56f8","Tail Lights","BMW 4 20-23 G22 G82 LED LED, DRL Tail Light Assembly 2020-2023","","yes","indexable: product has a usable catalog image and distinguishing product data"
"bmw-4-20-24-m4-csl-led-bmw-4-20-24-m4-csl-led-led-tail-light-assembly-2020-2024-d3ccb3","https://www.cowinmotors.com/product/bmw-4-20-24-m4-csl-led-bmw-4-20-24-m4-csl-led-led-tail-light-assembly-2020-2024-d3ccb3","Tail Lights","BMW 4 20-24 M4 CSL LED LED Tail Light Assembly 2020-2024","","yes","indexable: product has a usable catalog image and distinguishing product data"
"bmw-4-f32-13-19-m4cls-bmw-4-f32-13-19-m4cls-sequential-turn-signal-tail-light-assembly-201","https://www.cowinmotors.com/product/bmw-4-f32-13-19-m4cls-bmw-4-f32-13-19-m4cls-sequential-turn-signal-tail-light-assembly-201","Tail Lights","BMW 4 F32 13-19 M4CLS sequential turn signal Tail Light Assembly 2013-2019","","yes","indexable: product has a usable catalog image and distinguishing product data"
"bmw-5-03-10-led-e60-led-bmw-5-03-10-led-e60-led-led-tail-light-assembly-2003-2010-39ea9b","https://www.cowinmotors.com/product/bmw-5-03-10-led-e60-led-bmw-5-03-10-led-e60-led-led-tail-light-assembly-2003-2010-39ea9b","Tail Lights","BMW 5 03-10 LED E60 LED LED Tail Light Assembly 2003-2010","","yes","indexable: product has a usable catalog image and distinguishing product data"
"bmw-5-18-20-g30-g38-csl-bmw-5-18-20-g30-g38-csl-tail-light-assembly-2018-2020-375bd6","https://www.cowinmotors.com/product/bmw-5-18-20-g30-g38-csl-bmw-5-18-20-g30-g38-csl-tail-light-assembly-2018-2020-375bd6","Tail Lights","BMW 5 18-20 G30 G38 CSL Tail Light Assembly 2018-2020","","no","noindex: catalog record lacks a specific reference, side, material, size, color, or listed feature"
"bmw-5-18-20-g30-led-bmw-5-18-20-g30-led-led-tail-light-assembly-2018-2020-b9fcd5","https://www.cowinmotors.com/product/bmw-5-18-20-g30-led-bmw-5-18-20-g30-led-led-tail-light-assembly-2018-2020-b9fcd5","Tail Lights","BMW 5 18-20 G30 LED LED Tail Light Assembly 2018-2020","","yes","indexable: product has a usable catalog image and distinguishing product data"
"bmw-5-f10-11-17-led-bmw-5-f10-11-17-led-led-tail-light-assembly-2011-2017-7df26f","https://www.cowinmotors.com/product/bmw-5-f10-11-17-led-bmw-5-f10-11-17-led-led-tail-light-assembly-2011-2017-7df26f","Tail Lights","BMW 5 F10 11-17 LED LED Tail Light Assembly 2011-2017","","yes","indexable: product has a usable catalog image and distinguishing product data"
"bmw-5-f10f18-led-11-17-bmw-5-f10f18-led-11-17-led-tail-light-assembly-2011-2017-039077","https://www.cowinmotors.com/product/bmw-5-f10f18-led-11-17-bmw-5-f10f18-led-11-17-led-tail-light-assembly-2011-2017-039077","Tail Lights","BMW 5 F10F18 LED 11-17 LED Tail Light Assembly 2011-2017","","yes","indexable: product has a usable catalog image and distinguishing product data"
"bmw-5-gt-14-17-f07-6gt-led-bmw-5-gt-14-17-f07-6gt-led-led-tail-light-assembly-2014-2017-84","https://www.cowinmotors.com/product/bmw-5-gt-14-17-f07-6gt-led-bmw-5-gt-14-17-f07-6gt-led-led-tail-light-assembly-2014-2017-84","Tail Lights","BMW 5 GT 14-17 F07 6GT LED LED Tail Light Assembly 2014-2017","","yes","indexable: product has a usable catalog image and distinguishing product data"
"bmw-7-09-15-f02-730-740li-bmw-7-09-15-f02-730-740li-tail-light-assembly-2009-2015-a7a54c","https://www.cowinmotors.com/product/bmw-7-09-15-f02-730-740li-bmw-7-09-15-f02-730-740li-tail-light-assembly-2009-2015-a7a54c","Tail Lights","BMW 7 09-15 F02 730 740li Tail Light Assembly 2009-2015","","no","noindex: catalog record lacks a specific reference, side, material, size, color, or listed feature"
"bmw-7-f01f02-09-15-g12-led-bmw-7-f01f02-09-15-g12-led-led-tail-light-assembly-2009-2015-6c","https://www.cowinmotors.com/product/bmw-7-f01f02-09-15-g12-led-bmw-7-f01f02-09-15-g12-led-led-tail-light-assembly-2009-2015-6c","Tail Lights","BMW 7 F01F02 09-15 G12 LED LED Tail Light Assembly 2009-2015","","yes","indexable: product has a usable catalog image and distinguishing product data"
"bmw-7-ser-bmw-7-ser-tail-light-assembly-2009-2012-6321-7-182-198-504e59","https://www.cowinmotors.com/product/bmw-7-ser-bmw-7-ser-tail-light-assembly-2009-2012-6321-7-182-198-504e59","Tail Lights","BMW 7 SER Tail Light Assembly 2009-2012 (6321 7 182 198)","6321 7 182 198","yes","indexable: product has a usable catalog image and distinguishing product data"
"bmw-7-ser-bmw-7-ser-tail-light-assembly-2009-2012-6321-7-300-268-157f4a","https://www.cowinmotors.com/product/bmw-7-ser-bmw-7-ser-tail-light-assembly-2009-2012-6321-7-300-268-157f4a","Tail Lights","BMW 7 SER Tail Light Assembly 2009-2012 (6321 7 300 268)","6321 7 300 268","yes","indexable: product has a usable catalog image and distinguishing product data"
"bmw-e60-bmw-e60-led-sequential-turn-signal-tail-light-assembly-2003-2010-a49a7e","https://www.cowinmotors.com/product/bmw-e60-bmw-e60-led-sequential-turn-signal-tail-light-assembly-2003-2010-a49a7e","Tail Lights","BMW E60 LED, sequential turn signal Tail Light Assembly 2003-2010","","yes","indexable: product has a usable catalog image and distinguishing product data"
"bmw-e60-bmw-e60-tail-light-assembly-sjc-e30897","https://www.cowinmotors.com/product/bmw-e60-bmw-e60-tail-light-assembly-sjc-e30897","Tail Lights","BMW E60 Tail Light Assembly (SJC)","SJC","no","noindex: catalog record lacks a specific reference, side, material, size, color, or listed feature"
"bmw-e60-bmw-e60-tail-light-assembly-2003-2007-2008-2010-sjc-c88c4d","https://www.cowinmotors.com/product/bmw-e60-bmw-e60-tail-light-assembly-2003-2007-2008-2010-sjc-c88c4d","Tail Lights","BMW E60 Tail Light Assembly 2003-2007 / 2008-2010 (SJC)","SJC","no","noindex: catalog record lacks a specific reference, side, material, size, color, or listed feature"
"bmw-e66-bmw-e66-tail-light-assembly-06-08-6321-6-937-515-e0c5c2","https://www.cowinmotors.com/product/bmw-e66-bmw-e66-tail-light-assembly-06-08-6321-6-937-515-e0c5c2","Tail Lights","BMW E66 Tail Light Assembly 06--08 (6321 6 937 515)","6321 6 937 515","yes","indexable: product has a usable catalog image and distinguishing product data"
"bmw-e66-bmw-e66-tail-light-assembly-06-08-6321-6-937-516-b03602","https://www.cowinmotors.com/product/bmw-e66-bmw-e66-tail-light-assembly-06-08-6321-6-937-516-b03602","Tail Lights","BMW E66 Tail Light Assembly 06--08 (6321 6 937 516)","6321 6 937 516","yes","indexable: product has a usable catalog image and distinguishing product data"
"bmw-e66-bmw-e66-tail-light-assembly-06-08-6321-6-938-517-831faa","https://www.cowinmotors.com/product/bmw-e66-bmw-e66-tail-light-assembly-06-08-6321-6-938-517-831faa","Tail Lights","BMW E66 Tail Light Assembly 06--08 (6321 6 938 517)","6321 6 938 517","yes","indexable: product has a usable catalog image and distinguishing product data"
"bmw-e66-bmw-e66-tail-light-assembly-06-08-6321-6-938-518-91956a","https://www.cowinmotors.com/product/bmw-e66-bmw-e66-tail-light-assembly-06-08-6321-6-938-518-91956a","Tail Lights","BMW E66 Tail Light Assembly 06--08 (6321 6 938 518)","6321 6 938 518","yes","indexable: product has a usable catalog image and distinguishing product data"
"bmw-e70-bmw-e70-tail-light-assembly-2007-2010-6321-7-200-817-2ef104","https://www.cowinmotors.com/product/bmw-e70-bmw-e70-tail-light-assembly-2007-2010-6321-7-200-817-2ef104","Tail Lights","BMW E70 Tail Light Assembly 2007-2010 (6321 7 200 817)","6321 7 200 817","yes","indexable: product has a usable catalog image and distinguishing product data"
"bmw-e70-bmw-e70-tail-light-assembly-2007-2010-6321-7-200-818-24ffc8","https://www.cowinmotors.com/product/bmw-e70-bmw-e70-tail-light-assembly-2007-2010-6321-7-200-818-24ffc8","Tail Lights","BMW E70 Tail Light Assembly 2007-2010 (6321 7 200 818)","6321 7 200 818","yes","indexable: product has a usable catalog image and distinguishing product data"
"bmw-e70-bmw-e70-tail-light-assembly-2007-2010-6321-7-200-819-9c9af8","https://www.cowinmotors.com/product/bmw-e70-bmw-e70-tail-light-assembly-2007-2010-6321-7-200-819-9c9af8","Tail Lights","BMW E70 Tail Light Assembly 2007-2010 (6321 7 200 819)","6321 7 200 819","yes","indexable: product has a usable catalog image and distinguishing product data"
"bmw-e70-bmw-e70-tail-light-assembly-2007-2010-6321-7-200-820-b111a9","https://www.cowinmotors.com/product/bmw-e70-bmw-e70-tail-light-assembly-2007-2010-6321-7-200-820-b111a9","Tail Lights","BMW E70 Tail Light Assembly 2007-2010 (6321 7 200 820)","6321 7 200 820","yes","indexable: product has a usable catalog image and distinguishing product data"
"bmw-e70-bmw-e70-tail-light-assembly-2007-2013-sjc-918600","https://www.cowinmotors.com/product/bmw-e70-bmw-e70-tail-light-assembly-2007-2013-sjc-918600","Tail Lights","BMW E70 Tail Light Assembly 2007-2013 (SJC)","SJC","no","noindex: catalog record lacks a specific reference, side, material, size, color, or listed feature"
"bmw-e70-bmw-e70-tail-light-assembly-2008-2010-6321-7-200-821-63217295339-e0deb2","https://www.cowinmotors.com/product/bmw-e70-bmw-e70-tail-light-assembly-2008-2010-6321-7-200-821-63217295339-e0deb2","Tail Lights","BMW E70 Tail Light Assembly 2008-2010 (6321 7 200 821 /63217295339)","6321 7 200 821 /63217295339","yes","indexable: product has a usable catalog image and distinguishing product data"
"bmw-e70-bmw-e70-tail-light-assembly-2008-2010-6321-7-200-822-63217295340-d11f3c","https://www.cowinmotors.com/product/bmw-e70-bmw-e70-tail-light-assembly-2008-2010-6321-7-200-822-63217295340-d11f3c","Tail Lights","BMW E70 Tail Light Assembly 2008-2010 (6321 7 200 822 /63217295340)","6321 7 200 822 /63217295340","yes","indexable: product has a usable catalog image and distinguishing product data"
"bmw-e70-bmw-e70-tail-light-assembly-2010-2013-6321-7-227-789-7e2114","https://www.cowinmotors.com/product/bmw-e70-bmw-e70-tail-light-assembly-2010-2013-6321-7-227-789-7e2114","Tail Lights","BMW E70 Tail Light Assembly 2010-2013 (6321 7 227 789)","6321 7 227 789","yes","indexable: product has a usable catalog image and distinguishing product data"
"bmw-e70-bmw-e70-tail-light-assembly-2010-2013-6321-7-227-790-e487b3","https://www.cowinmotors.com/product/bmw-e70-bmw-e70-tail-light-assembly-2010-2013-6321-7-227-790-e487b3","Tail Lights","BMW E70 Tail Light Assembly 2010-2013 (6321 7 227 790)","6321 7 227 790","yes","indexable: product has a usable catalog image and distinguishing product data"
"bmw-e70-bmw-e70-tail-light-assembly-2010-2013-6321-7-227-791-aa5f5c","https://www.cowinmotors.com/product/bmw-e70-bmw-e70-tail-light-assembly-2010-2013-6321-7-227-791-aa5f5c","Tail Lights","BMW E70 Tail Light Assembly 2010-2013 (6321 7 227 791)","6321 7 227 791","yes","indexable: product has a usable catalog image and distinguishing product data"
"bmw-e70-bmw-e70-tail-light-assembly-2010-2013-6321-7-227-792-f51efd","https://www.cowinmotors.com/product/bmw-e70-bmw-e70-tail-light-assembly-2010-2013-6321-7-227-792-f51efd","Tail Lights","BMW E70 Tail Light Assembly 2010-2013 (6321 7 227 792)","6321 7 227 792","yes","indexable: product has a usable catalog image and distinguishing product data"
"bmw-e70-bmw-e70-tail-light-assembly-2010-2013-6321-7-227-793-bda20c","https://www.cowinmotors.com/product/bmw-e70-bmw-e70-tail-light-assembly-2010-2013-6321-7-227-793-bda20c","Tail Lights","BMW E70 Tail Light Assembly 2010-2013 (6321 7 227 793)","6321 7 227 793","yes","indexable: product has a usable catalog image and distinguishing product data"
"bmw-e70-bmw-e70-tail-light-assembly-2010-2013-6321-7-227-794-54b520","https://www.cowinmotors.com/product/bmw-e70-bmw-e70-tail-light-assembly-2010-2013-6321-7-227-794-54b520","Tail Lights","BMW E70 Tail Light Assembly 2010-2013 (6321 7 227 794)","6321 7 227 794","yes","indexable: product has a usable catalog image and distinguishing product data"
"bmw-e71-bmw-e71-led-drl-facelift-conversion-tail-light-assembly-2008-2014-9a8d93","https://www.cowinmotors.com/product/bmw-e71-bmw-e71-led-drl-facelift-conversion-tail-light-assembly-2008-2014-9a8d93","Tail Lights","BMW E71 LED, DRL, facelift conversion Tail Light Assembly 2008-2014","","yes","indexable: product has a usable catalog image and distinguishing product data"
"bmw-e71-bmw-e71-tail-light-assembly-2007-2013-6321-7-179-983-ff463a","https://www.cowinmotors.com/product/bmw-e71-bmw-e71-tail-light-assembly-2007-2013-6321-7-179-983-ff463a","Tail Lights","BMW E71 Tail Light Assembly 2007-2013 (6321 7 179 983)","6321 7 179 983","yes","indexable: product has a usable catalog image and distinguishing product data"
"bmw-e71-bmw-e71-tail-light-assembly-2007-2013-6321-7-179-984-eccb40","https://www.cowinmotors.com/product/bmw-e71-bmw-e71-tail-light-assembly-2007-2013-6321-7-179-984-eccb40","Tail Lights","BMW E71 Tail Light Assembly 2007-2013 (6321 7 179 984)","6321 7 179 984","yes","indexable: product has a usable catalog image and distinguishing product data"
"bmw-e71-bmw-e71-tail-light-assembly-2007-2013-6321-7-179-987-27b760","https://www.cowinmotors.com/product/bmw-e71-bmw-e71-tail-light-assembly-2007-2013-6321-7-179-987-27b760","Tail Lights","BMW E71 Tail Light Assembly 2007-2013 (6321 7 179 987)","6321 7 179 987","yes","indexable: product has a usable catalog image and distinguishing product data"
"bmw-e71-bmw-e71-tail-light-assembly-2007-2013-6321-7-179-988-34794f","https://www.cowinmotors.com/product/bmw-e71-bmw-e71-tail-light-assembly-2007-2013-6321-7-179-988-34794f","Tail Lights","BMW E71 Tail Light Assembly 2007-2013 (6321 7 179 988)","6321 7 179 988","yes","indexable: product has a usable catalog image and distinguishing product data"
"bmw-e71-bmw-e71-tail-light-assembly-2008-2013-sjc-f67f71","https://www.cowinmotors.com/product/bmw-e71-bmw-e71-tail-light-assembly-2008-2013-sjc-f67f71","Tail Lights","BMW E71 Tail Light Assembly 2008-2013 (SJC)","SJC","yes","indexable: product has a usable catalog image and distinguishing product data"
"bmw-e71-bmw-e71-tail-light-assembly-2012-2014-6321-7-295-001-b661bb","https://www.cowinmotors.com/product/bmw-e71-bmw-e71-tail-light-assembly-2012-2014-6321-7-295-001-b661bb","Tail Lights","BMW E71 Tail Light Assembly 2012-2014 (6321 7 295 001)","6321 7 295 001","yes","indexable: product has a usable catalog image and distinguishing product data"
"bmw-e71-bmw-e71-tail-light-assembly-2012-2014-6321-7-295-002-12fd18","https://www.cowinmotors.com/product/bmw-e71-bmw-e71-tail-light-assembly-2012-2014-6321-7-295-002-12fd18","Tail Lights","BMW E71 Tail Light Assembly 2012-2014 (6321 7 295 002)","6321 7 295 002","yes","indexable: product has a usable catalog image and distinguishing product data"
"bmw-e71-bmw-e71-tail-light-assembly-2012-2014-6321-7-295-005-5b041e","https://www.cowinmotors.com/product/bmw-e71-bmw-e71-tail-light-assembly-2012-2014-6321-7-295-005-5b041e","Tail Lights","BMW E71 Tail Light Assembly 2012-2014 (6321 7 295 005)","6321 7 295 005","yes","indexable: product has a usable catalog image and distinguishing product data"
"bmw-e71-bmw-e71-tail-light-assembly-2012-2014-6321-7-295-006-3676d2","https://www.cowinmotors.com/product/bmw-e71-bmw-e71-tail-light-assembly-2012-2014-6321-7-295-006-3676d2","Tail Lights","BMW E71 Tail Light Assembly 2012-2014 (6321 7 295 006)","6321 7 295 006","yes","indexable: product has a usable catalog image and distinguishing product data"
"bmw-e71-bmw-e71-smoked-housing-tail-light-assembly-2008-2013-sjc-bc30c1","https://www.cowinmotors.com/product/bmw-e71-bmw-e71-smoked-housing-tail-light-assembly-2008-2013-sjc-bc30c1","Tail Lights","BMW E71 smoked housing Tail Light Assembly 2008-2013 (SJC)","SJC","yes","indexable: product has a usable catalog image and distinguishing product data"
"bmw-e84-bmw-e84-tail-light-assembly-2009-2016-6321-7-191-775-0b97c2","https://www.cowinmotors.com/product/bmw-e84-bmw-e84-tail-light-assembly-2009-2016-6321-7-191-775-0b97c2","Tail Lights","BMW E84 Tail Light Assembly 2009-2016 (6321 7 191 775)","6321 7 191 775","yes","indexable: product has a usable catalog image and distinguishing product data"
"bmw-e84-bmw-e84-tail-light-assembly-2009-2016-6321-7-191-776-e1091a","https://www.cowinmotors.com/product/bmw-e84-bmw-e84-tail-light-assembly-2009-2016-6321-7-191-776-e1091a","Tail Lights","BMW E84 Tail Light Assembly 2009-2016 (6321 7 191 776)","6321 7 191 776","yes","indexable: product has a usable catalog image and distinguishing product data"
"bmw-e84-bmw-e84-tail-light-assembly-2011-2014-6321-2-990-109-3b0afb","https://www.cowinmotors.com/product/bmw-e84-bmw-e84-tail-light-assembly-2011-2014-6321-2-990-109-3b0afb","Tail Lights","BMW E84 Tail Light Assembly 2011-2014 (6321 2 990 109)","6321 2 990 109","yes","indexable: product has a usable catalog image and distinguishing product data"
"bmw-e84-bmw-e84-tail-light-assembly-2011-2014-6321-2-990-110-1caf4c","https://www.cowinmotors.com/product/bmw-e84-bmw-e84-tail-light-assembly-2011-2014-6321-2-990-110-1caf4c","Tail Lights","BMW E84 Tail Light Assembly 2011-2014 (6321 2 990 110)","6321 2 990 110","yes","indexable: product has a usable catalog image and distinguishing product data"
"bmw-e84-bmw-e84-tail-light-assembly-2011-2014-6321-2-990-113-b45ada","https://www.cowinmotors.com/product/bmw-e84-bmw-e84-tail-light-assembly-2011-2014-6321-2-990-113-b45ada","Tail Lights","BMW E84 Tail Light Assembly 2011-2014 (6321 2 990 113)","6321 2 990 113","yes","indexable: product has a usable catalog image and distinguishing product data"
"bmw-e84-bmw-e84-tail-light-assembly-2011-2014-6321-2-990-114-0396b1","https://www.cowinmotors.com/product/bmw-e84-bmw-e84-tail-light-assembly-2011-2014-6321-2-990-114-0396b1","Tail Lights","BMW E84 Tail Light Assembly 2011-2014 (6321 2 990 114)","6321 2 990 114","yes","indexable: product has a usable catalog image and distinguishing product data"
"bmw-e84-bmw-e84-tail-light-assembly-2011-2015-sjc-bf03b2","https://www.cowinmotors.com/product/bmw-e84-bmw-e84-tail-light-assembly-2011-2015-sjc-bf03b2","Tail Lights","BMW E84 Tail Light Assembly 2011-2015 (SJC)","SJC","yes","indexable: product has a usable catalog image and distinguishing product data"
"bmw-e90-bmw-e90-led-tail-light-assembly-2005-2012-f8b780","https://www.cowinmotors.com/product/bmw-e90-bmw-e90-led-tail-light-assembly-2005-2012-f8b780","Tail Lights","BMW E90 LED Tail Light Assembly 2005-2012","","yes","indexable: product has a usable catalog image and distinguishing product data"
"bmw-e90-bmw-e90-led-tail-light-assembly-2009-2012-9392bd","https://www.cowinmotors.com/product/bmw-e90-bmw-e90-led-tail-light-assembly-2009-2012-9392bd","Tail Lights","BMW E90 LED Tail Light Assembly 2009-2012","","yes","indexable: product has a usable catalog image and distinguishing product data"
"bmw-e90-bmw-e90-tail-light-assembly-2005-2008-sjc-2e37a6","https://www.cowinmotors.com/product/bmw-e90-bmw-e90-tail-light-assembly-2005-2008-sjc-2e37a6","Tail Lights","BMW E90 Tail Light Assembly 2005-2008 (SJC)","SJC","yes","indexable: product has a usable catalog image and distinguishing product data"
"bmw-e90-bmw-e90-tail-light-assembly-2009-2012-6321-7-289-425-154153-4-871731-71276c","https://www.cowinmotors.com/product/bmw-e90-bmw-e90-tail-light-assembly-2009-2012-6321-7-289-425-154153-4-871731-71276c","Tail Lights","BMW E90 Tail Light Assembly 2009-2012 (6321 7 289 425 /154153 /4 871731)","6321 7 289 425 /154153 /4 871731","yes","indexable: product has a usable catalog image and distinguishing product data"
"bmw-e90-bmw-e90-tail-light-assembly-2009-2012-6321-7-289-426-154154-4-871732-e1357a","https://www.cowinmotors.com/product/bmw-e90-bmw-e90-tail-light-assembly-2009-2012-6321-7-289-426-154154-4-871732-e1357a","Tail Lights","BMW E90 Tail Light Assembly 2009-2012 (6321 7 289 426 /154154 /4 871732)","6321 7 289 426 /154154 /4 871732","yes","indexable: product has a usable catalog image and distinguishing product data"
"bmw-e90-bmw-e90-tail-light-assembly-2009-2012-6321-7-289-427-d85620","https://www.cowinmotors.com/product/bmw-e90-bmw-e90-tail-light-assembly-2009-2012-6321-7-289-427-d85620","Tail Lights","BMW E90 Tail Light Assembly 2009-2012 (6321 7 289 427)","6321 7 289 427","yes","indexable: product has a usable catalog image and distinguishing product data"
"bmw-e90-bmw-e90-tail-light-assembly-2009-2012-6321-7-289-428-001104","https://www.cowinmotors.com/product/bmw-e90-bmw-e90-tail-light-assembly-2009-2012-6321-7-289-428-001104","Tail Lights","BMW E90 Tail Light Assembly 2009-2012 (6321 7 289 428)","6321 7 289 428","yes","indexable: product has a usable catalog image and distinguishing product data"
"bmw-e90-bmw-e90-tail-light-assembly-2009-2012-sjc-92f457","https://www.cowinmotors.com/product/bmw-e90-bmw-e90-tail-light-assembly-2009-2012-sjc-92f457","Tail Lights","BMW E90 Tail Light Assembly 2009-2012 (SJC)","SJC","yes","indexable: product has a usable catalog image and distinguishing product data"
"bmw-e90-bmw-e90-smoked-housing-tail-light-assembly-2009-2012-sjc-d5abd9","https://www.cowinmotors.com/product/bmw-e90-bmw-e90-smoked-housing-tail-light-assembly-2009-2012-sjc-d5abd9","Tail Lights","BMW E90 smoked housing Tail Light Assembly 2009-2012 (SJC)","SJC","yes","indexable: product has a usable catalog image and distinguishing product data"
"bmw-e92-bmw-e92-led-tail-light-assembly-2006-2013-a2234c","https://www.cowinmotors.com/product/bmw-e92-bmw-e92-led-tail-light-assembly-2006-2013-a2234c","Tail Lights","BMW E92 LED Tail Light Assembly 2006-2013","","yes","indexable: product has a usable catalog image and distinguishing product data"
"bmw-e92-bmw-e92-smoked-housing-tail-light-assembly-2006-2012-sjc-4e8cca","https://www.cowinmotors.com/product/bmw-e92-bmw-e92-smoked-housing-tail-light-assembly-2006-2012-sjc-4e8cca","Tail Lights","BMW E92 smoked housing Tail Light Assembly 2006-2012 (SJC)","SJC","yes","indexable: product has a usable catalog image and distinguishing product data"
"bmw-e93-bmw-e93-tail-light-assembly-2009-2011-6321-7-252-783-3a208b","https://www.cowinmotors.com/product/bmw-e93-bmw-e93-tail-light-assembly-2009-2011-6321-7-252-783-3a208b","Tail Lights","BMW E93 Tail Light Assembly 2009-2011 (6321 7 252 783)","6321 7 252 783","yes","indexable: product has a usable catalog image and distinguishing product data"
"bmw-e93-bmw-e93-tail-light-assembly-2009-2011-6321-7-252-784-c7cbf6","https://www.cowinmotors.com/product/bmw-e93-bmw-e93-tail-light-assembly-2009-2011-6321-7-252-784-c7cbf6","Tail Lights","BMW E93 Tail Light Assembly 2009-2011 (6321 7 252 784)","6321 7 252 784","yes","indexable: product has a usable catalog image and distinguishing product data"
"bmw-f01-bmw-f01-tail-light-assembly-2009-2015-sjc-188afb","https://www.cowinmotors.com/product/bmw-f01-bmw-f01-tail-light-assembly-2009-2015-sjc-188afb","Tail Lights","BMW F01 Tail Light Assembly 2009-2015 (SJC)","SJC","no","noindex: catalog record lacks a specific reference, side, material, size, color, or listed feature"
"bmw-f02-bmw-f02-tail-light-assembly-2009-2012-6321-7-182-197-2e8e4b","https://www.cowinmotors.com/product/bmw-f02-bmw-f02-tail-light-assembly-2009-2012-6321-7-182-197-2e8e4b","Tail Lights","BMW F02 Tail Light Assembly 2009-2012 (6321 7 182 197)","6321 7 182 197","yes","indexable: product has a usable catalog image and distinguishing product data"
"bmw-f02-bmw-f02-tail-light-assembly-2009-2012-6321-7-300-267-222160","https://www.cowinmotors.com/product/bmw-f02-bmw-f02-tail-light-assembly-2009-2012-6321-7-300-267-222160","Tail Lights","BMW F02 Tail Light Assembly 2009-2012 (6321 7 300 267)","6321 7 300 267","yes","indexable: product has a usable catalog image and distinguishing product data"
"bmw-f06-bmw-f06-tail-light-assembly-2014-2018-6321-7210-579-01f36c","https://www.cowinmotors.com/product/bmw-f06-bmw-f06-tail-light-assembly-2014-2018-6321-7210-579-01f36c","Tail Lights","BMW F06 Tail Light Assembly 2014-2018 (6321 7210 579)","6321 7210 579","yes","indexable: product has a usable catalog image and distinguishing product data"
"bmw-f06-bmw-f06-tail-light-assembly-2014-2018-6321-7210-580-d4ee8d","https://www.cowinmotors.com/product/bmw-f06-bmw-f06-tail-light-assembly-2014-2018-6321-7210-580-d4ee8d","Tail Lights","BMW F06 Tail Light Assembly 2014-2018 (6321 7210 580)","6321 7210 580","yes","indexable: product has a usable catalog image and distinguishing product data"
"bmw-f07-bmw-f07-tail-light-assembly-46008-6321-7-306-165-c0803f","https://www.cowinmotors.com/product/bmw-f07-bmw-f07-tail-light-assembly-46008-6321-7-306-165-c0803f","Tail Lights","BMW F07 Tail Light Assembly 46008 (6321 7 306 165)","6321 7 306 165","yes","indexable: product has a usable catalog image and distinguishing product data"
"bmw-f07-bmw-f07-tail-light-assembly-46008-6321-7-306-166-02714d","https://www.cowinmotors.com/product/bmw-f07-bmw-f07-tail-light-assembly-46008-6321-7-306-166-02714d","Tail Lights","BMW F07 Tail Light Assembly 46008 (6321 7 306 166)","6321 7 306 166","yes","indexable: product has a usable catalog image and distinguishing product data"
"bmw-f10-bmw-f10-led-tail-light-assembly-2010-2017-20c03c","https://www.cowinmotors.com/product/bmw-f10-bmw-f10-led-tail-light-assembly-2010-2017-20c03c","Tail Lights","BMW F10 LED Tail Light Assembly 2010-2017","","yes","indexable: product has a usable catalog image and distinguishing product data"
"bmw-f10-bmw-f10-tail-light-assembly-2010-2017-sjc-038938","https://www.cowinmotors.com/product/bmw-f10-bmw-f10-tail-light-assembly-2010-2017-sjc-038938","Tail Lights","BMW F10 Tail Light Assembly 2010-2017 (SJC)","SJC","no","noindex: catalog record lacks a specific reference, side, material, size, color, or listed feature"
"bmw-f10-bmw-f10-tail-light-assembly-2011-2013-6321-7-203-225-df35d1","https://www.cowinmotors.com/product/bmw-f10-bmw-f10-tail-light-assembly-2011-2013-6321-7-203-225-df35d1","Tail Lights","BMW F10 Tail Light Assembly 2011-2013 (6321 7 203 225)","6321 7 203 225","yes","indexable: product has a usable catalog image and distinguishing product data"
"bmw-f10-bmw-f10-tail-light-assembly-2011-2013-6321-7-203-226-070f56","https://www.cowinmotors.com/product/bmw-f10-bmw-f10-tail-light-assembly-2011-2013-6321-7-203-226-070f56","Tail Lights","BMW F10 Tail Light Assembly 2011-2013 (6321 7 203 226)","6321 7 203 226","yes","indexable: product has a usable catalog image and distinguishing product data"
"bmw-f10-bmw-f10-tail-light-assembly-2011-2013-6321-7-203-229-13530f","https://www.cowinmotors.com/product/bmw-f10-bmw-f10-tail-light-assembly-2011-2013-6321-7-203-229-13530f","Tail Lights","BMW F10 Tail Light Assembly 2011-2013 (6321 7 203 229)","6321 7 203 229","yes","indexable: product has a usable catalog image and distinguishing product data"
"bmw-f10-bmw-f10-tail-light-assembly-2011-2013-6321-7-203-230-ed6594","https://www.cowinmotors.com/product/bmw-f10-bmw-f10-tail-light-assembly-2011-2013-6321-7-203-230-ed6594","Tail Lights","BMW F10 Tail Light Assembly 2011-2013 (6321 7 203 230)","6321 7 203 230","yes","indexable: product has a usable catalog image and distinguishing product data"
"bmw-f10-bmw-f10-tail-light-assembly-2014-2016-6321-7-306-161-83e9da","https://www.cowinmotors.com/product/bmw-f10-bmw-f10-tail-light-assembly-2014-2016-6321-7-306-161-83e9da","Tail Lights","BMW F10 Tail Light Assembly 2014-2016 (6321 7 306 161)","6321 7 306 161","yes","indexable: product has a usable catalog image and distinguishing product data"
"bmw-f10-bmw-f10-tail-light-assembly-2014-2016-6321-7-306-162-a7aafe","https://www.cowinmotors.com/product/bmw-f10-bmw-f10-tail-light-assembly-2014-2016-6321-7-306-162-a7aafe","Tail Lights","BMW F10 Tail Light Assembly 2014-2016 (6321 7 306 162)","6321 7 306 162","yes","indexable: product has a usable catalog image and distinguishing product data"
"bmw-f10-bmw-f10-tail-light-assembly-2014-2016-6321-7-306-163-b160ce","https://www.cowinmotors.com/product/bmw-f10-bmw-f10-tail-light-assembly-2014-2016-6321-7-306-163-b160ce","Tail Lights","BMW F10 Tail Light Assembly 2014-2016 (6321 7 306 163)","6321 7 306 163","yes","indexable: product has a usable catalog image and distinguishing product data"
"bmw-f10-bmw-f10-tail-light-assembly-2014-2016-6321-7-306-164-53df3b","https://www.cowinmotors.com/product/bmw-f10-bmw-f10-tail-light-assembly-2014-2016-6321-7-306-164-53df3b","Tail Lights","BMW F10 Tail Light Assembly 2014-2016 (6321 7 306 164)","6321 7 306 164","yes","indexable: product has a usable catalog image and distinguishing product data"
"bmw-f10-bmw-f10-smoked-housing-tail-light-assembly-2010-2017-sjc-993c3d","https://www.cowinmotors.com/product/bmw-f10-bmw-f10-smoked-housing-tail-light-assembly-2010-2017-sjc-993c3d","Tail Lights","BMW F10 smoked housing Tail Light Assembly 2010-2017 (SJC)","SJC","yes","indexable: product has a usable catalog image and distinguishing product data"
"bmw-f15-bmw-f15-tail-light-assembly-2014-2018-6321-7-290-103-523186","https://www.cowinmotors.com/product/bmw-f15-bmw-f15-tail-light-assembly-2014-2018-6321-7-290-103-523186","Tail Lights","BMW F15 Tail Light Assembly 2014-2018 (6321 7 290 103)","6321 7 290 103","yes","indexable: product has a usable catalog image and distinguishing product data"
"bmw-f15-bmw-f15-tail-light-assembly-2014-2018-6321-7-290-104-1bfda2","https://www.cowinmotors.com/product/bmw-f15-bmw-f15-tail-light-assembly-2014-2018-6321-7-290-104-1bfda2","Tail Lights","BMW F15 Tail Light Assembly 2014-2018 (6321 7 290 104)","6321 7 290 104","yes","indexable: product has a usable catalog image and distinguishing product data"
"bmw-f15-bmw-f15-tail-light-assembly-2014-2018-6321-7-290099-470885-f1fba3","https://www.cowinmotors.com/product/bmw-f15-bmw-f15-tail-light-assembly-2014-2018-6321-7-290099-470885-f1fba3","Tail Lights","BMW F15 Tail Light Assembly 2014-2018 (6321 7 290099/470885)","6321 7 290099/470885","yes","indexable: product has a usable catalog image and distinguishing product data"
"bmw-f15-bmw-f15-tail-light-assembly-2014-2018-6321-7-290100-470886-ea7d61","https://www.cowinmotors.com/product/bmw-f15-bmw-f15-tail-light-assembly-2014-2018-6321-7-290100-470886-ea7d61","Tail Lights","BMW F15 Tail Light Assembly 2014-2018 (6321 7 290100/470886)","6321 7 290100/470886","yes","indexable: product has a usable catalog image and distinguishing product data"
"bmw-f15-bmw-f15-tail-light-assembly-2014-2018-6321-7-329-045-c3985c","https://www.cowinmotors.com/product/bmw-f15-bmw-f15-tail-light-assembly-2014-2018-6321-7-329-045-c3985c","Tail Lights","BMW F15 Tail Light Assembly 2014-2018 (6321 7 329 045)","6321 7 329 045","yes","indexable: product has a usable catalog image and distinguishing product data"
"bmw-f15-bmw-f15-tail-light-assembly-2014-2018-6321-7-329-046-3fb653","https://www.cowinmotors.com/product/bmw-f15-bmw-f15-tail-light-assembly-2014-2018-6321-7-329-046-3fb653","Tail Lights","BMW F15 Tail Light Assembly 2014-2018 (6321 7 329 046)","6321 7 329 046","yes","indexable: product has a usable catalog image and distinguishing product data"
"bmw-f15-bmw-f15-tail-light-assembly-2014-2018-6321-7-470-887-81338d","https://www.cowinmotors.com/product/bmw-f15-bmw-f15-tail-light-assembly-2014-2018-6321-7-470-887-81338d","Tail Lights","BMW F15 Tail Light Assembly 2014-2018 (6321 7 470 887)","6321 7 470 887","yes","indexable: product has a usable catalog image and distinguishing product data"
"bmw-f15-bmw-f15-tail-light-assembly-2014-2018-6321-7-470-888-b5e594","https://www.cowinmotors.com/product/bmw-f15-bmw-f15-tail-light-assembly-2014-2018-6321-7-470-888-b5e594","Tail Lights","BMW F15 Tail Light Assembly 2014-2018 (6321 7 470 888)","6321 7 470 888","yes","indexable: product has a usable catalog image and distinguishing product data"
"bmw-f15-bmw-f15-tail-light-assembly-2014-2018-sjc-53a414","https://www.cowinmotors.com/product/bmw-f15-bmw-f15-tail-light-assembly-2014-2018-sjc-53a414","Tail Lights","BMW F15 Tail Light Assembly 2014-2018 (SJC)","SJC","no","noindex: catalog record lacks a specific reference, side, material, size, color, or listed feature"
"bmw-f16-bmw-f16-tail-light-assembly-2014-2018-sjc-8a0381","https://www.cowinmotors.com/product/bmw-f16-bmw-f16-tail-light-assembly-2014-2018-sjc-8a0381","Tail Lights","BMW F16 Tail Light Assembly 2014-2018 (SJC)","SJC","no","noindex: catalog record lacks a specific reference, side, material, size, color, or listed feature"
"bmw-f18-bmw-f18-led-sequential-turn-signal-tail-light-assembly-2011-2017-eac2b9","https://www.cowinmotors.com/product/bmw-f18-bmw-f18-led-sequential-turn-signal-tail-light-assembly-2011-2017-eac2b9","Tail Lights","BMW F18 LED, sequential turn signal Tail Light Assembly 2011-2017","","yes","indexable: product has a usable catalog image and distinguishing product data"
"bmw-f20-bmw-f20-led-tail-light-assembly-2012-2013-6321-7-241-541-283850","https://www.cowinmotors.com/product/bmw-f20-bmw-f20-led-tail-light-assembly-2012-2013-6321-7-241-541-283850","Tail Lights","BMW F20 LED Tail Light Assembly 2012-2013 (6321 7 241 541)","6321 7 241 541","yes","indexable: product has a usable catalog image and distinguishing product data"
"bmw-f20-bmw-f20-led-tail-light-assembly-2012-2013-6321-7-241-542-be9d69","https://www.cowinmotors.com/product/bmw-f20-bmw-f20-led-tail-light-assembly-2012-2013-6321-7-241-542-be9d69","Tail Lights","BMW F20 LED Tail Light Assembly 2012-2013 (6321 7 241 542)","6321 7 241 542","yes","indexable: product has a usable catalog image and distinguishing product data"
"bmw-f20-bmw-f20-tail-light-assembly-2012-2013-63217-270-095-7b61a6","https://www.cowinmotors.com/product/bmw-f20-bmw-f20-tail-light-assembly-2012-2013-63217-270-095-7b61a6","Tail Lights","BMW F20 Tail Light Assembly 2012-2013 (63217 270 095)","63217 270 095","yes","indexable: product has a usable catalog image and distinguishing product data"
"bmw-f20-bmw-f20-tail-light-assembly-2012-2013-63217-270-096-1a0a9b","https://www.cowinmotors.com/product/bmw-f20-bmw-f20-tail-light-assembly-2012-2013-63217-270-096-1a0a9b","Tail Lights","BMW F20 Tail Light Assembly 2012-2013 (63217 270 096)","63217 270 096","yes","indexable: product has a usable catalog image and distinguishing product data"
"bmw-f20-bmw-f20-tail-light-assembly-2015-2019-6321-7-359-017-ca3890","https://www.cowinmotors.com/product/bmw-f20-bmw-f20-tail-light-assembly-2015-2019-6321-7-359-017-ca3890","Tail Lights","BMW F20 Tail Light Assembly 2015-2019 (6321 7 359 017)","6321 7 359 017","yes","indexable: product has a usable catalog image and distinguishing product data"
"bmw-f20-bmw-f20-tail-light-assembly-2015-2019-6321-7-359-018-b73c1e","https://www.cowinmotors.com/product/bmw-f20-bmw-f20-tail-light-assembly-2015-2019-6321-7-359-018-b73c1e","Tail Lights","BMW F20 Tail Light Assembly 2015-2019 (6321 7 359 018)","6321 7 359 018","yes","indexable: product has a usable catalog image and distinguishing product data"
"bmw-f20-bmw-f20-tail-light-assembly-2015-2019-6321-7-359-019-c0ab8c","https://www.cowinmotors.com/product/bmw-f20-bmw-f20-tail-light-assembly-2015-2019-6321-7-359-019-c0ab8c","Tail Lights","BMW F20 Tail Light Assembly 2015-2019 (6321 7 359 019)","6321 7 359 019","yes","indexable: product has a usable catalog image and distinguishing product data"
"bmw-f20-bmw-f20-tail-light-assembly-2015-2019-6321-7-359-020-609f26","https://www.cowinmotors.com/product/bmw-f20-bmw-f20-tail-light-assembly-2015-2019-6321-7-359-020-609f26","Tail Lights","BMW F20 Tail Light Assembly 2015-2019 (6321 7 359 020)","6321 7 359 020","yes","indexable: product has a usable catalog image and distinguishing product data"
"bmw-f21-bmw-f21-tail-light-assembly-2015-2018-sjc-a38d4e","https://www.cowinmotors.com/product/bmw-f21-bmw-f21-tail-light-assembly-2015-2018-sjc-a38d4e","Tail Lights","BMW F21 Tail Light Assembly 2015-2018 (SJC)","SJC","yes","indexable: product has a usable catalog image and distinguishing product data"
"bmw-f21-bmw-f21-smoked-housing-tail-light-assembly-2015-2018-sjc-a27ae4","https://www.cowinmotors.com/product/bmw-f21-bmw-f21-smoked-housing-tail-light-assembly-2015-2018-sjc-a27ae4","Tail Lights","BMW F21 smoked housing Tail Light Assembly 2015-2018 (SJC)","SJC","yes","indexable: product has a usable catalog image and distinguishing product data"
"bmw-f22-bmw-f22-tail-light-assembly-2014-2018-6321-7-420-991-13135e","https://www.cowinmotors.com/product/bmw-f22-bmw-f22-tail-light-assembly-2014-2018-6321-7-420-991-13135e","Tail Lights","BMW F22 Tail Light Assembly 2014-2018 (6321 7 420 991)","6321 7 420 991","yes","indexable: product has a usable catalog image and distinguishing product data"
"bmw-f22-bmw-f22-tail-light-assembly-2014-2018-6321-7-420-994-d40709","https://www.cowinmotors.com/product/bmw-f22-bmw-f22-tail-light-assembly-2014-2018-6321-7-420-994-d40709","Tail Lights","BMW F22 Tail Light Assembly 2014-2018 (6321 7 420 994)","6321 7 420 994","yes","indexable: product has a usable catalog image and distinguishing product data"
"bmw-f22-bmw-f22-tail-light-assembly-2014-2021-sjc-b61425","https://www.cowinmotors.com/product/bmw-f22-bmw-f22-tail-light-assembly-2014-2021-sjc-b61425","Tail Lights","BMW F22 Tail Light Assembly 2014-2021 (SJC)","SJC","yes","indexable: product has a usable catalog image and distinguishing product data"
"bmw-f22-bmw-f22-tail-light-assembly-2019-2020-6321-9-491-591-0a3931","https://www.cowinmotors.com/product/bmw-f22-bmw-f22-tail-light-assembly-2019-2020-6321-9-491-591-0a3931","Tail Lights","BMW F22 Tail Light Assembly 2019-2020 (6321 9 491 591)","6321 9 491 591","yes","indexable: product has a usable catalog image and distinguishing product data"
"bmw-f22-bmw-f22-tail-light-assembly-2019-2020-6321-9-491-592-387cc2","https://www.cowinmotors.com/product/bmw-f22-bmw-f22-tail-light-assembly-2019-2020-6321-9-491-592-387cc2","Tail Lights","BMW F22 Tail Light Assembly 2019-2020 (6321 9 491 592)","6321 9 491 592","yes","indexable: product has a usable catalog image and distinguishing product data"
"bmw-f22-bmw-f22-smoked-housing-tail-light-assembly-2014-2021-sjc-1b35ee","https://www.cowinmotors.com/product/bmw-f22-bmw-f22-smoked-housing-tail-light-assembly-2014-2021-sjc-1b35ee","Tail Lights","BMW F22 smoked housing Tail Light Assembly 2014-2021 (SJC)","SJC","yes","indexable: product has a usable catalog image and distinguishing product data"
"bmw-f23-bmw-f23-led-tail-light-assembly-2014-2020-6d3890","https://www.cowinmotors.com/product/bmw-f23-bmw-f23-led-tail-light-assembly-2014-2020-6d3890","Tail Lights","BMW F23 LED Tail Light Assembly 2014-2020","","yes","indexable: product has a usable catalog image and distinguishing product data"
"bmw-f25-bmw-f25-led-sequential-turn-signal-tail-light-assembly-2010-2017-ecdd9e","https://www.cowinmotors.com/product/bmw-f25-bmw-f25-led-sequential-turn-signal-tail-light-assembly-2010-2017-ecdd9e","Tail Lights","BMW F25 LED, sequential turn signal Tail Light Assembly 2010-2017","","yes","indexable: product has a usable catalog image and distinguishing product data"
"bmw-f25-bmw-f25-tail-light-assembly-2011-2016-6321-7-217-311-9ee9c9","https://www.cowinmotors.com/product/bmw-f25-bmw-f25-tail-light-assembly-2011-2016-6321-7-217-311-9ee9c9","Tail Lights","BMW F25 Tail Light Assembly 2011-2016 (6321 7 217 311)","6321 7 217 311","yes","indexable: product has a usable catalog image and distinguishing product data"
"bmw-f25-bmw-f25-tail-light-assembly-2011-2016-6321-7-217-312-912a35","https://www.cowinmotors.com/product/bmw-f25-bmw-f25-tail-light-assembly-2011-2016-6321-7-217-312-912a35","Tail Lights","BMW F25 Tail Light Assembly 2011-2016 (6321 7 217 312)","6321 7 217 312","yes","indexable: product has a usable catalog image and distinguishing product data"
"bmw-f25-bmw-f25-tail-light-assembly-2011-2016-6321-7-217-313-af94d1","https://www.cowinmotors.com/product/bmw-f25-bmw-f25-tail-light-assembly-2011-2016-6321-7-217-313-af94d1","Tail Lights","BMW F25 Tail Light Assembly 2011-2016 (6321 7 217 313)","6321 7 217 313","yes","indexable: product has a usable catalog image and distinguishing product data"
"bmw-f25-bmw-f25-tail-light-assembly-2011-2016-6321-7-217-314-40976e","https://www.cowinmotors.com/product/bmw-f25-bmw-f25-tail-light-assembly-2011-2016-6321-7-217-314-40976e","Tail Lights","BMW F25 Tail Light Assembly 2011-2016 (6321 7 217 314)","6321 7 217 314","yes","indexable: product has a usable catalog image and distinguishing product data"
"bmw-f26-bmw-f26-tail-light-assembly-2014-2016-6321-7-331-279-9977f5","https://www.cowinmotors.com/product/bmw-f26-bmw-f26-tail-light-assembly-2014-2016-6321-7-331-279-9977f5","Tail Lights","BMW F26 Tail Light Assembly 2014-2016 (6321 7 331 279)","6321 7 331 279","yes","indexable: product has a usable catalog image and distinguishing product data"
"bmw-f26-bmw-f26-tail-light-assembly-2014-2016-6321-7-331-280-0a1a72","https://www.cowinmotors.com/product/bmw-f26-bmw-f26-tail-light-assembly-2014-2016-6321-7-331-280-0a1a72","Tail Lights","BMW F26 Tail Light Assembly 2014-2016 (6321 7 331 280)","6321 7 331 280","yes","indexable: product has a usable catalog image and distinguishing product data"
"bmw-f26-bmw-f26-tail-light-assembly-2014-2016-6321-7331-283-545322","https://www.cowinmotors.com/product/bmw-f26-bmw-f26-tail-light-assembly-2014-2016-6321-7331-283-545322","Tail Lights","BMW F26 Tail Light Assembly 2014-2016 (6321 7331 283)","6321 7331 283","yes","indexable: product has a usable catalog image and distinguishing product data"
"bmw-f26-bmw-f26-tail-light-assembly-2014-2016-6321-7331-284-d8dc32","https://www.cowinmotors.com/product/bmw-f26-bmw-f26-tail-light-assembly-2014-2016-6321-7331-284-d8dc32","Tail Lights","BMW F26 Tail Light Assembly 2014-2016 (6321 7331 284)","6321 7331 284","yes","indexable: product has a usable catalog image and distinguishing product data"
"bmw-f30-bmw-f30-led-tail-light-assembly-2012-2018-b0e8e9","https://www.cowinmotors.com/product/bmw-f30-bmw-f30-led-tail-light-assembly-2012-2018-b0e8e9","Tail Lights","BMW F30 LED Tail Light Assembly 2012-2018","","yes","indexable: product has a usable catalog image and distinguishing product data"
"bmw-f30-bmw-f30-led-tail-light-assembly-2013-2018-7c7b7e","https://www.cowinmotors.com/product/bmw-f30-bmw-f30-led-tail-light-assembly-2013-2018-7c7b7e","Tail Lights","BMW F30 LED Tail Light Assembly 2013-2018","","yes","indexable: product has a usable catalog image and distinguishing product data"
"bmw-f30-bmw-f30-led-sequential-turn-signal-tail-light-assembly-2012-2018-25390e","https://www.cowinmotors.com/product/bmw-f30-bmw-f30-led-sequential-turn-signal-tail-light-assembly-2012-2018-25390e","Tail Lights","BMW F30 LED, sequential turn signal Tail Light Assembly 2012-2018","","yes","indexable: product has a usable catalog image and distinguishing product data"
"bmw-f30-bmw-f30-tail-light-assembly-12-15-6321-7-312-845-fe441f","https://www.cowinmotors.com/product/bmw-f30-bmw-f30-tail-light-assembly-12-15-6321-7-312-845-fe441f","Tail Lights","BMW F30 Tail Light Assembly 12--15 (6321 7 312 845)","6321 7 312 845","yes","indexable: product has a usable catalog image and distinguishing product data"
"bmw-f30-bmw-f30-tail-light-assembly-12-15-6321-7-312-846-a7bcdb","https://www.cowinmotors.com/product/bmw-f30-bmw-f30-tail-light-assembly-12-15-6321-7-312-846-a7bcdb","Tail Lights","BMW F30 Tail Light Assembly 12--15 (6321 7 312 846)","6321 7 312 846","yes","indexable: product has a usable catalog image and distinguishing product data"
"bmw-f30-bmw-f30-tail-light-assembly-12-15-6321-7-372-793-057529","https://www.cowinmotors.com/product/bmw-f30-bmw-f30-tail-light-assembly-12-15-6321-7-372-793-057529","Tail Lights","BMW F30 Tail Light Assembly 12--15 (6321 7 372 793)","6321 7 372 793","yes","indexable: product has a usable catalog image and distinguishing product data"
"bmw-f30-bmw-f30-tail-light-assembly-12-15-6321-7-372-794-d933be","https://www.cowinmotors.com/product/bmw-f30-bmw-f30-tail-light-assembly-12-15-6321-7-372-794-d933be","Tail Lights","BMW F30 Tail Light Assembly 12--15 (6321 7 372 794)","6321 7 372 794","yes","indexable: product has a usable catalog image and distinguishing product data"
"bmw-f30-bmw-f30-tail-light-assembly-2012-2018-sjc-760d19","https://www.cowinmotors.com/product/bmw-f30-bmw-f30-tail-light-assembly-2012-2018-sjc-760d19","Tail Lights","BMW F30 Tail Light Assembly 2012-2018 (SJC)","SJC","no","noindex: catalog record lacks a specific reference, side, material, size, color, or listed feature"
"bmw-f30-bmw-f30-tail-light-assembly-2016-2019-6321-7-369-117-059739","https://www.cowinmotors.com/product/bmw-f30-bmw-f30-tail-light-assembly-2016-2019-6321-7-369-117-059739","Tail Lights","BMW F30 Tail Light Assembly 2016-2019 (6321 7 369 117)","6321 7 369 117","yes","indexable: product has a usable catalog image and distinguishing product data"
"bmw-f30-bmw-f30-tail-light-assembly-2016-2019-6321-7-369-118-461785","https://www.cowinmotors.com/product/bmw-f30-bmw-f30-tail-light-assembly-2016-2019-6321-7-369-118-461785","Tail Lights","BMW F30 Tail Light Assembly 2016-2019 (6321 7 369 118)","6321 7 369 118","yes","indexable: product has a usable catalog image and distinguishing product data"
"bmw-f30-bmw-f30-tail-light-assembly-2016-2019-6321-7-369-119-d23225","https://www.cowinmotors.com/product/bmw-f30-bmw-f30-tail-light-assembly-2016-2019-6321-7-369-119-d23225","Tail Lights","BMW F30 Tail Light Assembly 2016-2019 (6321 7 369 119)","6321 7 369 119","yes","indexable: product has a usable catalog image and distinguishing product data"
"bmw-f30-bmw-f30-tail-light-assembly-2016-2019-6321-7-369-120-cb4588","https://www.cowinmotors.com/product/bmw-f30-bmw-f30-tail-light-assembly-2016-2019-6321-7-369-120-cb4588","Tail Lights","BMW F30 Tail Light Assembly 2016-2019 (6321 7 369 120)","6321 7 369 120","yes","indexable: product has a usable catalog image and distinguishing product data"
"bmw-f30-bmw-f30-tail-light-assembly-2016-2019-6321-7-456-519-bd80e0","https://www.cowinmotors.com/product/bmw-f30-bmw-f30-tail-light-assembly-2016-2019-6321-7-456-519-bd80e0","Tail Lights","BMW F30 Tail Light Assembly 2016-2019 (6321 7 456 519)","6321 7 456 519","yes","indexable: product has a usable catalog image and distinguishing product data"
"bmw-f30-bmw-f30-tail-light-assembly-2016-2019-6321-7-456-521-4cf943","https://www.cowinmotors.com/product/bmw-f30-bmw-f30-tail-light-assembly-2016-2019-6321-7-456-521-4cf943","Tail Lights","BMW F30 Tail Light Assembly 2016-2019 (6321 7 456 521)","6321 7 456 521","yes","indexable: product has a usable catalog image and distinguishing product data"
"bmw-f31-bmw-f31-led-tail-light-assembly-2013-2018-54aed7","https://www.cowinmotors.com/product/bmw-f31-bmw-f31-led-tail-light-assembly-2013-2018-54aed7","Tail Lights","BMW F31 LED Tail Light Assembly 2013-2018","","yes","indexable: product has a usable catalog image and distinguishing product data"
"bmw-f31-bmw-f31-tail-light-assembly-2012-2018-sjc-0e5d32","https://www.cowinmotors.com/product/bmw-f31-bmw-f31-tail-light-assembly-2012-2018-sjc-0e5d32","Tail Lights","BMW F31 Tail Light Assembly 2012-2018 (SJC)","SJC","yes","indexable: product has a usable catalog image and distinguishing product data"
"bmw-f32-bmw-f32-tail-light-assembly-2013-2020-6321-9-491-575-d21376","https://www.cowinmotors.com/product/bmw-f32-bmw-f32-tail-light-assembly-2013-2020-6321-9-491-575-d21376","Tail Lights","BMW F32 Tail Light Assembly 2013-2020 (6321 9 491 575)","6321 9 491 575","yes","indexable: product has a usable catalog image and distinguishing product data"
"bmw-f32-bmw-f32-tail-light-assembly-2013-2020-6321-9-491-576-a26981","https://www.cowinmotors.com/product/bmw-f32-bmw-f32-tail-light-assembly-2013-2020-6321-9-491-576-a26981","Tail Lights","BMW F32 Tail Light Assembly 2013-2020 (6321 9 491 576)","6321 9 491 576","yes","indexable: product has a usable catalog image and distinguishing product data"
"bmw-f32-bmw-f32-tail-light-assembly-2013-2020-6321-9-491-583-8a9d15","https://www.cowinmotors.com/product/bmw-f32-bmw-f32-tail-light-assembly-2013-2020-6321-9-491-583-8a9d15","Tail Lights","BMW F32 Tail Light Assembly 2013-2020 (6321 9 491 583)","6321 9 491 583","yes","indexable: product has a usable catalog image and distinguishing product data"
"bmw-f32-bmw-f32-tail-light-assembly-2013-2020-6321-9-491-584-154db7","https://www.cowinmotors.com/product/bmw-f32-bmw-f32-tail-light-assembly-2013-2020-6321-9-491-584-154db7","Tail Lights","BMW F32 Tail Light Assembly 2013-2020 (6321 9 491 584)","6321 9 491 584","yes","indexable: product has a usable catalog image and distinguishing product data"
"bmw-f32-bmw-f32-tail-light-assembly-2013-2020-sjc-755fd4","https://www.cowinmotors.com/product/bmw-f32-bmw-f32-tail-light-assembly-2013-2020-sjc-755fd4","Tail Lights","BMW F32 Tail Light Assembly 2013-2020 (SJC)","SJC","no","noindex: catalog record lacks a specific reference, side, material, size, color, or listed feature"
"bmw-f32-bmw-f32-tail-light-assembly-2014-2018-6321-7-426-051-acd906","https://www.cowinmotors.com/product/bmw-f32-bmw-f32-tail-light-assembly-2014-2018-6321-7-426-051-acd906","Tail Lights","BMW F32 Tail Light Assembly 2014-2018 (6321 7 426 051)","6321 7 426 051","yes","indexable: product has a usable catalog image and distinguishing product data"
"bmw-f32-bmw-f32-tail-light-assembly-2014-2018-6321-7-426-052-0b37f8","https://www.cowinmotors.com/product/bmw-f32-bmw-f32-tail-light-assembly-2014-2018-6321-7-426-052-0b37f8","Tail Lights","BMW F32 Tail Light Assembly 2014-2018 (6321 7 426 052)","6321 7 426 052","yes","indexable: product has a usable catalog image and distinguishing product data"
"bmw-f32-bmw-f32-tail-light-assembly-2014-2018-6321-7-426-055-8496523-ae35fe","https://www.cowinmotors.com/product/bmw-f32-bmw-f32-tail-light-assembly-2014-2018-6321-7-426-055-8496523-ae35fe","Tail Lights","BMW F32 Tail Light Assembly 2014-2018 (6321 7 426 055 /8496523)","6321 7 426 055 /8496523","yes","indexable: product has a usable catalog image and distinguishing product data"
"bmw-f32-bmw-f32-tail-light-assembly-2014-2018-6321-7-426-056-8496524-fdb2a8","https://www.cowinmotors.com/product/bmw-f32-bmw-f32-tail-light-assembly-2014-2018-6321-7-426-056-8496524-fdb2a8","Tail Lights","BMW F32 Tail Light Assembly 2014-2018 (6321 7 426 056 /8496524)","6321 7 426 056 /8496524","yes","indexable: product has a usable catalog image and distinguishing product data"
"bmw-f34-bmw-f34-tail-light-assembly-2013-2020-6321-1944-8185-74dcf8","https://www.cowinmotors.com/product/bmw-f34-bmw-f34-tail-light-assembly-2013-2020-6321-1944-8185-74dcf8","Tail Lights","BMW F34 Tail Light Assembly 2013-2020 (6321 1944 8185)","6321 1944 8185","yes","indexable: product has a usable catalog image and distinguishing product data"
"bmw-f34-bmw-f34-tail-light-assembly-2013-2020-6321-7-417-469-9d7bee","https://www.cowinmotors.com/product/bmw-f34-bmw-f34-tail-light-assembly-2013-2020-6321-7-417-469-9d7bee","Tail Lights","BMW F34 Tail Light Assembly 2013-2020 (6321 7 417 469)","6321 7 417 469","yes","indexable: product has a usable catalog image and distinguishing product data"
"bmw-f34-bmw-f34-tail-light-assembly-2013-2020-6321-7-417-470-a45206","https://www.cowinmotors.com/product/bmw-f34-bmw-f34-tail-light-assembly-2013-2020-6321-7-417-470-a45206","Tail Lights","BMW F34 Tail Light Assembly 2013-2020 (6321 7 417 470)","6321 7 417 470","yes","indexable: product has a usable catalog image and distinguishing product data"
"bmw-f34-bmw-f34-tail-light-assembly-2013-2020-6321-7417-473-0f5b8b","https://www.cowinmotors.com/product/bmw-f34-bmw-f34-tail-light-assembly-2013-2020-6321-7417-473-0f5b8b","Tail Lights","BMW F34 Tail Light Assembly 2013-2020 (6321 7417 473)","6321 7417 473","yes","indexable: product has a usable catalog image and distinguishing product data"
"bmw-f34-bmw-f34-tail-light-assembly-2013-2020-6321-9-448-189-0bfb16","https://www.cowinmotors.com/product/bmw-f34-bmw-f34-tail-light-assembly-2013-2020-6321-9-448-189-0bfb16","Tail Lights","BMW F34 Tail Light Assembly 2013-2020 (6321 9 448 189)","6321 9 448 189","yes","indexable: product has a usable catalog image and distinguishing product data"
"bmw-f39-bmw-f39-tail-light-assembly-2020-2023-6321-7-420-737-104d73","https://www.cowinmotors.com/product/bmw-f39-bmw-f39-tail-light-assembly-2020-2023-6321-7-420-737-104d73","Tail Lights","BMW F39 Tail Light Assembly 2020-2023 (6321 7 420 737)","6321 7 420 737","yes","indexable: product has a usable catalog image and distinguishing product data"
"bmw-f39-bmw-f39-tail-light-assembly-2020-2023-6321-7-420-738-198e1e","https://www.cowinmotors.com/product/bmw-f39-bmw-f39-tail-light-assembly-2020-2023-6321-7-420-738-198e1e","Tail Lights","BMW F39 Tail Light Assembly 2020-2023 (6321 7 420 738)","6321 7 420 738","yes","indexable: product has a usable catalog image and distinguishing product data"
"bmw-f39-bmw-f39-tail-light-assembly-2020-2023-6321-7-420-747-dbfaf4","https://www.cowinmotors.com/product/bmw-f39-bmw-f39-tail-light-assembly-2020-2023-6321-7-420-747-dbfaf4","Tail Lights","BMW F39 Tail Light Assembly 2020-2023 (6321 7 420 747)","6321 7 420 747","yes","indexable: product has a usable catalog image and distinguishing product data"
"bmw-f39-bmw-f39-tail-light-assembly-2020-2023-6321-7-420-748-5684dd","https://www.cowinmotors.com/product/bmw-f39-bmw-f39-tail-light-assembly-2020-2023-6321-7-420-748-5684dd","Tail Lights","BMW F39 Tail Light Assembly 2020-2023 (6321 7 420 748)","6321 7 420 748","yes","indexable: product has a usable catalog image and distinguishing product data"
"bmw-f39-bmw-f39-tail-light-assembly-2020-2023-6321-7-881-161-39b39a","https://www.cowinmotors.com/product/bmw-f39-bmw-f39-tail-light-assembly-2020-2023-6321-7-881-161-39b39a","Tail Lights","BMW F39 Tail Light Assembly 2020-2023 (6321 7 881 161)","6321 7 881 161","yes","indexable: product has a usable catalog image and distinguishing product data"
"bmw-f39-bmw-f39-tail-light-assembly-2020-2023-6321-7-881-162-55dbe3","https://www.cowinmotors.com/product/bmw-f39-bmw-f39-tail-light-assembly-2020-2023-6321-7-881-162-55dbe3","Tail Lights","BMW F39 Tail Light Assembly 2020-2023 (6321 7 881 162)","6321 7 881 162","yes","indexable: product has a usable catalog image and distinguishing product data"
"bmw-f39-bmw-f39-tail-light-assembly-2020-2023-6321-9-881-159-59313a","https://www.cowinmotors.com/product/bmw-f39-bmw-f39-tail-light-assembly-2020-2023-6321-9-881-159-59313a","Tail Lights","BMW F39 Tail Light Assembly 2020-2023 (6321 9 881 159)","6321 9 881 159","yes","indexable: product has a usable catalog image and distinguishing product data"
"bmw-f39-bmw-f39-tail-light-assembly-2020-2023-6321-9-881-160-60ade6","https://www.cowinmotors.com/product/bmw-f39-bmw-f39-tail-light-assembly-2020-2023-6321-9-881-160-60ade6","Tail Lights","BMW F39 Tail Light Assembly 2020-2023 (6321 9 881 160)","6321 9 881 160","yes","indexable: product has a usable catalog image and distinguishing product data"
"bmw-f48-bmw-f48-led-tail-light-assembly-2016-2022-45cf1b","https://www.cowinmotors.com/product/bmw-f48-bmw-f48-led-tail-light-assembly-2016-2022-45cf1b","Tail Lights","BMW F48 LED Tail Light Assembly 2016-2022","","yes","indexable: product has a usable catalog image and distinguishing product data"
"bmw-f48-bmw-f48-tail-light-assembly-2015-2019-6321-7-390-499-eaa377","https://www.cowinmotors.com/product/bmw-f48-bmw-f48-tail-light-assembly-2015-2019-6321-7-390-499-eaa377","Tail Lights","BMW F48 Tail Light Assembly 2015-2019 (6321 7 390 499)","6321 7 390 499","yes","indexable: product has a usable catalog image and distinguishing product data"
"bmw-f48-bmw-f48-tail-light-assembly-2015-2019-6321-7-390-500-b3829c","https://www.cowinmotors.com/product/bmw-f48-bmw-f48-tail-light-assembly-2015-2019-6321-7-390-500-b3829c","Tail Lights","BMW F48 Tail Light Assembly 2015-2019 (6321 7 390 500)","6321 7 390 500","yes","indexable: product has a usable catalog image and distinguishing product data"
"bmw-f48-bmw-f48-tail-light-assembly-2015-2019-6321-7-488543-384911-4244fc","https://www.cowinmotors.com/product/bmw-f48-bmw-f48-tail-light-assembly-2015-2019-6321-7-488543-384911-4244fc","Tail Lights","BMW F48 Tail Light Assembly 2015-2019 (6321 7 488543/ 384911)","6321 7 488543/ 384911","yes","indexable: product has a usable catalog image and distinguishing product data"
"bmw-f48-bmw-f48-tail-light-assembly-2015-2019-6321-7-488544-384912-194fea","https://www.cowinmotors.com/product/bmw-f48-bmw-f48-tail-light-assembly-2015-2019-6321-7-488544-384912-194fea","Tail Lights","BMW F48 Tail Light Assembly 2015-2019 (6321 7 488544/ 384912)","6321 7 488544/ 384912","yes","indexable: product has a usable catalog image and distinguishing product data"
"bmw-f48-bmw-f48-tail-light-assembly-2016-2019-sjc-64c772","https://www.cowinmotors.com/product/bmw-f48-bmw-f48-tail-light-assembly-2016-2019-sjc-64c772","Tail Lights","BMW F48 Tail Light Assembly 2016-2019 (SJC)","SJC","yes","indexable: product has a usable catalog image and distinguishing product data"
"bmw-f48-bmw-f48-tail-light-assembly-2020-6321-7-955-419-0de24c","https://www.cowinmotors.com/product/bmw-f48-bmw-f48-tail-light-assembly-2020-6321-7-955-419-0de24c","Tail Lights","BMW F48 Tail Light Assembly 2020- (6321 7 955 419)","6321 7 955 419","yes","indexable: product has a usable catalog image and distinguishing product data"
"bmw-f48-bmw-f48-tail-light-assembly-2020-6321-7-955-420-482b3e","https://www.cowinmotors.com/product/bmw-f48-bmw-f48-tail-light-assembly-2020-6321-7-955-420-482b3e","Tail Lights","BMW F48 Tail Light Assembly 2020- (6321 7 955 420)","6321 7 955 420","yes","indexable: product has a usable catalog image and distinguishing product data"
"bmw-f48-bmw-f48-tail-light-assembly-2020-6321-7-955-421-302ef4","https://www.cowinmotors.com/product/bmw-f48-bmw-f48-tail-light-assembly-2020-6321-7-955-421-302ef4","Tail Lights","BMW F48 Tail Light Assembly 2020- (6321 7 955 421)","6321 7 955 421","yes","indexable: product has a usable catalog image and distinguishing product data"
"bmw-f48-bmw-f48-tail-light-assembly-2020-6321-7-955-422-464485","https://www.cowinmotors.com/product/bmw-f48-bmw-f48-tail-light-assembly-2020-6321-7-955-422-464485","Tail Lights","BMW F48 Tail Light Assembly 2020- (6321 7 955 422)","6321 7 955 422","yes","indexable: product has a usable catalog image and distinguishing product data"
"bmw-f52-bmw-f52-tail-light-assembly-2016-2021-6321-7-395-595-6808aa","https://www.cowinmotors.com/product/bmw-f52-bmw-f52-tail-light-assembly-2016-2021-6321-7-395-595-6808aa","Tail Lights","BMW F52 Tail Light Assembly 2016-2021 (6321 7 395 595)","6321 7 395 595","yes","indexable: product has a usable catalog image and distinguishing product data"
"bmw-f52-bmw-f52-tail-light-assembly-2016-2021-6321-7-395-596-df84ee","https://www.cowinmotors.com/product/bmw-f52-bmw-f52-tail-light-assembly-2016-2021-6321-7-395-596-df84ee","Tail Lights","BMW F52 Tail Light Assembly 2016-2021 (6321 7 395 596)","6321 7 395 596","yes","indexable: product has a usable catalog image and distinguishing product data"
"bmw-f60-bmw-f60-led-sequential-turn-signal-tail-light-assembly-2017-2023-8b317a","https://www.cowinmotors.com/product/bmw-f60-bmw-f60-led-sequential-turn-signal-tail-light-assembly-2017-2023-8b317a","Tail Lights","BMW F60 LED, sequential turn signal Tail Light Assembly 2017-2023","","yes","indexable: product has a usable catalog image and distinguishing product data"
"bmw-g02-bmw-g02-tail-light-assembly-19-6321-7-409-395-2fb5f5","https://www.cowinmotors.com/product/bmw-g02-bmw-g02-tail-light-assembly-19-6321-7-409-395-2fb5f5","Tail Lights","BMW G02 Tail Light Assembly 19- (6321 7 409 395)","6321 7 409 395","yes","indexable: product has a usable catalog image and distinguishing product data"
"bmw-g02-bmw-g02-tail-light-assembly-19-6321-7-409-396-baeb44","https://www.cowinmotors.com/product/bmw-g02-bmw-g02-tail-light-assembly-19-6321-7-409-396-baeb44","Tail Lights","BMW G02 Tail Light Assembly 19- (6321 7 409 396)","6321 7 409 396","yes","indexable: product has a usable catalog image and distinguishing product data"
"bmw-g02-bmw-g02-tail-light-assembly-19-6321-7433-797-5ab732","https://www.cowinmotors.com/product/bmw-g02-bmw-g02-tail-light-assembly-19-6321-7433-797-5ab732","Tail Lights","BMW G02 Tail Light Assembly 19- (6321 7433 797)","6321 7433 797","yes","indexable: product has a usable catalog image and distinguishing product data"
"bmw-g02-bmw-g02-tail-light-assembly-19-6321-7433-798-e20d32","https://www.cowinmotors.com/product/bmw-g02-bmw-g02-tail-light-assembly-19-6321-7433-798-e20d32","Tail Lights","BMW G02 Tail Light Assembly 19- (6321 7433 798)","6321 7433 798","yes","indexable: product has a usable catalog image and distinguishing product data"
"bmw-g05-bmw-g05-tail-light-assembly-2018-2022-6321-5-a0db01-f9d194","https://www.cowinmotors.com/product/bmw-g05-bmw-g05-tail-light-assembly-2018-2022-6321-5-a0db01-f9d194","Tail Lights","BMW G05 Tail Light Assembly 2018-2022 (6321 5 A0DB01)","6321 5 A0DB01","yes","indexable: product has a usable catalog image and distinguishing product data"
"bmw-g05-bmw-g05-tail-light-assembly-2018-2022-6321-5-a0db02-f49908","https://www.cowinmotors.com/product/bmw-g05-bmw-g05-tail-light-assembly-2018-2022-6321-5-a0db02-f49908","Tail Lights","BMW G05 Tail Light Assembly 2018-2022 (6321 5 A0DB02)","6321 5 A0DB02","yes","indexable: product has a usable catalog image and distinguishing product data"
"bmw-g05-bmw-g05-tail-light-assembly-2018-2022-6321-5-a0db05-443efa","https://www.cowinmotors.com/product/bmw-g05-bmw-g05-tail-light-assembly-2018-2022-6321-5-a0db05-443efa","Tail Lights","BMW G05 Tail Light Assembly 2018-2022 (6321 5 A0DB05)","6321 5 A0DB05","yes","indexable: product has a usable catalog image and distinguishing product data"
"bmw-g05-bmw-g05-tail-light-assembly-2018-2022-6321-5-a0db06-564318","https://www.cowinmotors.com/product/bmw-g05-bmw-g05-tail-light-assembly-2018-2022-6321-5-a0db06-564318","Tail Lights","BMW G05 Tail Light Assembly 2018-2022 (6321 5 A0DB06)","6321 5 A0DB06","yes","indexable: product has a usable catalog image and distinguishing product data"
"bmw-g05-bmw-g05-tail-light-assembly-2018-2022-6321-7-931-995-6a3a5d","https://www.cowinmotors.com/product/bmw-g05-bmw-g05-tail-light-assembly-2018-2022-6321-7-931-995-6a3a5d","Tail Lights","BMW G05 Tail Light Assembly 2018-2022 (6321 7 931 995)","6321 7 931 995","yes","indexable: product has a usable catalog image and distinguishing product data"
"bmw-g05-bmw-g05-tail-light-assembly-2018-2022-6321-7-931-996-56ddec","https://www.cowinmotors.com/product/bmw-g05-bmw-g05-tail-light-assembly-2018-2022-6321-7-931-996-56ddec","Tail Lights","BMW G05 Tail Light Assembly 2018-2022 (6321 7 931 996)","6321 7 931 996","yes","indexable: product has a usable catalog image and distinguishing product data"
"bmw-g05-bmw-g05-tail-light-assembly-2018-2022-6321-9-448-069-ef7f01","https://www.cowinmotors.com/product/bmw-g05-bmw-g05-tail-light-assembly-2018-2022-6321-9-448-069-ef7f01","Tail Lights","BMW G05 Tail Light Assembly 2018-2022 (6321 9 448 069)","6321 9 448 069","yes","indexable: product has a usable catalog image and distinguishing product data"
"bmw-g05-bmw-g05-tail-light-assembly-2018-2022-6321-9-448-070-6f66c3","https://www.cowinmotors.com/product/bmw-g05-bmw-g05-tail-light-assembly-2018-2022-6321-9-448-070-6f66c3","Tail Lights","BMW G05 Tail Light Assembly 2018-2022 (6321 9 448 070)","6321 9 448 070","yes","indexable: product has a usable catalog image and distinguishing product data"
"bmw-g05-bmw-g05-tail-light-assembly-2023-2024-6321-5-a11ec1-94647f","https://www.cowinmotors.com/product/bmw-g05-bmw-g05-tail-light-assembly-2023-2024-6321-5-a11ec1-94647f","Tail Lights","BMW G05 Tail Light Assembly 2023-2024 (6321 5 A11EC1)","6321 5 A11EC1","yes","indexable: product has a usable catalog image and distinguishing product data"
"bmw-g05-bmw-g05-tail-light-assembly-2023-2024-6321-5-a11ec2-36ce5e","https://www.cowinmotors.com/product/bmw-g05-bmw-g05-tail-light-assembly-2023-2024-6321-5-a11ec2-36ce5e","Tail Lights","BMW G05 Tail Light Assembly 2023-2024 (6321 5 A11EC2)","6321 5 A11EC2","yes","indexable: product has a usable catalog image and distinguishing product data"
"bmw-g05-bmw-g05-tail-light-assembly-2023-2024-6321-5-a11ec3-22e6cf","https://www.cowinmotors.com/product/bmw-g05-bmw-g05-tail-light-assembly-2023-2024-6321-5-a11ec3-22e6cf","Tail Lights","BMW G05 Tail Light Assembly 2023-2024 (6321 5 A11EC3)","6321 5 A11EC3","yes","indexable: product has a usable catalog image and distinguishing product data"
"bmw-g05-bmw-g05-tail-light-assembly-2023-2024-6321-5-a11ec4-e1b1ab","https://www.cowinmotors.com/product/bmw-g05-bmw-g05-tail-light-assembly-2023-2024-6321-5-a11ec4-e1b1ab","Tail Lights","BMW G05 Tail Light Assembly 2023-2024 (6321 5 A11EC4)","6321 5 A11EC4","yes","indexable: product has a usable catalog image and distinguishing product data"
"bmw-g07-bmw-g07-tail-light-assembly-2019-2022-6321-7442-287-78a731","https://www.cowinmotors.com/product/bmw-g07-bmw-g07-tail-light-assembly-2019-2022-6321-7442-287-78a731","Tail Lights","BMW G07 Tail Light Assembly 2019-2022 (6321 7442 287)","6321 7442 287","yes","indexable: product has a usable catalog image and distinguishing product data"
"bmw-g07-bmw-g07-tail-light-assembly-2019-2022-6321-7442-288-6aaaad","https://www.cowinmotors.com/product/bmw-g07-bmw-g07-tail-light-assembly-2019-2022-6321-7442-288-6aaaad","Tail Lights","BMW G07 Tail Light Assembly 2019-2022 (6321 7442 288)","6321 7442 288","yes","indexable: product has a usable catalog image and distinguishing product data"
"bmw-g07-bmw-g07-tail-light-assembly-2019-2022-sjc-94e08b","https://www.cowinmotors.com/product/bmw-g07-bmw-g07-tail-light-assembly-2019-2022-sjc-94e08b","Tail Lights","BMW G07 Tail Light Assembly 2019-2022 (SJC)","SJC","no","noindex: catalog record lacks a specific reference, side, material, size, color, or listed feature"
"bmw-g08-bmw-g08-tail-light-assembly-2018-2021-6321-7-408-737-9853369-572adb","https://www.cowinmotors.com/product/bmw-g08-bmw-g08-tail-light-assembly-2018-2021-6321-7-408-737-9853369-572adb","Tail Lights","BMW G08 Tail Light Assembly 2018-2021 (6321 7 408 737 /9853369)","6321 7 408 737 /9853369","yes","indexable: product has a usable catalog image and distinguishing product data"
"bmw-g08-bmw-g08-tail-light-assembly-2018-2021-6321-7-408-738-9853370-61f788","https://www.cowinmotors.com/product/bmw-g08-bmw-g08-tail-light-assembly-2018-2021-6321-7-408-738-9853370-61f788","Tail Lights","BMW G08 Tail Light Assembly 2018-2021 (6321 7 408 738 /9853370)","6321 7 408 738 /9853370","yes","indexable: product has a usable catalog image and distinguishing product data"
"bmw-g08-bmw-g08-tail-light-assembly-2018-2021-6321-7-408-743-9853377-32c2e3","https://www.cowinmotors.com/product/bmw-g08-bmw-g08-tail-light-assembly-2018-2021-6321-7-408-743-9853377-32c2e3","Tail Lights","BMW G08 Tail Light Assembly 2018-2021 (6321 7 408 743 /9853377)","6321 7 408 743 /9853377","yes","indexable: product has a usable catalog image and distinguishing product data"
"bmw-g08-bmw-g08-tail-light-assembly-2018-2021-6321-7-408-744-1220d0","https://www.cowinmotors.com/product/bmw-g08-bmw-g08-tail-light-assembly-2018-2021-6321-7-408-744-1220d0","Tail Lights","BMW G08 Tail Light Assembly 2018-2021 (6321 7 408 744)","6321 7 408 744","yes","indexable: product has a usable catalog image and distinguishing product data"
"bmw-g08-bmw-g08-tail-light-assembly-2018-2021-sjc-e1c0c9","https://www.cowinmotors.com/product/bmw-g08-bmw-g08-tail-light-assembly-2018-2021-sjc-e1c0c9","Tail Lights","BMW G08 Tail Light Assembly 2018-2021 (SJC)","SJC","no","noindex: catalog record lacks a specific reference, side, material, size, color, or listed feature"
"bmw-g08-bmw-g08-tail-light-assembly-22-6321-9-850-133-c4a776","https://www.cowinmotors.com/product/bmw-g08-bmw-g08-tail-light-assembly-22-6321-9-850-133-c4a776","Tail Lights","BMW G08 Tail Light Assembly 22- (6321 9 850 133)","6321 9 850 133","yes","indexable: product has a usable catalog image and distinguishing product data"
"bmw-g08-bmw-g08-tail-light-assembly-22-6321-9-850-134-ac6282","https://www.cowinmotors.com/product/bmw-g08-bmw-g08-tail-light-assembly-22-6321-9-850-134-ac6282","Tail Lights","BMW G08 Tail Light Assembly 22- (6321 9 850 134)","6321 9 850 134","yes","indexable: product has a usable catalog image and distinguishing product data"
"bmw-g08-bmw-g08-tail-light-assembly-22-6321-9-850-137-a84754","https://www.cowinmotors.com/product/bmw-g08-bmw-g08-tail-light-assembly-22-6321-9-850-137-a84754","Tail Lights","BMW G08 Tail Light Assembly 22- (6321 9 850 137)","6321 9 850 137","yes","indexable: product has a usable catalog image and distinguishing product data"
"bmw-g08-bmw-g08-tail-light-assembly-22-6321-9-850-138-4ddb46","https://www.cowinmotors.com/product/bmw-g08-bmw-g08-tail-light-assembly-22-6321-9-850-138-4ddb46","Tail Lights","BMW G08 Tail Light Assembly 22- (6321 9 850 138)","6321 9 850 138","yes","indexable: product has a usable catalog image and distinguishing product data"
"bmw-g11-bmw-g11-tail-light-assembly-2015-2018-6321-7-342-963-dae149","https://www.cowinmotors.com/product/bmw-g11-bmw-g11-tail-light-assembly-2015-2018-6321-7-342-963-dae149","Tail Lights","BMW G11 Tail Light Assembly 2015-2018 (6321 7 342 963)","6321 7 342 963","yes","indexable: product has a usable catalog image and distinguishing product data"
"bmw-g11-bmw-g11-tail-light-assembly-2015-2018-6321-7-342-964-a76537","https://www.cowinmotors.com/product/bmw-g11-bmw-g11-tail-light-assembly-2015-2018-6321-7-342-964-a76537","Tail Lights","BMW G11 Tail Light Assembly 2015-2018 (6321 7 342 964)","6321 7 342 964","yes","indexable: product has a usable catalog image and distinguishing product data"
"bmw-g11-bmw-g11-tail-light-assembly-2019-2022-5113-7-485267-898b16","https://www.cowinmotors.com/product/bmw-g11-bmw-g11-tail-light-assembly-2019-2022-5113-7-485267-898b16","Tail Lights","BMW G11 Tail Light Assembly 2019-2022 (5113 7 485267)","5113 7 485267","yes","indexable: product has a usable catalog image and distinguishing product data"
"bmw-g11-bmw-g11-tail-light-assembly-2019-2022-6321-9-854-641-ba4dd1","https://www.cowinmotors.com/product/bmw-g11-bmw-g11-tail-light-assembly-2019-2022-6321-9-854-641-ba4dd1","Tail Lights","BMW G11 Tail Light Assembly 2019-2022 (6321 9 854 641)","6321 9 854 641","yes","indexable: product has a usable catalog image and distinguishing product data"
"bmw-g11-bmw-g11-tail-light-assembly-2019-2022-6321-9-854-642-d6a2a6","https://www.cowinmotors.com/product/bmw-g11-bmw-g11-tail-light-assembly-2019-2022-6321-9-854-642-d6a2a6","Tail Lights","BMW G11 Tail Light Assembly 2019-2022 (6321 9 854 642)","6321 9 854 642","yes","indexable: product has a usable catalog image and distinguishing product data"
"bmw-g11-bmw-g11-tail-light-assembly-2019-2022-6321-9-854-643-ed284a","https://www.cowinmotors.com/product/bmw-g11-bmw-g11-tail-light-assembly-2019-2022-6321-9-854-643-ed284a","Tail Lights","BMW G11 Tail Light Assembly 2019-2022 (6321 9 854 643)","6321 9 854 643","yes","indexable: product has a usable catalog image and distinguishing product data"
"bmw-g11-bmw-g11-tail-light-assembly-2019-2022-6321-9-854-644-2c8676","https://www.cowinmotors.com/product/bmw-g11-bmw-g11-tail-light-assembly-2019-2022-6321-9-854-644-2c8676","Tail Lights","BMW G11 Tail Light Assembly 2019-2022 (6321 9 854 644)","6321 9 854 644","yes","indexable: product has a usable catalog image and distinguishing product data"
"bmw-g11-bmw-g11-tail-light-assembly-2019-2022-6321-9-854-651-c92eac","https://www.cowinmotors.com/product/bmw-g11-bmw-g11-tail-light-assembly-2019-2022-6321-9-854-651-c92eac","Tail Lights","BMW G11 Tail Light Assembly 2019-2022 (6321 9 854 651)","6321 9 854 651","yes","indexable: product has a usable catalog image and distinguishing product data"
"bmw-g12-bmw-g12-led-tail-light-assembly-2016-2018-4f6662","https://www.cowinmotors.com/product/bmw-g12-bmw-g12-led-tail-light-assembly-2016-2018-4f6662","Tail Lights","BMW G12 LED Tail Light Assembly 2016-2018","","yes","indexable: product has a usable catalog image and distinguishing product data"
"bmw-g12-bmw-g12-tail-light-assembly-2015-2018-sjc-b53ad7","https://www.cowinmotors.com/product/bmw-g12-bmw-g12-tail-light-assembly-2015-2018-sjc-b53ad7","Tail Lights","BMW G12 Tail Light Assembly 2015-2018 (SJC)","SJC","no","noindex: catalog record lacks a specific reference, side, material, size, color, or listed feature"
"bmw-g20-bmw-g20-led-tail-light-assembly-2019-2023-61e9f6","https://www.cowinmotors.com/product/bmw-g20-bmw-g20-led-tail-light-assembly-2019-2023-61e9f6","Tail Lights","BMW G20 LED Tail Light Assembly 2019-2023","","yes","indexable: product has a usable catalog image and distinguishing product data"
"bmw-g20-bmw-g20-led-laser-tail-light-assembly-2019-2023-0f5bf5","https://www.cowinmotors.com/product/bmw-g20-bmw-g20-led-laser-tail-light-assembly-2019-2023-0f5bf5","Tail Lights","BMW G20 LED, laser Tail Light Assembly 2019-2023","","yes","indexable: product has a usable catalog image and distinguishing product data"
"bmw-g20-bmw-g20-led-sequential-turn-signal-smoked-housing-tail-light-assembly-2019-2023-3e","https://www.cowinmotors.com/product/bmw-g20-bmw-g20-led-sequential-turn-signal-smoked-housing-tail-light-assembly-2019-2023-3e","Tail Lights","BMW G20 LED, sequential turn signal, smoked housing Tail Light Assembly 2019-2023","","yes","indexable: product has a usable catalog image and distinguishing product data"
"bmw-g20-bmw-g20-tail-light-assembly-2019-2022-3c1560","https://www.cowinmotors.com/product/bmw-g20-bmw-g20-tail-light-assembly-2019-2022-3c1560","Tail Lights","BMW G20 Tail Light Assembly 2019-2022","","no","noindex: catalog record lacks a specific reference, side, material, size, color, or listed feature"
"bmw-g20-bmw-g20-tail-light-assembly-2019-2022-sjc-e59bd7","https://www.cowinmotors.com/product/bmw-g20-bmw-g20-tail-light-assembly-2019-2022-sjc-e59bd7","Tail Lights","BMW G20 Tail Light Assembly 2019-2022 (SJC)","SJC","yes","indexable: product has a usable catalog image and distinguishing product data"
"bmw-g20-bmw-g20-tail-light-assembly-2019-2023-6321-7-420-449-363875","https://www.cowinmotors.com/product/bmw-g20-bmw-g20-tail-light-assembly-2019-2023-6321-7-420-449-363875","Tail Lights","BMW G20 Tail Light Assembly 2019-2023 (6321 7 420 449)","6321 7 420 449","yes","indexable: product has a usable catalog image and distinguishing product data"
"bmw-g20-bmw-g20-tail-light-assembly-2019-2023-6321-7-420-450-d79147","https://www.cowinmotors.com/product/bmw-g20-bmw-g20-tail-light-assembly-2019-2023-6321-7-420-450-d79147","Tail Lights","BMW G20 Tail Light Assembly 2019-2023 (6321 7 420 450)","6321 7 420 450","yes","indexable: product has a usable catalog image and distinguishing product data"
"bmw-g20-bmw-g20-tail-light-assembly-2019-2023-6321-7-420-453-ec94d2","https://www.cowinmotors.com/product/bmw-g20-bmw-g20-tail-light-assembly-2019-2023-6321-7-420-453-ec94d2","Tail Lights","BMW G20 Tail Light Assembly 2019-2023 (6321 7 420 453)","6321 7 420 453","yes","indexable: product has a usable catalog image and distinguishing product data"
"bmw-g20-bmw-g20-tail-light-assembly-2019-2023-6321-7-420-454-c2d81e","https://www.cowinmotors.com/product/bmw-g20-bmw-g20-tail-light-assembly-2019-2023-6321-7-420-454-c2d81e","Tail Lights","BMW G20 Tail Light Assembly 2019-2023 (6321 7 420 454)","6321 7 420 454","yes","indexable: product has a usable catalog image and distinguishing product data"
"bmw-g20-bmw-g20-tail-light-assembly-2019-2024-3e2750","https://www.cowinmotors.com/product/bmw-g20-bmw-g20-tail-light-assembly-2019-2024-3e2750","Tail Lights","BMW G20 Tail Light Assembly 2019-2024","","no","noindex: catalog record lacks a specific reference, side, material, size, color, or listed feature"
"bmw-g20-bmw-g20-tail-light-assembly-2022-2023-6321-5-a3bc65-a1bd01-c8b8ad","https://www.cowinmotors.com/product/bmw-g20-bmw-g20-tail-light-assembly-2022-2023-6321-5-a3bc65-a1bd01-c8b8ad","Tail Lights","BMW G20 Tail Light Assembly 2022-2023 (6321 5 A3BC65/A1BD01)","6321 5 A3BC65/A1BD01","yes","indexable: product has a usable catalog image and distinguishing product data"
"bmw-g20-bmw-g20-tail-light-assembly-2022-2023-6321-5-a3bc66-a1bd02-760b43","https://www.cowinmotors.com/product/bmw-g20-bmw-g20-tail-light-assembly-2022-2023-6321-5-a3bc66-a1bd02-760b43","Tail Lights","BMW G20 Tail Light Assembly 2022-2023 (6321 5 A3BC66/A1BD02)","6321 5 A3BC66/A1BD02","yes","indexable: product has a usable catalog image and distinguishing product data"
"bmw-g20-bmw-g20-tail-light-assembly-2022-2023-6321-5-a3bc93-a1bd03-57bfd0","https://www.cowinmotors.com/product/bmw-g20-bmw-g20-tail-light-assembly-2022-2023-6321-5-a3bc93-a1bd03-57bfd0","Tail Lights","BMW G20 Tail Light Assembly 2022-2023 (6321 5 A3BC93/A1BD03)","6321 5 A3BC93/A1BD03","yes","indexable: product has a usable catalog image and distinguishing product data"
"bmw-g20-bmw-g20-tail-light-assembly-2022-2023-6321-5-a3bc94-a1bd04-6cfd18","https://www.cowinmotors.com/product/bmw-g20-bmw-g20-tail-light-assembly-2022-2023-6321-5-a3bc94-a1bd04-6cfd18","Tail Lights","BMW G20 Tail Light Assembly 2022-2023 (6321 5 A3BC94/A1BD04)","6321 5 A3BC94/A1BD04","yes","indexable: product has a usable catalog image and distinguishing product data"
"bmw-g22-bmw-g22-led-tail-light-assembly-2020-2024-c20e10","https://www.cowinmotors.com/product/bmw-g22-bmw-g22-led-tail-light-assembly-2020-2024-c20e10","Tail Lights","BMW G22 LED Tail Light Assembly 2020-2024","","yes","indexable: product has a usable catalog image and distinguishing product data"
"bmw-g22-bmw-g22-tail-light-assembly-2020-2023-6321-7-477-603-4be0b7","https://www.cowinmotors.com/product/bmw-g22-bmw-g22-tail-light-assembly-2020-2023-6321-7-477-603-4be0b7","Tail Lights","BMW G22 Tail Light Assembly 2020-2023 (6321 7 477 603)","6321 7 477 603","yes","indexable: product has a usable catalog image and distinguishing product data"
"bmw-g22-bmw-g22-tail-light-assembly-2020-2023-6321-7-477-604-bbf563","https://www.cowinmotors.com/product/bmw-g22-bmw-g22-tail-light-assembly-2020-2023-6321-7-477-604-bbf563","Tail Lights","BMW G22 Tail Light Assembly 2020-2023 (6321 7 477 604)","6321 7 477 604","yes","indexable: product has a usable catalog image and distinguishing product data"
"bmw-g30-bmw-g30-led-smoked-housing-tail-light-assembly-2018-2020-2bac76","https://www.cowinmotors.com/product/bmw-g30-bmw-g30-led-smoked-housing-tail-light-assembly-2018-2020-2bac76","Tail Lights","BMW G30 LED, smoked housing Tail Light Assembly 2018-2020","","yes","indexable: product has a usable catalog image and distinguishing product data"
"bmw-g30-bmw-g30-tail-light-assembly-2018-2020-6321-7-376-463-46ba47","https://www.cowinmotors.com/product/bmw-g30-bmw-g30-tail-light-assembly-2018-2020-6321-7-376-463-46ba47","Tail Lights","BMW G30 Tail Light Assembly 2018-2020 (6321 7 376 463)","6321 7 376 463","yes","indexable: product has a usable catalog image and distinguishing product data"
"bmw-g30-bmw-g30-tail-light-assembly-2018-2020-6321-7-376-464-8b559c","https://www.cowinmotors.com/product/bmw-g30-bmw-g30-tail-light-assembly-2018-2020-6321-7-376-464-8b559c","Tail Lights","BMW G30 Tail Light Assembly 2018-2020 (6321 7 376 464)","6321 7 376 464","yes","indexable: product has a usable catalog image and distinguishing product data"
"bmw-g30-bmw-g30-tail-light-assembly-2018-2020-6321-7-376-473-d23712","https://www.cowinmotors.com/product/bmw-g30-bmw-g30-tail-light-assembly-2018-2020-6321-7-376-473-d23712","Tail Lights","BMW G30 Tail Light Assembly 2018-2020 (6321 7 376 473)","6321 7 376 473","yes","indexable: product has a usable catalog image and distinguishing product data"
"bmw-g30-bmw-g30-tail-light-assembly-2018-2020-6321-7-376-474-0a0148","https://www.cowinmotors.com/product/bmw-g30-bmw-g30-tail-light-assembly-2018-2020-6321-7-376-474-0a0148","Tail Lights","BMW G30 Tail Light Assembly 2018-2020 (6321 7 376 474)","6321 7 376 474","yes","indexable: product has a usable catalog image and distinguishing product data"
"bmw-g30-bmw-g30-tail-light-assembly-2018-2020-sjc-41a7e6","https://www.cowinmotors.com/product/bmw-g30-bmw-g30-tail-light-assembly-2018-2020-sjc-41a7e6","Tail Lights","BMW G30 Tail Light Assembly 2018-2020 (SJC)","SJC","no","noindex: catalog record lacks a specific reference, side, material, size, color, or listed feature"
"bmw-g30-bmw-g30-tail-light-assembly-2021-6321-8-493-811-da7ce6","https://www.cowinmotors.com/product/bmw-g30-bmw-g30-tail-light-assembly-2021-6321-8-493-811-da7ce6","Tail Lights","BMW G30 Tail Light Assembly 2021- (6321 8 493 811)","6321 8 493 811","yes","indexable: product has a usable catalog image and distinguishing product data"
"bmw-g30-bmw-g30-tail-light-assembly-2021-6321-8-493-812-914aba","https://www.cowinmotors.com/product/bmw-g30-bmw-g30-tail-light-assembly-2021-6321-8-493-812-914aba","Tail Lights","BMW G30 Tail Light Assembly 2021- (6321 8 493 812)","6321 8 493 812","yes","indexable: product has a usable catalog image and distinguishing product data"
"bmw-g30-bmw-g30-tail-light-assembly-2021-6321-8-493-815-85e1d2","https://www.cowinmotors.com/product/bmw-g30-bmw-g30-tail-light-assembly-2021-6321-8-493-815-85e1d2","Tail Lights","BMW G30 Tail Light Assembly 2021- (6321 8 493 815)","6321 8 493 815","yes","indexable: product has a usable catalog image and distinguishing product data"
"bmw-g30-bmw-g30-tail-light-assembly-2021-6321-8-493-818-a57218","https://www.cowinmotors.com/product/bmw-g30-bmw-g30-tail-light-assembly-2021-6321-8-493-818-a57218","Tail Lights","BMW G30 Tail Light Assembly 2021- (6321 8 493 818)","6321 8 493 818","yes","indexable: product has a usable catalog image and distinguishing product data"
"bmw-g32-bmw-g32-tail-light-assembly-2017-2019-6321-7376-483-cf137b","https://www.cowinmotors.com/product/bmw-g32-bmw-g32-tail-light-assembly-2017-2019-6321-7376-483-cf137b","Tail Lights","BMW G32 Tail Light Assembly 2017-2019 (6321 7376 483)","6321 7376 483","yes","indexable: product has a usable catalog image and distinguishing product data"
"bmw-g32-bmw-g32-tail-light-assembly-2017-2019-6321-7376-484-07afa7","https://www.cowinmotors.com/product/bmw-g32-bmw-g32-tail-light-assembly-2017-2019-6321-7376-484-07afa7","Tail Lights","BMW G32 Tail Light Assembly 2017-2019 (6321 7376 484)","6321 7376 484","yes","indexable: product has a usable catalog image and distinguishing product data"
"bmw-mini-14-23-f55f56f57-bmw-mini-14-23-f55f56f57-tail-light-assembly-2014-2023-a38522","https://www.cowinmotors.com/product/bmw-mini-14-23-f55f56f57-bmw-mini-14-23-f55f56f57-tail-light-assembly-2014-2023-a38522","Tail Lights","BMW MINI 14-23 F55F56F57 Tail Light Assembly 2014-2023","","no","noindex: catalog record lacks a specific reference, side, material, size, color, or listed feature"
"bmw-r56-bmw-r56-tail-light-assembly-2007-2013-6ec09c","https://www.cowinmotors.com/product/bmw-r56-bmw-r56-tail-light-assembly-2007-2013-6ec09c","Tail Lights","BMW R56 Tail Light Assembly 2007-2013","","no","noindex: catalog record lacks a specific reference, side, material, size, color, or listed feature"
"bmw-x-7g07-19-22-led-bmw-x-7g07-19-22-led-led-facelift-conversion-tail-light-assembly-2019","https://www.cowinmotors.com/product/bmw-x-7g07-19-22-led-bmw-x-7g07-19-22-led-led-facelift-conversion-tail-light-assembly-2019","Tail Lights","BMW X 7G07 19-22 LED LED, facelift conversion Tail Light Assembly 2019-2022","","yes","indexable: product has a usable catalog image and distinguishing product data"
"bmw-x1-10-15-e84-led-bmw-x1-10-15-e84-led-led-tail-light-assembly-2010-2015-be3a0f","https://www.cowinmotors.com/product/bmw-x1-10-15-e84-led-bmw-x1-10-15-e84-led-led-tail-light-assembly-2010-2015-be3a0f","Tail Lights","BMW X1 10-15 E84 LED LED Tail Light Assembly 2010-2015","","yes","indexable: product has a usable catalog image and distinguishing product data"
"bmw-x3-10-17-f25-led-bmw-x3-10-17-f25-led-led-sequential-turn-signal-tail-light-assembly-2","https://www.cowinmotors.com/product/bmw-x3-10-17-f25-led-bmw-x3-10-17-f25-led-led-sequential-turn-signal-tail-light-assembly-2","Tail Lights","BMW X3 10-17 F25 LED LED, sequential turn signal Tail Light Assembly 2010-2017","","yes","indexable: product has a usable catalog image and distinguishing product data"
"bmw-x3-18-21-g01-g08-led-bmw-x3-18-21-g01-g08-led-led-sequential-turn-signal-tail-light-as","https://www.cowinmotors.com/product/bmw-x3-18-21-g01-g08-led-bmw-x3-18-21-g01-g08-led-led-sequential-turn-signal-tail-light-as","Tail Lights","BMW X3 18-21 G01 G08 LED LED, sequential turn signal Tail Light Assembly 2018-2021","","yes","indexable: product has a usable catalog image and distinguishing product data"
"bmw-x4-14-17-f26-csl-led-bmw-x4-14-17-f26-csl-led-led-tail-light-assembly-2014-2017-7c6ef5","https://www.cowinmotors.com/product/bmw-x4-14-17-f26-csl-led-bmw-x4-14-17-f26-csl-led-led-tail-light-assembly-2014-2017-7c6ef5","Tail Lights","BMW X4 14-17 F26 CSL LED LED Tail Light Assembly 2014-2017","","yes","indexable: product has a usable catalog image and distinguishing product data"
"bmw-x5-07-13-e70-led-bmw-x5-07-13-e70-led-led-tail-light-assembly-2007-2013-1094b0","https://www.cowinmotors.com/product/bmw-x5-07-13-e70-led-bmw-x5-07-13-e70-led-led-tail-light-assembly-2007-2013-1094b0","Tail Lights","BMW X5 07-13 E70 LED LED Tail Light Assembly 2007-2013","","yes","indexable: product has a usable catalog image and distinguishing product data"
"bmw-x5-14-18-f15-led-bmw-x5-14-18-f15-led-led-tail-light-assembly-2014-2018-c21f1c","https://www.cowinmotors.com/product/bmw-x5-14-18-f15-led-bmw-x5-14-18-f15-led-led-tail-light-assembly-2014-2018-c21f1c","Tail Lights","BMW X5 14-18 F15 LED LED Tail Light Assembly 2014-2018","","yes","indexable: product has a usable catalog image and distinguishing product data"
"bmw-x5-14-18-f15-led-bmw-x5-14-18-f15-led-led-sequential-turn-signal-tail-light-assembly-2","https://www.cowinmotors.com/product/bmw-x5-14-18-f15-led-bmw-x5-14-18-f15-led-led-sequential-turn-signal-tail-light-assembly-2","Tail Lights","BMW X5 14-18 F15 LED LED, sequential turn signal Tail Light Assembly 2014-2018","","yes","indexable: product has a usable catalog image and distinguishing product data"
"bmw-x5-19-23-g05-led-bmw-x5-19-23-g05-led-led-tail-light-assembly-2019-2023-e42246","https://www.cowinmotors.com/product/bmw-x5-19-23-g05-led-bmw-x5-19-23-g05-led-led-tail-light-assembly-2019-2023-e42246","Tail Lights","BMW X5 19-23 G05 LED LED Tail Light Assembly 2019-2023","","yes","indexable: product has a usable catalog image and distinguishing product data"
"bmw-x6-08-14-e71-led-bmw-x6-08-14-e71-led-led-tail-light-assembly-2008-2014-0eab34","https://www.cowinmotors.com/product/bmw-x6-08-14-e71-led-bmw-x6-08-14-e71-led-led-tail-light-assembly-2008-2014-0eab34","Tail Lights","BMW X6 08-14 E71 LED LED Tail Light Assembly 2008-2014","","yes","indexable: product has a usable catalog image and distinguishing product data"
"bmw-z4-bmw-z4-tail-light-assembly-2009-2016-sjc-6abf21","https://www.cowinmotors.com/product/bmw-z4-bmw-z4-tail-light-assembly-2009-2016-sjc-6abf21","Tail Lights","BMW Z4 Tail Light Assembly 2009-2016 (SJC)","SJC","no","noindex: catalog record lacks a specific reference, side, material, size, color, or listed feature"
"bmw-z4-bmw-z4-smoked-housing-tail-light-assembly-2009-2016-sjc-9c5f9e","https://www.cowinmotors.com/product/bmw-z4-bmw-z4-smoked-housing-tail-light-assembly-2009-2016-sjc-9c5f9e","Tail Lights","BMW Z4 smoked housing Tail Light Assembly 2009-2016 (SJC)","SJC","yes","indexable: product has a usable catalog image and distinguishing product data"
"bmw-f34-bmw-f34-tail-light-assembly-2013-2020-sjc-7cba8c","https://www.cowinmotors.com/product/bmw-f34-bmw-f34-tail-light-assembly-2013-2020-sjc-7cba8c","Tail Lights","BMW f34 Tail Light Assembly 2013-2020 (SJC)","SJC","no","noindex: catalog record lacks a specific reference, side, material, size, color, or listed feature"
"mercedes-benz-16-23-vito-v-led-mercedes-benz-16-23-vito-v-led-led-sequential-turn-signal-t","https://www.cowinmotors.com/product/mercedes-benz-16-23-vito-v-led-mercedes-benz-16-23-vito-v-led-led-sequential-turn-signal-t","Tail Lights","Mercedes-Benz 16-23 vito V LED LED, sequential turn signal Tail Light Assembly 2016-2023","","yes","indexable: product has a usable catalog image and distinguishing product data"
"mercedes-benz-a-w177-19-22-led-mercedes-benz-a-w177-19-22-led-led-sequential-turn-signal-t","https://www.cowinmotors.com/product/mercedes-benz-a-w177-19-22-led-mercedes-benz-a-w177-19-22-led-led-sequential-turn-signal-t","Tail Lights","Mercedes-Benz A W177 19-22 LED LED, sequential turn signal Tail Light Assembly 2019-2022","","yes","indexable: product has a usable catalog image and distinguishing product data"
"mercedes-benz-a-class-mercedes-benz-a-class-tail-light-assembly-2016-2018-w176-906-5300-a1","https://www.cowinmotors.com/product/mercedes-benz-a-class-mercedes-benz-a-class-tail-light-assembly-2016-2018-w176-906-5300-a1","Tail Lights","Mercedes-Benz A class Tail Light Assembly 2016-2018 (W176 906 5300)","W176 906 5300","yes","indexable: product has a usable catalog image and distinguishing product data"
"mercedes-benz-a-class-mercedes-benz-a-class-tail-light-assembly-2016-2018-w176-906-5400-d5","https://www.cowinmotors.com/product/mercedes-benz-a-class-mercedes-benz-a-class-tail-light-assembly-2016-2018-w176-906-5400-d5","Tail Lights","Mercedes-Benz A class Tail Light Assembly 2016-2018 (W176 906 5400)","W176 906 5400","yes","indexable: product has a usable catalog image and distinguishing product data"
"mercedes-benz-a-class-mercedes-benz-a-class-tail-light-assembly-2019-2022-w177-906-6900-ca","https://www.cowinmotors.com/product/mercedes-benz-a-class-mercedes-benz-a-class-tail-light-assembly-2019-2022-w177-906-6900-ca","Tail Lights","Mercedes-Benz A class Tail Light Assembly 2019-2022 (W177 906 6900)","W177 906 6900","yes","indexable: product has a usable catalog image and distinguishing product data"
"mercedes-benz-a-class-mercedes-benz-a-class-tail-light-assembly-2019-2022-w177-906-7000-3e","https://www.cowinmotors.com/product/mercedes-benz-a-class-mercedes-benz-a-class-tail-light-assembly-2019-2022-w177-906-7000-3e","Tail Lights","Mercedes-Benz A class Tail Light Assembly 2019-2022 (W177 906 7000)","W177 906 7000","yes","indexable: product has a usable catalog image and distinguishing product data"
"mercedes-benz-b-class-mercedes-benz-b-class-tail-light-assembly-2005-2011-w169-820-1564-3d","https://www.cowinmotors.com/product/mercedes-benz-b-class-mercedes-benz-b-class-tail-light-assembly-2005-2011-w169-820-1564-3d","Tail Lights","Mercedes-Benz B class Tail Light Assembly 2005-2011 (W169 820 1564)","W169 820 1564","yes","indexable: product has a usable catalog image and distinguishing product data"
"mercedes-benz-b-class-mercedes-benz-b-class-tail-light-assembly-2005-2011-w169-820-1664-b9","https://www.cowinmotors.com/product/mercedes-benz-b-class-mercedes-benz-b-class-tail-light-assembly-2005-2011-w169-820-1664-b9","Tail Lights","Mercedes-Benz B class Tail Light Assembly 2005-2011 (W169 820 1664)","W169 820 1664","yes","indexable: product has a usable catalog image and distinguishing product data"
"mercedes-benz-b-class-mercedes-benz-b-class-tail-light-assembly-2005-2011-w169-820-2564-c4","https://www.cowinmotors.com/product/mercedes-benz-b-class-mercedes-benz-b-class-tail-light-assembly-2005-2011-w169-820-2564-c4","Tail Lights","Mercedes-Benz B class Tail Light Assembly 2005-2011 (W169 820 2564)","W169 820 2564","yes","indexable: product has a usable catalog image and distinguishing product data"
"mercedes-benz-b-class-mercedes-benz-b-class-tail-light-assembly-2005-2011-w169-820-2664-41","https://www.cowinmotors.com/product/mercedes-benz-b-class-mercedes-benz-b-class-tail-light-assembly-2005-2011-w169-820-2664-41","Tail Lights","Mercedes-Benz B class Tail Light Assembly 2005-2011 (W169 820 2664)","W169 820 2664","yes","indexable: product has a usable catalog image and distinguishing product data"
"mercedes-benz-b-class-mercedes-benz-b-class-tail-light-assembly-2015-2019-w246-906-8700-53","https://www.cowinmotors.com/product/mercedes-benz-b-class-mercedes-benz-b-class-tail-light-assembly-2015-2019-w246-906-8700-53","Tail Lights","Mercedes-Benz B class Tail Light Assembly 2015-2019 (W246 906 8700)","W246 906 8700","yes","indexable: product has a usable catalog image and distinguishing product data"
"mercedes-benz-b-class-mercedes-benz-b-class-tail-light-assembly-2015-2019-w246-906-8800-b7","https://www.cowinmotors.com/product/mercedes-benz-b-class-mercedes-benz-b-class-tail-light-assembly-2015-2019-w246-906-8800-b7","Tail Lights","Mercedes-Benz B class Tail Light Assembly 2015-2019 (W246 906 8800)","W246 906 8800","yes","indexable: product has a usable catalog image and distinguishing product data"
"mercedes-benz-b-class-mercedes-benz-b-class-tail-light-assembly-2015-2019-w246-906-9100-72","https://www.cowinmotors.com/product/mercedes-benz-b-class-mercedes-benz-b-class-tail-light-assembly-2015-2019-w246-906-9100-72","Tail Lights","Mercedes-Benz B class Tail Light Assembly 2015-2019 (W246 906 9100)","W246 906 9100","yes","indexable: product has a usable catalog image and distinguishing product data"
"mercedes-benz-b-class-mercedes-benz-b-class-tail-light-assembly-2015-2019-w246-906-9200-a9","https://www.cowinmotors.com/product/mercedes-benz-b-class-mercedes-benz-b-class-tail-light-assembly-2015-2019-w246-906-9200-a9","Tail Lights","Mercedes-Benz B class Tail Light Assembly 2015-2019 (W246 906 9200)","W246 906 9200","yes","indexable: product has a usable catalog image and distinguishing product data"
"mercedes-benz-c-class-mercedes-benz-c-class-tail-light-assembly-07-15-204-820-2764-7a5446","https://www.cowinmotors.com/product/mercedes-benz-c-class-mercedes-benz-c-class-tail-light-assembly-07-15-204-820-2764-7a5446","Tail Lights","Mercedes-Benz C class Tail Light Assembly 07--15 (204 820 2764)","204 820 2764","yes","indexable: product has a usable catalog image and distinguishing product data"
"mercedes-benz-c-class-mercedes-benz-c-class-tail-light-assembly-07-15-204-820-2864-febb02","https://www.cowinmotors.com/product/mercedes-benz-c-class-mercedes-benz-c-class-tail-light-assembly-07-15-204-820-2864-febb02","Tail Lights","Mercedes-Benz C class Tail Light Assembly 07--15 (204 820 2864)","204 820 2864","yes","indexable: product has a usable catalog image and distinguishing product data"
"mercedes-benz-c-class-mercedes-benz-c-class-tail-light-assembly-07-15-204-906-0203-d24fa8","https://www.cowinmotors.com/product/mercedes-benz-c-class-mercedes-benz-c-class-tail-light-assembly-07-15-204-906-0203-d24fa8","Tail Lights","Mercedes-Benz C class Tail Light Assembly 07--15 (204 906 0203)","204 906 0203","yes","indexable: product has a usable catalog image and distinguishing product data"
"mercedes-benz-c-class-mercedes-benz-c-class-tail-light-assembly-07-15-204-906-0503-701016","https://www.cowinmotors.com/product/mercedes-benz-c-class-mercedes-benz-c-class-tail-light-assembly-07-15-204-906-0503-701016","Tail Lights","Mercedes-Benz C class Tail Light Assembly 07--15 (204 906 0503)","204 906 0503","yes","indexable: product has a usable catalog image and distinguishing product data"
"mercedes-benz-c-class-mercedes-benz-c-class-tail-light-assembly-2003-2006-a211-820-0364-90","https://www.cowinmotors.com/product/mercedes-benz-c-class-mercedes-benz-c-class-tail-light-assembly-2003-2006-a211-820-0364-90","Tail Lights","Mercedes-Benz C class Tail Light Assembly 2003-2006 (A211 820 0364)","A211 820 0364","yes","indexable: product has a usable catalog image and distinguishing product data"
"mercedes-benz-c-class-mercedes-benz-c-class-tail-light-assembly-2003-2006-a211-820-0464-18","https://www.cowinmotors.com/product/mercedes-benz-c-class-mercedes-benz-c-class-tail-light-assembly-2003-2006-a211-820-0464-18","Tail Lights","Mercedes-Benz C class Tail Light Assembly 2003-2006 (A211 820 0464)","A211 820 0464","yes","indexable: product has a usable catalog image and distinguishing product data"
"mercedes-benz-c-class-mercedes-benz-c-class-tail-light-assembly-2003-2006-a211-820-0564-91","https://www.cowinmotors.com/product/mercedes-benz-c-class-mercedes-benz-c-class-tail-light-assembly-2003-2006-a211-820-0564-91","Tail Lights","Mercedes-Benz C class Tail Light Assembly 2003-2006 (A211 820 0564)","A211 820 0564","yes","indexable: product has a usable catalog image and distinguishing product data"
"mercedes-benz-c-class-mercedes-benz-c-class-tail-light-assembly-2003-2006-a211-820-0664-6b","https://www.cowinmotors.com/product/mercedes-benz-c-class-mercedes-benz-c-class-tail-light-assembly-2003-2006-a211-820-0664-6b","Tail Lights","Mercedes-Benz C class Tail Light Assembly 2003-2006 (A211 820 0664)","A211 820 0664","yes","indexable: product has a usable catalog image and distinguishing product data"
"mercedes-benz-c-class-mercedes-benz-c-class-tail-light-assembly-2007-2009-a211-820-2364-4e","https://www.cowinmotors.com/product/mercedes-benz-c-class-mercedes-benz-c-class-tail-light-assembly-2007-2009-a211-820-2364-4e","Tail Lights","Mercedes-Benz C class Tail Light Assembly 2007-2009 (A211 820 2364)","A211 820 2364","yes","indexable: product has a usable catalog image and distinguishing product data"
"mercedes-benz-c-class-mercedes-benz-c-class-tail-light-assembly-2007-2009-a211-820-2464-54","https://www.cowinmotors.com/product/mercedes-benz-c-class-mercedes-benz-c-class-tail-light-assembly-2007-2009-a211-820-2464-54","Tail Lights","Mercedes-Benz C class Tail Light Assembly 2007-2009 (A211 820 2464)","A211 820 2464","yes","indexable: product has a usable catalog image and distinguishing product data"
"mercedes-benz-c-class-mercedes-benz-c-class-tail-light-assembly-2007-2009-a211-820-2564-46","https://www.cowinmotors.com/product/mercedes-benz-c-class-mercedes-benz-c-class-tail-light-assembly-2007-2009-a211-820-2564-46","Tail Lights","Mercedes-Benz C class Tail Light Assembly 2007-2009 (A211 820 2564)","A211 820 2564","yes","indexable: product has a usable catalog image and distinguishing product data"
"mercedes-benz-c-class-mercedes-benz-c-class-tail-light-assembly-2007-2009-a211-820-2664-48","https://www.cowinmotors.com/product/mercedes-benz-c-class-mercedes-benz-c-class-tail-light-assembly-2007-2009-a211-820-2664-48","Tail Lights","Mercedes-Benz C class Tail Light Assembly 2007-2009 (A211 820 2664)","A211 820 2664","yes","indexable: product has a usable catalog image and distinguishing product data"
"mercedes-benz-c-class-mercedes-benz-c-class-tail-light-assembly-2009-2013-212-820-0764-875","https://www.cowinmotors.com/product/mercedes-benz-c-class-mercedes-benz-c-class-tail-light-assembly-2009-2013-212-820-0764-875","Tail Lights","Mercedes-Benz C class Tail Light Assembly 2009-2013 (212 820 0764)","212 820 0764","yes","indexable: product has a usable catalog image and distinguishing product data"
"mercedes-benz-c-class-mercedes-benz-c-class-tail-light-assembly-2009-2013-212-820-0864-42d","https://www.cowinmotors.com/product/mercedes-benz-c-class-mercedes-benz-c-class-tail-light-assembly-2009-2013-212-820-0864-42d","Tail Lights","Mercedes-Benz C class Tail Light Assembly 2009-2013 (212 820 0864)","212 820 0864","yes","indexable: product has a usable catalog image and distinguishing product data"
"mercedes-benz-c-class-mercedes-benz-c-class-tail-light-assembly-2009-2013-a207-820-0164-fd","https://www.cowinmotors.com/product/mercedes-benz-c-class-mercedes-benz-c-class-tail-light-assembly-2009-2013-a207-820-0164-fd","Tail Lights","Mercedes-Benz C class Tail Light Assembly 2009-2013 (A207 820 0164)","A207 820 0164","yes","indexable: product has a usable catalog image and distinguishing product data"
"mercedes-benz-c-class-mercedes-benz-c-class-tail-light-assembly-2009-2013-a207-820-0264-21","https://www.cowinmotors.com/product/mercedes-benz-c-class-mercedes-benz-c-class-tail-light-assembly-2009-2013-a207-820-0264-21","Tail Lights","Mercedes-Benz C class Tail Light Assembly 2009-2013 (A207 820 0264)","A207 820 0264","yes","indexable: product has a usable catalog image and distinguishing product data"
"mercedes-benz-c-class-mercedes-benz-c-class-tail-light-assembly-2009-2013-a207-820-0364-8d","https://www.cowinmotors.com/product/mercedes-benz-c-class-mercedes-benz-c-class-tail-light-assembly-2009-2013-a207-820-0364-8d","Tail Lights","Mercedes-Benz C class Tail Light Assembly 2009-2013 (A207 820 0364)","A207 820 0364","yes","indexable: product has a usable catalog image and distinguishing product data"
"mercedes-benz-c-class-mercedes-benz-c-class-tail-light-assembly-2009-2013-a207-820-0464-a7","https://www.cowinmotors.com/product/mercedes-benz-c-class-mercedes-benz-c-class-tail-light-assembly-2009-2013-a207-820-0464-a7","Tail Lights","Mercedes-Benz C class Tail Light Assembly 2009-2013 (A207 820 0464)","A207 820 0464","yes","indexable: product has a usable catalog image and distinguishing product data"
"mercedes-benz-c-class-mercedes-benz-c-class-tail-light-assembly-2009-2013-a212-820-3564-c0","https://www.cowinmotors.com/product/mercedes-benz-c-class-mercedes-benz-c-class-tail-light-assembly-2009-2013-a212-820-3564-c0","Tail Lights","Mercedes-Benz C class Tail Light Assembly 2009-2013 (A212 820 3564)","A212 820 3564","yes","indexable: product has a usable catalog image and distinguishing product data"
"mercedes-benz-c-class-mercedes-benz-c-class-tail-light-assembly-2009-2013-a212-820-3664-1d","https://www.cowinmotors.com/product/mercedes-benz-c-class-mercedes-benz-c-class-tail-light-assembly-2009-2013-a212-820-3664-1d","Tail Lights","Mercedes-Benz C class Tail Light Assembly 2009-2013 (A212 820 3664)","A212 820 3664","yes","indexable: product has a usable catalog image and distinguishing product data"
"mercedes-benz-c-class-mercedes-benz-c-class-tail-light-assembly-2013-2016-a205-906-0357-34","https://www.cowinmotors.com/product/mercedes-benz-c-class-mercedes-benz-c-class-tail-light-assembly-2013-2016-a205-906-0357-34","Tail Lights","Mercedes-Benz C class Tail Light Assembly 2013-2016 (A205 906 0357)","A205 906 0357","yes","indexable: product has a usable catalog image and distinguishing product data"
"mercedes-benz-c-class-mercedes-benz-c-class-tail-light-assembly-2013-2016-a205-906-0457-43","https://www.cowinmotors.com/product/mercedes-benz-c-class-mercedes-benz-c-class-tail-light-assembly-2013-2016-a205-906-0457-43","Tail Lights","Mercedes-Benz C class Tail Light Assembly 2013-2016 (A205 906 0457)","A205 906 0457","yes","indexable: product has a usable catalog image and distinguishing product data"
"mercedes-benz-c-class-mercedes-benz-c-class-tail-light-assembly-2013-2016-a205-906-2002-02","https://www.cowinmotors.com/product/mercedes-benz-c-class-mercedes-benz-c-class-tail-light-assembly-2013-2016-a205-906-2002-02","Tail Lights","Mercedes-Benz C class Tail Light Assembly 2013-2016 (A205 906 2002)","A205 906 2002","yes","indexable: product has a usable catalog image and distinguishing product data"
"mercedes-benz-c-class-mercedes-benz-c-class-tail-light-assembly-2013-2016-a205-906-2102-d7","https://www.cowinmotors.com/product/mercedes-benz-c-class-mercedes-benz-c-class-tail-light-assembly-2013-2016-a205-906-2102-d7","Tail Lights","Mercedes-Benz C class Tail Light Assembly 2013-2016 (A205 906 2102)","A205 906 2102","yes","indexable: product has a usable catalog image and distinguishing product data"
"mercedes-benz-c-class-mercedes-benz-c-class-tail-light-assembly-2014-2015-a212-906-0103-ce","https://www.cowinmotors.com/product/mercedes-benz-c-class-mercedes-benz-c-class-tail-light-assembly-2014-2015-a212-906-0103-ce","Tail Lights","Mercedes-Benz C class Tail Light Assembly 2014-2015 (A212 906 0103)","A212 906 0103","yes","indexable: product has a usable catalog image and distinguishing product data"
"mercedes-benz-c-class-mercedes-benz-c-class-tail-light-assembly-2014-2015-a212-906-0203-e8","https://www.cowinmotors.com/product/mercedes-benz-c-class-mercedes-benz-c-class-tail-light-assembly-2014-2015-a212-906-0203-e8","Tail Lights","Mercedes-Benz C class Tail Light Assembly 2014-2015 (A212 906 0203)","A212 906 0203","yes","indexable: product has a usable catalog image and distinguishing product data"
"mercedes-benz-c-class-mercedes-benz-c-class-tail-light-assembly-2014-2015-a212-906-0303-7d","https://www.cowinmotors.com/product/mercedes-benz-c-class-mercedes-benz-c-class-tail-light-assembly-2014-2015-a212-906-0303-7d","Tail Lights","Mercedes-Benz C class Tail Light Assembly 2014-2015 (A212 906 0303)","A212 906 0303","yes","indexable: product has a usable catalog image and distinguishing product data"
"mercedes-benz-c-class-mercedes-benz-c-class-tail-light-assembly-2014-2015-a212-906-0403-1d","https://www.cowinmotors.com/product/mercedes-benz-c-class-mercedes-benz-c-class-tail-light-assembly-2014-2015-a212-906-0403-1d","Tail Lights","Mercedes-Benz C class Tail Light Assembly 2014-2015 (A212 906 0403)","A212 906 0403","yes","indexable: product has a usable catalog image and distinguishing product data"
"mercedes-benz-c-class-mercedes-benz-c-class-tail-light-assembly-2014-2016-a207-906-3300-aa","https://www.cowinmotors.com/product/mercedes-benz-c-class-mercedes-benz-c-class-tail-light-assembly-2014-2016-a207-906-3300-aa","Tail Lights","Mercedes-Benz C class Tail Light Assembly 2014-2016 (A207 906 3300)","A207 906 3300","yes","indexable: product has a usable catalog image and distinguishing product data"
"mercedes-benz-c-class-mercedes-benz-c-class-tail-light-assembly-2014-2016-a207-906-3400-b0","https://www.cowinmotors.com/product/mercedes-benz-c-class-mercedes-benz-c-class-tail-light-assembly-2014-2016-a207-906-3400-b0","Tail Lights","Mercedes-Benz C class Tail Light Assembly 2014-2016 (A207 906 3400)","A207 906 3400","yes","indexable: product has a usable catalog image and distinguishing product data"
"mercedes-benz-c-class-mercedes-benz-c-class-tail-light-assembly-2014-2016-a207-906-3700-8f","https://www.cowinmotors.com/product/mercedes-benz-c-class-mercedes-benz-c-class-tail-light-assembly-2014-2016-a207-906-3700-8f","Tail Lights","Mercedes-Benz C class Tail Light Assembly 2014-2016 (A207 906 3700)","A207 906 3700","yes","indexable: product has a usable catalog image and distinguishing product data"
"mercedes-benz-c-class-mercedes-benz-c-class-tail-light-assembly-2014-2016-a207-906-3800-0a","https://www.cowinmotors.com/product/mercedes-benz-c-class-mercedes-benz-c-class-tail-light-assembly-2014-2016-a207-906-3800-0a","Tail Lights","Mercedes-Benz C class Tail Light Assembly 2014-2016 (A207 906 3800)","A207 906 3800","yes","indexable: product has a usable catalog image and distinguishing product data"
"mercedes-benz-c-class-mercedes-benz-c-class-tail-light-assembly-2016-2020-a213-906-7700-fd","https://www.cowinmotors.com/product/mercedes-benz-c-class-mercedes-benz-c-class-tail-light-assembly-2016-2020-a213-906-7700-fd","Tail Lights","Mercedes-Benz C class Tail Light Assembly 2016-2020 (A213 906 7700)","A213 906 7700","yes","indexable: product has a usable catalog image and distinguishing product data"
"mercedes-benz-c-class-mercedes-benz-c-class-tail-light-assembly-2016-2020-a213-906-7800-5a","https://www.cowinmotors.com/product/mercedes-benz-c-class-mercedes-benz-c-class-tail-light-assembly-2016-2020-a213-906-7800-5a","Tail Lights","Mercedes-Benz C class Tail Light Assembly 2016-2020 (A213 906 7800)","A213 906 7800","yes","indexable: product has a usable catalog image and distinguishing product data"
"mercedes-benz-c-class-mercedes-benz-c-class-tail-light-assembly-2017-2021-a205-906-7103-fa","https://www.cowinmotors.com/product/mercedes-benz-c-class-mercedes-benz-c-class-tail-light-assembly-2017-2021-a205-906-7103-fa","Tail Lights","Mercedes-Benz C class Tail Light Assembly 2017-2021 (A205 906 7103)","A205 906 7103","yes","indexable: product has a usable catalog image and distinguishing product data"
"mercedes-benz-c-class-mercedes-benz-c-class-tail-light-assembly-2017-2021-a205-906-7203-12","https://www.cowinmotors.com/product/mercedes-benz-c-class-mercedes-benz-c-class-tail-light-assembly-2017-2021-a205-906-7203-12","Tail Lights","Mercedes-Benz C class Tail Light Assembly 2017-2021 (A205 906 7203)","A205 906 7203","yes","indexable: product has a usable catalog image and distinguishing product data"
"mercedes-benz-c-class-mercedes-benz-c-class-tail-light-assembly-2021-a213-906-4608-d98f80","https://www.cowinmotors.com/product/mercedes-benz-c-class-mercedes-benz-c-class-tail-light-assembly-2021-a213-906-4608-d98f80","Tail Lights","Mercedes-Benz C class Tail Light Assembly 2021- (A213 906 4608)","A213 906 4608","yes","indexable: product has a usable catalog image and distinguishing product data"
"mercedes-benz-c-class-mercedes-benz-c-class-tail-light-assembly-2021-a213-906-4708-caeb9b","https://www.cowinmotors.com/product/mercedes-benz-c-class-mercedes-benz-c-class-tail-light-assembly-2021-a213-906-4708-caeb9b","Tail Lights","Mercedes-Benz C class Tail Light Assembly 2021- (A213 906 4708)","A213 906 4708","yes","indexable: product has a usable catalog image and distinguishing product data"
"mercedes-benz-c-class-mercedes-benz-c-class-tail-light-assembly-2021-a213-906-5709-d49d80","https://www.cowinmotors.com/product/mercedes-benz-c-class-mercedes-benz-c-class-tail-light-assembly-2021-a213-906-5709-d49d80","Tail Lights","Mercedes-Benz C class Tail Light Assembly 2021- (A213 906 5709)","A213 906 5709","yes","indexable: product has a usable catalog image and distinguishing product data"
"mercedes-benz-c-class-mercedes-benz-c-class-tail-light-assembly-2021-a213-906-5809-906772","https://www.cowinmotors.com/product/mercedes-benz-c-class-mercedes-benz-c-class-tail-light-assembly-2021-a213-906-5809-906772","Tail Lights","Mercedes-Benz C class Tail Light Assembly 2021- (A213 906 5809)","A213 906 5809","yes","indexable: product has a usable catalog image and distinguishing product data"
"mercedes-benz-c167-mercedes-benz-c167-tail-light-assembly-24-w167-906-7110-70a228","https://www.cowinmotors.com/product/mercedes-benz-c167-mercedes-benz-c167-tail-light-assembly-24-w167-906-7110-70a228","Tail Lights","Mercedes-Benz C167 Tail Light Assembly 24- (W167 906 7110)","W167 906 7110","yes","indexable: product has a usable catalog image and distinguishing product data"
"mercedes-benz-c167-mercedes-benz-c167-tail-light-assembly-24-w167-906-7210-024c58","https://www.cowinmotors.com/product/mercedes-benz-c167-mercedes-benz-c167-tail-light-assembly-24-w167-906-7210-024c58","Tail Lights","Mercedes-Benz C167 Tail Light Assembly 24- (W167 906 7210)","W167 906 7210","yes","indexable: product has a usable catalog image and distinguishing product data"
"mercedes-benz-c167-mercedes-benz-c167-tail-light-assembly-24-w167-906-7310-3e7e16","https://www.cowinmotors.com/product/mercedes-benz-c167-mercedes-benz-c167-tail-light-assembly-24-w167-906-7310-3e7e16","Tail Lights","Mercedes-Benz C167 Tail Light Assembly 24- (W167 906 7310)","W167 906 7310","yes","indexable: product has a usable catalog image and distinguishing product data"
"mercedes-benz-c167-mercedes-benz-c167-tail-light-assembly-24-w167-906-7410-39978e","https://www.cowinmotors.com/product/mercedes-benz-c167-mercedes-benz-c167-tail-light-assembly-24-w167-906-7410-39978e","Tail Lights","Mercedes-Benz C167 Tail Light Assembly 24- (W167 906 7410)","W167 906 7410","yes","indexable: product has a usable catalog image and distinguishing product data"
"mercedes-benz-cla-14-19-led-mercedes-benz-cla-14-19-led-led-tail-light-assembly-2014-2019-","https://www.cowinmotors.com/product/mercedes-benz-cla-14-19-led-mercedes-benz-cla-14-19-led-led-tail-light-assembly-2014-2019-","Tail Lights","Mercedes-Benz CLA 14-19 LED LED Tail Light Assembly 2014-2019","","yes","indexable: product has a usable catalog image and distinguishing product data"
"mercedes-benz-cla-class-mercedes-benz-cla-class-tail-light-assembly-2016-2019-a117-906-370","https://www.cowinmotors.com/product/mercedes-benz-cla-class-mercedes-benz-cla-class-tail-light-assembly-2016-2019-a117-906-370","Tail Lights","Mercedes-Benz CLA class Tail Light Assembly 2016-2019 (A117 906 3700)","A117 906 3700","yes","indexable: product has a usable catalog image and distinguishing product data"
"mercedes-benz-cla-class-mercedes-benz-cla-class-tail-light-assembly-2016-2019-a117-906-380","https://www.cowinmotors.com/product/mercedes-benz-cla-class-mercedes-benz-cla-class-tail-light-assembly-2016-2019-a117-906-380","Tail Lights","Mercedes-Benz CLA class Tail Light Assembly 2016-2019 (A117 906 3800)","A117 906 3800","yes","indexable: product has a usable catalog image and distinguishing product data"
"mercedes-benz-cls-class-mercedes-benz-cls-class-tail-light-assembly-2008-2010-a219-820-066","https://www.cowinmotors.com/product/mercedes-benz-cls-class-mercedes-benz-cls-class-tail-light-assembly-2008-2010-a219-820-066","Tail Lights","Mercedes-Benz CLS class Tail Light Assembly 2008-2010 (A219 820 0664)","A219 820 0664","yes","indexable: product has a usable catalog image and distinguishing product data"
"mercedes-benz-cls-class-mercedes-benz-cls-class-tail-light-assembly-2008-2010-a219-820-076","https://www.cowinmotors.com/product/mercedes-benz-cls-class-mercedes-benz-cls-class-tail-light-assembly-2008-2010-a219-820-076","Tail Lights","Mercedes-Benz CLS class Tail Light Assembly 2008-2010 (A219 820 0764)","A219 820 0764","yes","indexable: product has a usable catalog image and distinguishing product data"
"mercedes-benz-cls-class-mercedes-benz-cls-class-tail-light-assembly-2012-2014-a218-906-015","https://www.cowinmotors.com/product/mercedes-benz-cls-class-mercedes-benz-cls-class-tail-light-assembly-2012-2014-a218-906-015","Tail Lights","Mercedes-Benz CLS class Tail Light Assembly 2012-2014 (A218 906 0158)","A218 906 0158","yes","indexable: product has a usable catalog image and distinguishing product data"
"mercedes-benz-cls-class-mercedes-benz-cls-class-tail-light-assembly-2012-2014-a218-906-025","https://www.cowinmotors.com/product/mercedes-benz-cls-class-mercedes-benz-cls-class-tail-light-assembly-2012-2014-a218-906-025","Tail Lights","Mercedes-Benz CLS class Tail Light Assembly 2012-2014 (A218 906 0258)","A218 906 0258","yes","indexable: product has a usable catalog image and distinguishing product data"
"mercedes-benz-cls-class-mercedes-benz-cls-class-tail-light-assembly-2015-2017-a218-906-770","https://www.cowinmotors.com/product/mercedes-benz-cls-class-mercedes-benz-cls-class-tail-light-assembly-2015-2017-a218-906-770","Tail Lights","Mercedes-Benz CLS class Tail Light Assembly 2015-2017 (A218 906 7700)","A218 906 7700","yes","indexable: product has a usable catalog image and distinguishing product data"
"mercedes-benz-cls-class-mercedes-benz-cls-class-tail-light-assembly-2015-2017-a218-906-780","https://www.cowinmotors.com/product/mercedes-benz-cls-class-mercedes-benz-cls-class-tail-light-assembly-2015-2017-a218-906-780","Tail Lights","Mercedes-Benz CLS class Tail Light Assembly 2015-2017 (A218 906 7800)","A218 906 7800","yes","indexable: product has a usable catalog image and distinguishing product data"
"mercedes-benz-e-coupe-17-20-w238-led-mercedes-benz-e-coupe-17-20-w238-led-led-tail-light-a","https://www.cowinmotors.com/product/mercedes-benz-e-coupe-17-20-w238-led-mercedes-benz-e-coupe-17-20-w238-led-led-tail-light-a","Tail Lights","Mercedes-Benz E Coupe 17-20 W238 LED LED Tail Light Assembly 2017-2020","","yes","indexable: product has a usable catalog image and distinguishing product data"
"mercedes-benz-g-class-mercedes-benz-g-class-tail-light-assembly-2002-2018-a463-820-1964-86","https://www.cowinmotors.com/product/mercedes-benz-g-class-mercedes-benz-g-class-tail-light-assembly-2002-2018-a463-820-1964-86","Tail Lights","Mercedes-Benz G class Tail Light Assembly 2002-2018 (A463 820 1964)","A463 820 1964","yes","indexable: product has a usable catalog image and distinguishing product data"
"mercedes-benz-g-class-mercedes-benz-g-class-tail-light-assembly-2002-2018-a463-820-2064-aa","https://www.cowinmotors.com/product/mercedes-benz-g-class-mercedes-benz-g-class-tail-light-assembly-2002-2018-a463-820-2064-aa","Tail Lights","Mercedes-Benz G class Tail Light Assembly 2002-2018 (A463 820 2064)","A463 820 2064","yes","indexable: product has a usable catalog image and distinguishing product data"
"mercedes-benz-gl-class-mercedes-benz-gl-class-tail-light-assembly-2008-2011-a166-906-7301-","https://www.cowinmotors.com/product/mercedes-benz-gl-class-mercedes-benz-gl-class-tail-light-assembly-2008-2011-a166-906-7301-","Tail Lights","Mercedes-Benz GL class Tail Light Assembly 2008-2011 (A166 906 7301)","A166 906 7301","yes","indexable: product has a usable catalog image and distinguishing product data"
"mercedes-benz-gl-class-mercedes-benz-gl-class-tail-light-assembly-2008-2011-a166-906-7501-","https://www.cowinmotors.com/product/mercedes-benz-gl-class-mercedes-benz-gl-class-tail-light-assembly-2008-2011-a166-906-7501-","Tail Lights","Mercedes-Benz GL class Tail Light Assembly 2008-2011 (A166 906 7501)","A166 906 7501","yes","indexable: product has a usable catalog image and distinguishing product data"
"mercedes-benz-gl-class-mercedes-benz-gl-class-tail-light-assembly-2013-2015-a166-820-1164-","https://www.cowinmotors.com/product/mercedes-benz-gl-class-mercedes-benz-gl-class-tail-light-assembly-2013-2015-a166-820-1164-","Tail Lights","Mercedes-Benz GL class Tail Light Assembly 2013-2015 (A166 820 1164)","A166 820 1164","yes","indexable: product has a usable catalog image and distinguishing product data"
"mercedes-benz-gl-class-mercedes-benz-gl-class-tail-light-assembly-2013-2015-a166-820-1264-","https://www.cowinmotors.com/product/mercedes-benz-gl-class-mercedes-benz-gl-class-tail-light-assembly-2013-2015-a166-820-1264-","Tail Lights","Mercedes-Benz GL class Tail Light Assembly 2013-2015 (A166 820 1264)","A166 820 1264","yes","indexable: product has a usable catalog image and distinguishing product data"
"mercedes-benz-gla-mercedes-benz-gla-tail-light-assembly-2015-2017-a156-906-0858-cff117","https://www.cowinmotors.com/product/mercedes-benz-gla-mercedes-benz-gla-tail-light-assembly-2015-2017-a156-906-0858-cff117","Tail Lights","Mercedes-Benz GLA Tail Light Assembly 2015-2017 (A156 906 0858)","A156 906 0858","yes","indexable: product has a usable catalog image and distinguishing product data"
"mercedes-benz-gla-class-mercedes-benz-gla-class-tail-light-assembly-2015-2017-a156-906-075","https://www.cowinmotors.com/product/mercedes-benz-gla-class-mercedes-benz-gla-class-tail-light-assembly-2015-2017-a156-906-075","Tail Lights","Mercedes-Benz GLA class Tail Light Assembly 2015-2017 (A156 906 0758)","A156 906 0758","yes","indexable: product has a usable catalog image and distinguishing product data"
"mercedes-benz-gla-class-mercedes-benz-gla-class-tail-light-assembly-2015-2017-a156-906-195","https://www.cowinmotors.com/product/mercedes-benz-gla-class-mercedes-benz-gla-class-tail-light-assembly-2015-2017-a156-906-195","Tail Lights","Mercedes-Benz GLA class Tail Light Assembly 2015-2017 (A156 906 1958)","A156 906 1958","yes","indexable: product has a usable catalog image and distinguishing product data"
"mercedes-benz-gla-class-mercedes-benz-gla-class-tail-light-assembly-2015-2017-a156-906-205","https://www.cowinmotors.com/product/mercedes-benz-gla-class-mercedes-benz-gla-class-tail-light-assembly-2015-2017-a156-906-205","Tail Lights","Mercedes-Benz GLA class Tail Light Assembly 2015-2017 (A156 906 2058)","A156 906 2058","yes","indexable: product has a usable catalog image and distinguishing product data"
"mercedes-benz-gla-class-mercedes-benz-gla-class-tail-light-assembly-2017-2019-a156-906-090","https://www.cowinmotors.com/product/mercedes-benz-gla-class-mercedes-benz-gla-class-tail-light-assembly-2017-2019-a156-906-090","Tail Lights","Mercedes-Benz GLA class Tail Light Assembly 2017-2019 (A156 906 0901)","A156 906 0901","yes","indexable: product has a usable catalog image and distinguishing product data"
"mercedes-benz-gla-class-mercedes-benz-gla-class-tail-light-assembly-2017-2019-a156-906-100","https://www.cowinmotors.com/product/mercedes-benz-gla-class-mercedes-benz-gla-class-tail-light-assembly-2017-2019-a156-906-100","Tail Lights","Mercedes-Benz GLA class Tail Light Assembly 2017-2019 (A156 906 1001)","A156 906 1001","yes","indexable: product has a usable catalog image and distinguishing product data"
"mercedes-benz-gla-class-mercedes-benz-gla-class-tail-light-assembly-2017-2019-a156-906-110","https://www.cowinmotors.com/product/mercedes-benz-gla-class-mercedes-benz-gla-class-tail-light-assembly-2017-2019-a156-906-110","Tail Lights","Mercedes-Benz GLA class Tail Light Assembly 2017-2019 (A156 906 1101)","A156 906 1101","yes","indexable: product has a usable catalog image and distinguishing product data"
"mercedes-benz-gla-class-mercedes-benz-gla-class-tail-light-assembly-2017-2019-a156-906-120","https://www.cowinmotors.com/product/mercedes-benz-gla-class-mercedes-benz-gla-class-tail-light-assembly-2017-2019-a156-906-120","Tail Lights","Mercedes-Benz GLA class Tail Light Assembly 2017-2019 (A156 906 1201)","A156 906 1201","yes","indexable: product has a usable catalog image and distinguishing product data"
"mercedes-benz-glc-mercedes-benz-glc-tail-light-assembly-2017-2019-sjc-d66ced","https://www.cowinmotors.com/product/mercedes-benz-glc-mercedes-benz-glc-tail-light-assembly-2017-2019-sjc-d66ced","Tail Lights","Mercedes-Benz GLC Tail Light Assembly 2017-2019 (SJC)","SJC","no","noindex: catalog record lacks a specific reference, side, material, size, color, or listed feature"
"mercedes-benz-glc-15-19-gle-mercedes-benz-glc-15-19-gle-tail-light-assembly-2015-2019-d8ce","https://www.cowinmotors.com/product/mercedes-benz-glc-15-19-gle-mercedes-benz-glc-15-19-gle-tail-light-assembly-2015-2019-d8ce","Tail Lights","Mercedes-Benz GLC 15-19 GLE Tail Light Assembly 2015-2019","","no","noindex: catalog record lacks a specific reference, side, material, size, color, or listed feature"
"mercedes-benz-glc-16-19-led-mercedes-benz-glc-16-19-led-led-facelift-conversion-tail-light","https://www.cowinmotors.com/product/mercedes-benz-glc-16-19-led-mercedes-benz-glc-16-19-led-led-facelift-conversion-tail-light","Tail Lights","Mercedes-Benz GLC 16-19 LED LED, facelift conversion Tail Light Assembly 2016-2019","","yes","indexable: product has a usable catalog image and distinguishing product data"
"mercedes-benz-glc-glc-253-coupe-inner-mercedes-benz-glc-glc-253-coupe-inner-tail-light-ass","https://www.cowinmotors.com/product/mercedes-benz-glc-glc-253-coupe-inner-mercedes-benz-glc-glc-253-coupe-inner-tail-light-ass","Tail Lights","Mercedes-Benz GLC GLC 253 COUPE inner Tail Light Assembly 2020-2023 (A253 906 1202)","A253 906 1202","yes","indexable: product has a usable catalog image and distinguishing product data"
"mercedes-benz-glc-glc-253-coupe-inner-mercedes-benz-glc-glc-253-coupe-inner-tail-light-ass-2","https://www.cowinmotors.com/product/mercedes-benz-glc-glc-253-coupe-inner-mercedes-benz-glc-glc-253-coupe-inner-tail-light-ass-2","Tail Lights","Mercedes-Benz GLC GLC 253 COUPE inner Tail Light Assembly 2020-2023 (A253 906 1302)","A253 906 1302","yes","indexable: product has a usable catalog image and distinguishing product data"
"mercedes-benz-glc-glc-253-coupe-outer-mercedes-benz-glc-glc-253-coupe-outer-tail-light-ass","https://www.cowinmotors.com/product/mercedes-benz-glc-glc-253-coupe-outer-mercedes-benz-glc-glc-253-coupe-outer-tail-light-ass","Tail Lights","Mercedes-Benz GLC GLC 253 COUPE outer Tail Light Assembly 2016-2019 (A253 906 3502)","A253 906 3502","yes","indexable: product has a usable catalog image and distinguishing product data"
"mercedes-benz-glc-glc-253-coupe-outer-mercedes-benz-glc-glc-253-coupe-outer-tail-light-ass-2","https://www.cowinmotors.com/product/mercedes-benz-glc-glc-253-coupe-outer-mercedes-benz-glc-glc-253-coupe-outer-tail-light-ass-2","Tail Lights","Mercedes-Benz GLC GLC 253 COUPE outer Tail Light Assembly 2016-2019 (A253 906 3602)","A253 906 3602","yes","indexable: product has a usable catalog image and distinguishing product data"
"mercedes-benz-glc-glc-253-coupe-outer-mercedes-benz-glc-glc-253-coupe-outer-tail-light-ass-3","https://www.cowinmotors.com/product/mercedes-benz-glc-glc-253-coupe-outer-mercedes-benz-glc-glc-253-coupe-outer-tail-light-ass-3","Tail Lights","Mercedes-Benz GLC GLC 253 COUPE outer Tail Light Assembly 2020-2023 (A253 906 0602)","A253 906 0602","yes","indexable: product has a usable catalog image and distinguishing product data"
"mercedes-benz-glc-glc-253-coupe-outer-mercedes-benz-glc-glc-253-coupe-outer-tail-light-ass-4","https://www.cowinmotors.com/product/mercedes-benz-glc-glc-253-coupe-outer-mercedes-benz-glc-glc-253-coupe-outer-tail-light-ass-4","Tail Lights","Mercedes-Benz GLC GLC 253 COUPE outer Tail Light Assembly 2020-2023 (A253 906 0702)","A253 906 0702","yes","indexable: product has a usable catalog image and distinguishing product data"
"mercedes-benz-glc-class-mercedes-benz-glc-class-tail-light-assembly-2016-2018-a253-906-890","https://www.cowinmotors.com/product/mercedes-benz-glc-class-mercedes-benz-glc-class-tail-light-assembly-2016-2018-a253-906-890","Tail Lights","Mercedes-Benz GLC class Tail Light Assembly 2016-2018 (A253 906 8900)","A253 906 8900","yes","indexable: product has a usable catalog image and distinguishing product data"
"mercedes-benz-glc-class-mercedes-benz-glc-class-tail-light-assembly-2016-2018-a253-906-900","https://www.cowinmotors.com/product/mercedes-benz-glc-class-mercedes-benz-glc-class-tail-light-assembly-2016-2018-a253-906-900","Tail Lights","Mercedes-Benz GLC class Tail Light Assembly 2016-2018 (A253 906 9000)","A253 906 9000","yes","indexable: product has a usable catalog image and distinguishing product data"
"mercedes-benz-glc-class-mercedes-benz-glc-class-tail-light-assembly-2016-2018-a253-906-910","https://www.cowinmotors.com/product/mercedes-benz-glc-class-mercedes-benz-glc-class-tail-light-assembly-2016-2018-a253-906-910","Tail Lights","Mercedes-Benz GLC class Tail Light Assembly 2016-2018 (A253 906 9100)","A253 906 9100","yes","indexable: product has a usable catalog image and distinguishing product data"
"mercedes-benz-glc-class-mercedes-benz-glc-class-tail-light-assembly-2016-2018-a253-906-920","https://www.cowinmotors.com/product/mercedes-benz-glc-class-mercedes-benz-glc-class-tail-light-assembly-2016-2018-a253-906-920","Tail Lights","Mercedes-Benz GLC class Tail Light Assembly 2016-2018 (A253 906 9200)","A253 906 9200","yes","indexable: product has a usable catalog image and distinguishing product data"
"mercedes-benz-glc-class-mercedes-benz-glc-class-tail-light-assembly-2019-2022-a253-906-510","https://www.cowinmotors.com/product/mercedes-benz-glc-class-mercedes-benz-glc-class-tail-light-assembly-2019-2022-a253-906-510","Tail Lights","Mercedes-Benz GLC class Tail Light Assembly 2019-2022 (A253 906 5102)","A253 906 5102","yes","indexable: product has a usable catalog image and distinguishing product data"
"mercedes-benz-glc-class-mercedes-benz-glc-class-tail-light-assembly-2019-2022-a253-906-520","https://www.cowinmotors.com/product/mercedes-benz-glc-class-mercedes-benz-glc-class-tail-light-assembly-2019-2022-a253-906-520","Tail Lights","Mercedes-Benz GLC class Tail Light Assembly 2019-2022 (A253 906 5202)","A253 906 5202","yes","indexable: product has a usable catalog image and distinguishing product data"
"mercedes-benz-glc-class-mercedes-benz-glc-class-tail-light-assembly-2019-2022-a253-906-530","https://www.cowinmotors.com/product/mercedes-benz-glc-class-mercedes-benz-glc-class-tail-light-assembly-2019-2022-a253-906-530","Tail Lights","Mercedes-Benz GLC class Tail Light Assembly 2019-2022 (A253 906 5302)","A253 906 5302","yes","indexable: product has a usable catalog image and distinguishing product data"
"mercedes-benz-glc-class-mercedes-benz-glc-class-tail-light-assembly-2019-2022-a253-906-540","https://www.cowinmotors.com/product/mercedes-benz-glc-class-mercedes-benz-glc-class-tail-light-assembly-2019-2022-a253-906-540","Tail Lights","Mercedes-Benz GLC class Tail Light Assembly 2019-2022 (A253 906 5402)","A253 906 5402","yes","indexable: product has a usable catalog image and distinguishing product data"
"mercedes-benz-gle-mercedes-benz-gle-tail-light-assembly-2015-2018-sjc-fd2eed","https://www.cowinmotors.com/product/mercedes-benz-gle-mercedes-benz-gle-tail-light-assembly-2015-2018-sjc-fd2eed","Tail Lights","Mercedes-Benz GLE Tail Light Assembly 2015-2018 (SJC)","SJC","no","noindex: catalog record lacks a specific reference, side, material, size, color, or listed feature"
"mercedes-benz-gle-19-23-w167-led-mercedes-benz-gle-19-23-w167-led-led-tail-light-assembly-","https://www.cowinmotors.com/product/mercedes-benz-gle-19-23-w167-led-mercedes-benz-gle-19-23-w167-led-led-tail-light-assembly-","Tail Lights","Mercedes-Benz GLE 19-23 W167 LED LED Tail Light Assembly 2019-2023","","yes","indexable: product has a usable catalog image and distinguishing product data"
"mercedes-benz-gle-gle-292-coupe-outer-mercedes-benz-gle-gle-292-coupe-outer-tail-light-ass","https://www.cowinmotors.com/product/mercedes-benz-gle-gle-292-coupe-outer-mercedes-benz-gle-gle-292-coupe-outer-tail-light-ass","Tail Lights","Mercedes-Benz GLE GLE 292 COUPE outer Tail Light Assembly 2015-2018 (A292 906 4700)","A292 906 4700","yes","indexable: product has a usable catalog image and distinguishing product data"
"mercedes-benz-gle-gle-292-coupe-outer-mercedes-benz-gle-gle-292-coupe-outer-tail-light-ass-2","https://www.cowinmotors.com/product/mercedes-benz-gle-gle-292-coupe-outer-mercedes-benz-gle-gle-292-coupe-outer-tail-light-ass-2","Tail Lights","Mercedes-Benz GLE GLE 292 COUPE outer Tail Light Assembly 2015-2018 (A292 906 4800)","A292 906 4800","yes","indexable: product has a usable catalog image and distinguishing product data"
"mercedes-benz-gle-class-mercedes-benz-gle-class-tail-light-assembly-2016-2019-a166-906-550","https://www.cowinmotors.com/product/mercedes-benz-gle-class-mercedes-benz-gle-class-tail-light-assembly-2016-2019-a166-906-550","Tail Lights","Mercedes-Benz GLE class Tail Light Assembly 2016-2019 (A166 906 5501)","A166 906 5501","yes","indexable: product has a usable catalog image and distinguishing product data"
"mercedes-benz-gle-class-mercedes-benz-gle-class-tail-light-assembly-2016-2019-a166-906-560","https://www.cowinmotors.com/product/mercedes-benz-gle-class-mercedes-benz-gle-class-tail-light-assembly-2016-2019-a166-906-560","Tail Lights","Mercedes-Benz GLE class Tail Light Assembly 2016-2019 (A166 906 5601)","A166 906 5601","yes","indexable: product has a usable catalog image and distinguishing product data"
"mercedes-benz-gle167-mercedes-benz-gle167-tail-light-assembly-2020-2023-sjc-dd963a","https://www.cowinmotors.com/product/mercedes-benz-gle167-mercedes-benz-gle167-tail-light-assembly-2020-2023-sjc-dd963a","Tail Lights","Mercedes-Benz GLE167 Tail Light Assembly 2020-2023 (SJC)","SJC","no","noindex: catalog record lacks a specific reference, side, material, size, color, or listed feature"
"mercedes-benz-glk-07-15-led-mercedes-benz-glk-07-15-led-led-sequential-turn-signal-tail-li","https://www.cowinmotors.com/product/mercedes-benz-glk-07-15-led-mercedes-benz-glk-07-15-led-led-sequential-turn-signal-tail-li","Tail Lights","Mercedes-Benz GLK 07-15 LED LED, sequential turn signal Tail Light Assembly 2007-2015","","yes","indexable: product has a usable catalog image and distinguishing product data"
"mercedes-benz-glk-09-12-x204-led-mercedes-benz-glk-09-12-x204-led-led-tail-light-assembly-","https://www.cowinmotors.com/product/mercedes-benz-glk-09-12-x204-led-mercedes-benz-glk-09-12-x204-led-led-tail-light-assembly-","Tail Lights","Mercedes-Benz GLK 09-12 X204 LED LED Tail Light Assembly 2009-2012","","yes","indexable: product has a usable catalog image and distinguishing product data"
"mercedes-benz-glk-glk-class-204-rear-mercedes-benz-glk-glk-class-204-rear-tail-light-assem","https://www.cowinmotors.com/product/mercedes-benz-glk-glk-class-204-rear-mercedes-benz-glk-glk-class-204-rear-tail-light-assem","Tail Lights","Mercedes-Benz GLK GLK class 204 rear Tail Light Assembly 2013-2015 (A204 906 5803)","A204 906 5803","yes","indexable: product has a usable catalog image and distinguishing product data"
"mercedes-benz-glk-glk-class-204-rear-mercedes-benz-glk-glk-class-204-rear-tail-light-assem-2","https://www.cowinmotors.com/product/mercedes-benz-glk-glk-class-204-rear-mercedes-benz-glk-glk-class-204-rear-tail-light-assem-2","Tail Lights","Mercedes-Benz GLK GLK class 204 rear Tail Light Assembly 2013-2015 (A204 906 5903)","A204 906 5903","yes","indexable: product has a usable catalog image and distinguishing product data"
"mercedes-benz-glk-glk-class-204-rear-led-mercedes-benz-glk-glk-class-204-rear-led-led-tail","https://www.cowinmotors.com/product/mercedes-benz-glk-glk-class-204-rear-led-mercedes-benz-glk-glk-class-204-rear-led-led-tail","Tail Lights","Mercedes-Benz GLK GLK class 204 rear LED LED Tail Light Assembly 2008-2015 (A204 820 2564)","A204 820 2564","yes","indexable: product has a usable catalog image and distinguishing product data"
"mercedes-benz-glk-glk-class-204-rear-led-mercedes-benz-glk-glk-class-204-rear-led-led-tail-2","https://www.cowinmotors.com/product/mercedes-benz-glk-glk-class-204-rear-led-mercedes-benz-glk-glk-class-204-rear-led-led-tail-2","Tail Lights","Mercedes-Benz GLK GLK class 204 rear LED LED Tail Light Assembly 2008-2015 (A204 820 2664)","A204 820 2664","yes","indexable: product has a usable catalog image and distinguishing product data"
"mercedes-benz-glk-glk-class-204-rear-halogen-mercedes-benz-glk-glk-class-204-rear-halogen-","https://www.cowinmotors.com/product/mercedes-benz-glk-glk-class-204-rear-halogen-mercedes-benz-glk-glk-class-204-rear-halogen-","Tail Lights","Mercedes-Benz GLK GLK class 204 rear halogen halogen Tail Light Assembly 2010-2012 (A204 820 1364)","A204 820 1364","yes","indexable: product has a usable catalog image and distinguishing product data"
"mercedes-benz-glk-glk-class-204-rear-halogen-mercedes-benz-glk-glk-class-204-rear-halogen--2","https://www.cowinmotors.com/product/mercedes-benz-glk-glk-class-204-rear-halogen-mercedes-benz-glk-glk-class-204-rear-halogen--2","Tail Lights","Mercedes-Benz GLK GLK class 204 rear halogen halogen Tail Light Assembly 2010-2012 (A204 820 1464)","A204 820 1464","yes","indexable: product has a usable catalog image and distinguishing product data"
"mercedes-benz-gls-class-mercedes-benz-gls-class-tail-light-assembly-2016-2018-a166-906-020","https://www.cowinmotors.com/product/mercedes-benz-gls-class-mercedes-benz-gls-class-tail-light-assembly-2016-2018-a166-906-020","Tail Lights","Mercedes-Benz GLS class Tail Light Assembly 2016-2018 (A166 906 0202)","A166 906 0202","yes","indexable: product has a usable catalog image and distinguishing product data"
"mercedes-benz-gls-class-mercedes-benz-gls-class-tail-light-assembly-2016-2018-a166-906-030","https://www.cowinmotors.com/product/mercedes-benz-gls-class-mercedes-benz-gls-class-tail-light-assembly-2016-2018-a166-906-030","Tail Lights","Mercedes-Benz GLS class Tail Light Assembly 2016-2018 (A166 906 0302)","A166 906 0302","yes","indexable: product has a usable catalog image and distinguishing product data"
"mercedes-benz-gls-class-mercedes-benz-gls-class-tail-light-assembly-2016-2018-a166-906-060","https://www.cowinmotors.com/product/mercedes-benz-gls-class-mercedes-benz-gls-class-tail-light-assembly-2016-2018-a166-906-060","Tail Lights","Mercedes-Benz GLS class Tail Light Assembly 2016-2018 (A166 906 0602)","A166 906 0602","yes","indexable: product has a usable catalog image and distinguishing product data"
"mercedes-benz-gls-class-mercedes-benz-gls-class-tail-light-assembly-2016-2018-a166-906-070","https://www.cowinmotors.com/product/mercedes-benz-gls-class-mercedes-benz-gls-class-tail-light-assembly-2016-2018-a166-906-070","Tail Lights","Mercedes-Benz GLS class Tail Light Assembly 2016-2018 (A166 906 0702)","A166 906 0702","yes","indexable: product has a usable catalog image and distinguishing product data"
"mercedes-benz-m-ml-12-15-gle-led-mercedes-benz-m-ml-12-15-gle-led-led-tail-light-assembly-","https://www.cowinmotors.com/product/mercedes-benz-m-ml-12-15-gle-led-mercedes-benz-m-ml-12-15-gle-led-led-tail-light-assembly-","Tail Lights","Mercedes-Benz M ML 12-15 GLE LED LED Tail Light Assembly 2012-2015","","yes","indexable: product has a usable catalog image and distinguishing product data"
"mercedes-benz-ml-mercedes-benz-ml-tail-light-assembly-2013-2015-166-906-3401-d2e177","https://www.cowinmotors.com/product/mercedes-benz-ml-mercedes-benz-ml-tail-light-assembly-2013-2015-166-906-3401-d2e177","Tail Lights","Mercedes-Benz ML Tail Light Assembly 2013-2015 (166 906 3401)","166 906 3401","yes","indexable: product has a usable catalog image and distinguishing product data"
"mercedes-benz-ml-black-mercedes-benz-ml-black-tail-light-assembly-2008-2011-a164-906-4700-","https://www.cowinmotors.com/product/mercedes-benz-ml-black-mercedes-benz-ml-black-tail-light-assembly-2008-2011-a164-906-4700-","Tail Lights","Mercedes-Benz ML BLACK Tail Light Assembly 2008-2011 (A164 906 4700)","A164 906 4700","yes","indexable: product has a usable catalog image and distinguishing product data"
"mercedes-benz-ml-ece-mercedes-benz-ml-ece-tail-light-assembly-2008-2011-a166-906-7401-1d12","https://www.cowinmotors.com/product/mercedes-benz-ml-ece-mercedes-benz-ml-ece-tail-light-assembly-2008-2011-a166-906-7401-1d12","Tail Lights","Mercedes-Benz ML ECE Tail Light Assembly 2008-2011 (A166 906 7401)","A166 906 7401","yes","indexable: product has a usable catalog image and distinguishing product data"
"mercedes-benz-ml-sae-mercedes-benz-ml-sae-tail-light-assembly-2008-2011-a166-906-7601-74cf","https://www.cowinmotors.com/product/mercedes-benz-ml-sae-mercedes-benz-ml-sae-tail-light-assembly-2008-2011-a166-906-7601-74cf","Tail Lights","Mercedes-Benz ML SAE Tail Light Assembly 2008-2011 (A166 906 7601)","A166 906 7601","yes","indexable: product has a usable catalog image and distinguishing product data"
"mercedes-benz-ml-white-mercedes-benz-ml-white-tail-light-assembly-2008-2011-a164-820-2864-","https://www.cowinmotors.com/product/mercedes-benz-ml-white-mercedes-benz-ml-white-tail-light-assembly-2008-2011-a164-820-2864-","Tail Lights","Mercedes-Benz ML WHITE Tail Light Assembly 2008-2011 (A164 820 2864)","A164 820 2864","yes","indexable: product has a usable catalog image and distinguishing product data"
"mercedes-benz-ml-class-mercedes-benz-ml-class-tail-light-assembly-2008-2011-a164-820-2764-","https://www.cowinmotors.com/product/mercedes-benz-ml-class-mercedes-benz-ml-class-tail-light-assembly-2008-2011-a164-820-2764-","Tail Lights","Mercedes-Benz ML class Tail Light Assembly 2008-2011 (A164 820 2764)","A164 820 2764","yes","indexable: product has a usable catalog image and distinguishing product data"
"mercedes-benz-ml-class-mercedes-benz-ml-class-tail-light-assembly-2008-2011-a164-906-4600-","https://www.cowinmotors.com/product/mercedes-benz-ml-class-mercedes-benz-ml-class-tail-light-assembly-2008-2011-a164-906-4600-","Tail Lights","Mercedes-Benz ML class Tail Light Assembly 2008-2011 (A164 906 4600)","A164 906 4600","yes","indexable: product has a usable catalog image and distinguishing product data"
"mercedes-benz-ml-class-mercedes-benz-ml-class-tail-light-assembly-2013-2015-166-906-3501-8","https://www.cowinmotors.com/product/mercedes-benz-ml-class-mercedes-benz-ml-class-tail-light-assembly-2013-2015-166-906-3501-8","Tail Lights","Mercedes-Benz ML class Tail Light Assembly 2013-2015 (166 906 3501)","166 906 3501","yes","indexable: product has a usable catalog image and distinguishing product data"
"mercedes-benz-ml-class-mercedes-benz-ml-class-tail-light-assembly-2013-2015-a166-906-3201-","https://www.cowinmotors.com/product/mercedes-benz-ml-class-mercedes-benz-ml-class-tail-light-assembly-2013-2015-a166-906-3201-","Tail Lights","Mercedes-Benz ML class Tail Light Assembly 2013-2015 (A166 906 3201)","A166 906 3201","yes","indexable: product has a usable catalog image and distinguishing product data"
"mercedes-benz-ml-class-mercedes-benz-ml-class-tail-light-assembly-2013-2015-a166-906-3301-","https://www.cowinmotors.com/product/mercedes-benz-ml-class-mercedes-benz-ml-class-tail-light-assembly-2013-2015-a166-906-3301-","Tail Lights","Mercedes-Benz ML class Tail Light Assembly 2013-2015 (A166 906 3301)","A166 906 3301","yes","indexable: product has a usable catalog image and distinguishing product data"
"mercedes-benz-r-10-17-w251-led-mercedes-benz-r-10-17-w251-led-led-tail-light-assembly-2010","https://www.cowinmotors.com/product/mercedes-benz-r-10-17-w251-led-mercedes-benz-r-10-17-w251-led-led-tail-light-assembly-2010","Tail Lights","Mercedes-Benz R 10-17 W251 LED LED Tail Light Assembly 2010-2017","","yes","indexable: product has a usable catalog image and distinguishing product data"
"mercedes-benz-r-r-class-251-rear-mercedes-benz-r-r-class-251-rear-tail-light-assembly-2011","https://www.cowinmotors.com/product/mercedes-benz-r-r-class-251-rear-mercedes-benz-r-r-class-251-rear-tail-light-assembly-2011","Tail Lights","Mercedes-Benz R R class 251 rear Tail Light Assembly 2011-2017 (A251 820 1964)","A251 820 1964","yes","indexable: product has a usable catalog image and distinguishing product data"
"mercedes-benz-r-r-class-251-rear-mercedes-benz-r-r-class-251-rear-tail-light-assembly-2011-2","https://www.cowinmotors.com/product/mercedes-benz-r-r-class-251-rear-mercedes-benz-r-r-class-251-rear-tail-light-assembly-2011-2","Tail Lights","Mercedes-Benz R R class 251 rear Tail Light Assembly 2011-2017 (A251 820 2064)","A251 820 2064","yes","indexable: product has a usable catalog image and distinguishing product data"
"mercedes-benz-s-class-mercedes-benz-s-class-tail-light-assembly-2009-2013-a221-820-1364-7d","https://www.cowinmotors.com/product/mercedes-benz-s-class-mercedes-benz-s-class-tail-light-assembly-2009-2013-a221-820-1364-7d","Tail Lights","Mercedes-Benz S class Tail Light Assembly 2009-2013 (A221 820 1364)","A221 820 1364","yes","indexable: product has a usable catalog image and distinguishing product data"
"mercedes-benz-s-class-mercedes-benz-s-class-tail-light-assembly-2009-2013-a221-820-1464-cc","https://www.cowinmotors.com/product/mercedes-benz-s-class-mercedes-benz-s-class-tail-light-assembly-2009-2013-a221-820-1464-cc","Tail Lights","Mercedes-Benz S class Tail Light Assembly 2009-2013 (A221 820 1464)","A221 820 1464","yes","indexable: product has a usable catalog image and distinguishing product data"
"mercedes-benz-s-class-mercedes-benz-s-class-tail-light-assembly-2014-2017-a222-906-5401-04","https://www.cowinmotors.com/product/mercedes-benz-s-class-mercedes-benz-s-class-tail-light-assembly-2014-2017-a222-906-5401-04","Tail Lights","Mercedes-Benz S class Tail Light Assembly 2014-2017 (A222 906 5401)","A222 906 5401","yes","indexable: product has a usable catalog image and distinguishing product data"
"mercedes-benz-s-class-mercedes-benz-s-class-tail-light-assembly-2014-2017-a222-906-5501-b2","https://www.cowinmotors.com/product/mercedes-benz-s-class-mercedes-benz-s-class-tail-light-assembly-2014-2017-a222-906-5501-b2","Tail Lights","Mercedes-Benz S class Tail Light Assembly 2014-2017 (A222 906 5501)","A222 906 5501","yes","indexable: product has a usable catalog image and distinguishing product data"
"mercedes-benz-s-class-mercedes-benz-s-class-tail-light-assembly-2018-2020-a222-906-6904-83","https://www.cowinmotors.com/product/mercedes-benz-s-class-mercedes-benz-s-class-tail-light-assembly-2018-2020-a222-906-6904-83","Tail Lights","Mercedes-Benz S class Tail Light Assembly 2018-2020 (A222 906 6904)","A222 906 6904","yes","indexable: product has a usable catalog image and distinguishing product data"
"mercedes-benz-s-class-mercedes-benz-s-class-tail-light-assembly-2018-2020-a222-906-7004-49","https://www.cowinmotors.com/product/mercedes-benz-s-class-mercedes-benz-s-class-tail-light-assembly-2018-2020-a222-906-7004-49","Tail Lights","Mercedes-Benz S class Tail Light Assembly 2018-2020 (A222 906 7004)","A222 906 7004","yes","indexable: product has a usable catalog image and distinguishing product data"
"mercedes-benz-s-class-mercedes-benz-s-class-tail-light-assembly-21-w223-906-2300-b2235b","https://www.cowinmotors.com/product/mercedes-benz-s-class-mercedes-benz-s-class-tail-light-assembly-21-w223-906-2300-b2235b","Tail Lights","Mercedes-Benz S class Tail Light Assembly 21- (W223 906 2300)","W223 906 2300","yes","indexable: product has a usable catalog image and distinguishing product data"
"mercedes-benz-s-class-mercedes-benz-s-class-tail-light-assembly-21-w223-906-2400-18f159","https://www.cowinmotors.com/product/mercedes-benz-s-class-mercedes-benz-s-class-tail-light-assembly-21-w223-906-2400-18f159","Tail Lights","Mercedes-Benz S class Tail Light Assembly 21- (W223 906 2400)","W223 906 2400","yes","indexable: product has a usable catalog image and distinguishing product data"
"mercedes-benz-s-class-mercedes-benz-s-class-tail-light-assembly-21-w223-906-2900-c85f3d","https://www.cowinmotors.com/product/mercedes-benz-s-class-mercedes-benz-s-class-tail-light-assembly-21-w223-906-2900-c85f3d","Tail Lights","Mercedes-Benz S class Tail Light Assembly 21- (W223 906 2900)","W223 906 2900","yes","indexable: product has a usable catalog image and distinguishing product data"
"mercedes-benz-s-class-mercedes-benz-s-class-tail-light-assembly-21-w223-906-3000-d4dd80","https://www.cowinmotors.com/product/mercedes-benz-s-class-mercedes-benz-s-class-tail-light-assembly-21-w223-906-3000-d4dd80","Tail Lights","Mercedes-Benz S class Tail Light Assembly 21- (W223 906 3000)","W223 906 3000","yes","indexable: product has a usable catalog image and distinguishing product data"
"mercedes-benz-v-class-mercedes-benz-v-class-tail-light-assembly-24-a447-820-4202-0c6ebd","https://www.cowinmotors.com/product/mercedes-benz-v-class-mercedes-benz-v-class-tail-light-assembly-24-a447-820-4202-0c6ebd","Tail Lights","Mercedes-Benz V class Tail Light Assembly 24- (A447 820 4202)","A447 820 4202","yes","indexable: product has a usable catalog image and distinguishing product data"
"mercedes-benz-v-class-mercedes-benz-v-class-tail-light-assembly-24-a447-820-4302-53041b","https://www.cowinmotors.com/product/mercedes-benz-v-class-mercedes-benz-v-class-tail-light-assembly-24-a447-820-4302-53041b","Tail Lights","Mercedes-Benz V class Tail Light Assembly 24- (A447 820 4302)","A447 820 4302","yes","indexable: product has a usable catalog image and distinguishing product data"
"mercedes-benz-v-class-mercedes-benz-v-class-tail-light-assembly-all-a447-820-0564-6519c1","https://www.cowinmotors.com/product/mercedes-benz-v-class-mercedes-benz-v-class-tail-light-assembly-all-a447-820-0564-6519c1","Tail Lights","Mercedes-Benz V class Tail Light Assembly ALL (A447 820 0564)","A447 820 0564","yes","indexable: product has a usable catalog image and distinguishing product data"
"mercedes-benz-v-class-mercedes-benz-v-class-tail-light-assembly-all-a447-820-0664-b296ad","https://www.cowinmotors.com/product/mercedes-benz-v-class-mercedes-benz-v-class-tail-light-assembly-all-a447-820-0664-b296ad","Tail Lights","Mercedes-Benz V class Tail Light Assembly ALL (A447 820 0664)","A447 820 0664","yes","indexable: product has a usable catalog image and distinguishing product data"
"mercedes-benz-w117-mercedes-benz-w117-tail-light-assembly-2014-2019-sjc-22e8cc","https://www.cowinmotors.com/product/mercedes-benz-w117-mercedes-benz-w117-tail-light-assembly-2014-2019-sjc-22e8cc","Tail Lights","Mercedes-Benz W117 Tail Light Assembly 2014-2019 (SJC)","SJC","no","noindex: catalog record lacks a specific reference, side, material, size, color, or listed feature"
"mercedes-benz-w118-mercedes-benz-w118-led-tail-light-assembly-2020-2023-5d3490","https://www.cowinmotors.com/product/mercedes-benz-w118-mercedes-benz-w118-led-tail-light-assembly-2020-2023-5d3490","Tail Lights","Mercedes-Benz W118 LED Tail Light Assembly 2020-2023","","yes","indexable: product has a usable catalog image and distinguishing product data"
"mercedes-benz-w164-mercedes-benz-w164-tail-light-assembly-2005-2008-sjc-ab9c09","https://www.cowinmotors.com/product/mercedes-benz-w164-mercedes-benz-w164-tail-light-assembly-2005-2008-sjc-ab9c09","Tail Lights","Mercedes-Benz W164 Tail Light Assembly 2005-2008 (SJC)","SJC","yes","indexable: product has a usable catalog image and distinguishing product data"
"mercedes-benz-w166-mercedes-benz-w166-tail-light-assembly-2012-2015-sjc-14ec04","https://www.cowinmotors.com/product/mercedes-benz-w166-mercedes-benz-w166-tail-light-assembly-2012-2015-sjc-14ec04","Tail Lights","Mercedes-Benz W166 Tail Light Assembly 2012-2015 (SJC)","SJC","no","noindex: catalog record lacks a specific reference, side, material, size, color, or listed feature"
"mercedes-benz-w167-mercedes-benz-w167-tail-light-assembly-2020-2023-w167-906-0307-a3d643","https://www.cowinmotors.com/product/mercedes-benz-w167-mercedes-benz-w167-tail-light-assembly-2020-2023-w167-906-0307-a3d643","Tail Lights","Mercedes-Benz W167 Tail Light Assembly 2020-2023 (W167 906 0307)","W167 906 0307","yes","indexable: product has a usable catalog image and distinguishing product data"
"mercedes-benz-w167-mercedes-benz-w167-tail-light-assembly-2020-2023-w167-906-3104-5a45b1","https://www.cowinmotors.com/product/mercedes-benz-w167-mercedes-benz-w167-tail-light-assembly-2020-2023-w167-906-3104-5a45b1","Tail Lights","Mercedes-Benz W167 Tail Light Assembly 2020-2023 (W167 906 3104)","W167 906 3104","yes","indexable: product has a usable catalog image and distinguishing product data"
"mercedes-benz-w167-mercedes-benz-w167-tail-light-assembly-2020-2023-w167-906-3204-d40b7e","https://www.cowinmotors.com/product/mercedes-benz-w167-mercedes-benz-w167-tail-light-assembly-2020-2023-w167-906-3204-d40b7e","Tail Lights","Mercedes-Benz W167 Tail Light Assembly 2020-2023 (W167 906 3204)","W167 906 3204","yes","indexable: product has a usable catalog image and distinguishing product data"
"mercedes-benz-w167-mercedes-benz-w167-tail-light-assembly-24-w167-906-6710-a26e64","https://www.cowinmotors.com/product/mercedes-benz-w167-mercedes-benz-w167-tail-light-assembly-24-w167-906-6710-a26e64","Tail Lights","Mercedes-Benz W167 Tail Light Assembly 24- (W167 906 6710)","W167 906 6710","yes","indexable: product has a usable catalog image and distinguishing product data"
"mercedes-benz-w167-mercedes-benz-w167-tail-light-assembly-24-w167-906-6810-1278f7","https://www.cowinmotors.com/product/mercedes-benz-w167-mercedes-benz-w167-tail-light-assembly-24-w167-906-6810-1278f7","Tail Lights","Mercedes-Benz W167 Tail Light Assembly 24- (W167 906 6810)","W167 906 6810","yes","indexable: product has a usable catalog image and distinguishing product data"
"mercedes-benz-w167-mercedes-benz-w167-tail-light-assembly-24-w167-906-6910-699e96","https://www.cowinmotors.com/product/mercedes-benz-w167-mercedes-benz-w167-tail-light-assembly-24-w167-906-6910-699e96","Tail Lights","Mercedes-Benz W167 Tail Light Assembly 24- (W167 906 6910)","W167 906 6910","yes","indexable: product has a usable catalog image and distinguishing product data"
"mercedes-benz-w167-mercedes-benz-w167-tail-light-assembly-24-w167-906-7010-28f4df","https://www.cowinmotors.com/product/mercedes-benz-w167-mercedes-benz-w167-tail-light-assembly-24-w167-906-7010-28f4df","Tail Lights","Mercedes-Benz W167 Tail Light Assembly 24- (W167 906 7010)","W167 906 7010","yes","indexable: product has a usable catalog image and distinguishing product data"
"mercedes-benz-w167-mercedes-benz-w167-tail-light-assembly-two-line-w167-906-0107-63136e","https://www.cowinmotors.com/product/mercedes-benz-w167-mercedes-benz-w167-tail-light-assembly-two-line-w167-906-0107-63136e","Tail Lights","Mercedes-Benz W167 Tail Light Assembly two line (W167 906 0107)","W167 906 0107","yes","indexable: product has a usable catalog image and distinguishing product data"
"mercedes-benz-w167-mercedes-benz-w167-tail-light-assembly-two-line-w167-906-2900-784953","https://www.cowinmotors.com/product/mercedes-benz-w167-mercedes-benz-w167-tail-light-assembly-two-line-w167-906-2900-784953","Tail Lights","Mercedes-Benz W167 Tail Light Assembly two line (W167 906 2900)","W167 906 2900","yes","indexable: product has a usable catalog image and distinguishing product data"
"mercedes-benz-w176-mercedes-benz-w176-led-sequential-turn-signal-tail-light-assembly-2013-","https://www.cowinmotors.com/product/mercedes-benz-w176-mercedes-benz-w176-led-sequential-turn-signal-tail-light-assembly-2013-","Tail Lights","Mercedes-Benz W176 LED, sequential turn signal Tail Light Assembly 2013-2018","","yes","indexable: product has a usable catalog image and distinguishing product data"
"mercedes-benz-w176-mercedes-benz-w176-tail-light-assembly-2013-2018-sjc-7e5d79","https://www.cowinmotors.com/product/mercedes-benz-w176-mercedes-benz-w176-tail-light-assembly-2013-2018-sjc-7e5d79","Tail Lights","Mercedes-Benz W176 Tail Light Assembly 2013-2018 (SJC)","SJC","no","noindex: catalog record lacks a specific reference, side, material, size, color, or listed feature"
"mercedes-benz-w177-mercedes-benz-w177-tail-light-assembly-2019-2022-sjc-db25fa","https://www.cowinmotors.com/product/mercedes-benz-w177-mercedes-benz-w177-tail-light-assembly-2019-2022-sjc-db25fa","Tail Lights","Mercedes-Benz W177 Tail Light Assembly 2019-2022 (SJC)","SJC","no","noindex: catalog record lacks a specific reference, side, material, size, color, or listed feature"
"mercedes-benz-w177-mercedes-benz-w177-tail-light-assembly-2023-2024-a177-906-8704-d3d826","https://www.cowinmotors.com/product/mercedes-benz-w177-mercedes-benz-w177-tail-light-assembly-2023-2024-a177-906-8704-d3d826","Tail Lights","Mercedes-Benz W177 Tail Light Assembly 2023-2024 (A177 906 8704)","A177 906 8704","yes","indexable: product has a usable catalog image and distinguishing product data"
"mercedes-benz-w177-mercedes-benz-w177-tail-light-assembly-2023-2024-a177-906-8804-e60d8d","https://www.cowinmotors.com/product/mercedes-benz-w177-mercedes-benz-w177-tail-light-assembly-2023-2024-a177-906-8804-e60d8d","Tail Lights","Mercedes-Benz W177 Tail Light Assembly 2023-2024 (A177 906 8804)","A177 906 8804","yes","indexable: product has a usable catalog image and distinguishing product data"
"mercedes-benz-w177-mercedes-benz-w177-tail-light-assembly-2023-2024-a177-906-9504-5573aa","https://www.cowinmotors.com/product/mercedes-benz-w177-mercedes-benz-w177-tail-light-assembly-2023-2024-a177-906-9504-5573aa","Tail Lights","Mercedes-Benz W177 Tail Light Assembly 2023-2024 (A177 906 9504)","A177 906 9504","yes","indexable: product has a usable catalog image and distinguishing product data"
"mercedes-benz-w177-mercedes-benz-w177-tail-light-assembly-2023-2024-a177-906-9604-841158","https://www.cowinmotors.com/product/mercedes-benz-w177-mercedes-benz-w177-tail-light-assembly-2023-2024-a177-906-9604-841158","Tail Lights","Mercedes-Benz W177 Tail Light Assembly 2023-2024 (A177 906 9604)","A177 906 9604","yes","indexable: product has a usable catalog image and distinguishing product data"
"mercedes-benz-w204-mercedes-benz-w204-led-tail-light-assembly-2007-2013-57e89c","https://www.cowinmotors.com/product/mercedes-benz-w204-mercedes-benz-w204-led-tail-light-assembly-2007-2013-57e89c","Tail Lights","Mercedes-Benz W204 LED Tail Light Assembly 2007-2013","","yes","indexable: product has a usable catalog image and distinguishing product data"
"mercedes-benz-w204-mercedes-benz-w204-led-sequential-turn-signal-tail-light-assembly-2007-","https://www.cowinmotors.com/product/mercedes-benz-w204-mercedes-benz-w204-led-sequential-turn-signal-tail-light-assembly-2007-","Tail Lights","Mercedes-Benz W204 LED, sequential turn signal Tail Light Assembly 2007-2014","","yes","indexable: product has a usable catalog image and distinguishing product data"
"mercedes-benz-w204-mercedes-benz-w204-tail-light-assembly-2007-2014-sjc-7a3862","https://www.cowinmotors.com/product/mercedes-benz-w204-mercedes-benz-w204-tail-light-assembly-2007-2014-sjc-7a3862","Tail Lights","Mercedes-Benz W204 Tail Light Assembly 2007-2014 (SJC)","SJC","no","noindex: catalog record lacks a specific reference, side, material, size, color, or listed feature"
"mercedes-benz-w205-mercedes-benz-w205-led-sequential-turn-signal-tail-light-assembly-2015-","https://www.cowinmotors.com/product/mercedes-benz-w205-mercedes-benz-w205-led-sequential-turn-signal-tail-light-assembly-2015-","Tail Lights","Mercedes-Benz W205 LED, sequential turn signal Tail Light Assembly 2015-2018","","yes","indexable: product has a usable catalog image and distinguishing product data"
"mercedes-benz-w205-mercedes-benz-w205-tail-light-assembly-2015-2020-sjc-e6fb5f","https://www.cowinmotors.com/product/mercedes-benz-w205-mercedes-benz-w205-tail-light-assembly-2015-2020-sjc-e6fb5f","Tail Lights","Mercedes-Benz W205 Tail Light Assembly 2015-2020 (SJC)","SJC","no","noindex: catalog record lacks a specific reference, side, material, size, color, or listed feature"
"mercedes-benz-w206-mercedes-benz-w206-tail-light-assembly-2021-2023-2069060701-2069061901-","https://www.cowinmotors.com/product/mercedes-benz-w206-mercedes-benz-w206-tail-light-assembly-2021-2023-2069060701-2069061901-","Tail Lights","Mercedes-Benz W206 Tail Light Assembly 2021-2023 (2069060701/2069061901)","2069060701/2069061901","yes","indexable: product has a usable catalog image and distinguishing product data"
"mercedes-benz-w206-mercedes-benz-w206-tail-light-assembly-2021-2023-2069060801-2069062001-","https://www.cowinmotors.com/product/mercedes-benz-w206-mercedes-benz-w206-tail-light-assembly-2021-2023-2069060801-2069062001-","Tail Lights","Mercedes-Benz W206 Tail Light Assembly 2021-2023 (2069060801/2069062001)","2069060801/2069062001","yes","indexable: product has a usable catalog image and distinguishing product data"
"mercedes-benz-w206-mercedes-benz-w206-tail-light-assembly-2021-2023-2069068601-2069060101-","https://www.cowinmotors.com/product/mercedes-benz-w206-mercedes-benz-w206-tail-light-assembly-2021-2023-2069068601-2069060101-","Tail Lights","Mercedes-Benz W206 Tail Light Assembly 2021-2023 (2069068601/ 2069060101/ 2069061301)","2069068601/ 2069060101/ 2069061301","yes","indexable: product has a usable catalog image and distinguishing product data"
"mercedes-benz-w206-mercedes-benz-w206-tail-light-assembly-2021-2023-2069068901-2069060201-","https://www.cowinmotors.com/product/mercedes-benz-w206-mercedes-benz-w206-tail-light-assembly-2021-2023-2069068901-2069060201-","Tail Lights","Mercedes-Benz W206 Tail Light Assembly 2021-2023 (2069068901/ 2069060201/ 2069061401)","2069068901/ 2069060201/ 2069061401","yes","indexable: product has a usable catalog image and distinguishing product data"
"mercedes-benz-w212-mercedes-benz-w212-led-tail-light-assembly-2009-2013-e6c53a","https://www.cowinmotors.com/product/mercedes-benz-w212-mercedes-benz-w212-led-tail-light-assembly-2009-2013-e6c53a","Tail Lights","Mercedes-Benz W212 LED Tail Light Assembly 2009-2013","","yes","indexable: product has a usable catalog image and distinguishing product data"
"mercedes-benz-w212-mercedes-benz-w212-led-tail-light-assembly-2009-2015-fa2eb7","https://www.cowinmotors.com/product/mercedes-benz-w212-mercedes-benz-w212-led-tail-light-assembly-2009-2015-fa2eb7","Tail Lights","Mercedes-Benz W212 LED Tail Light Assembly 2009-2015","","yes","indexable: product has a usable catalog image and distinguishing product data"
"mercedes-benz-w212-mercedes-benz-w212-tail-light-assembly-2010-2012-sjc-f08aa6","https://www.cowinmotors.com/product/mercedes-benz-w212-mercedes-benz-w212-tail-light-assembly-2010-2012-sjc-f08aa6","Tail Lights","Mercedes-Benz W212 Tail Light Assembly 2010-2012 (SJC)","SJC","no","noindex: catalog record lacks a specific reference, side, material, size, color, or listed feature"
"mercedes-benz-w213-mercedes-benz-w213-led-tail-light-assembly-2016-2020-0e072a","https://www.cowinmotors.com/product/mercedes-benz-w213-mercedes-benz-w213-led-tail-light-assembly-2016-2020-0e072a","Tail Lights","Mercedes-Benz W213 LED Tail Light Assembly 2016-2020","","yes","indexable: product has a usable catalog image and distinguishing product data"
"mercedes-benz-w213-mercedes-benz-w213-tail-light-assembly-2021-2023-sjc-fc98ab","https://www.cowinmotors.com/product/mercedes-benz-w213-mercedes-benz-w213-tail-light-assembly-2021-2023-sjc-fc98ab","Tail Lights","Mercedes-Benz W213 Tail Light Assembly 2021-2023 (SJC)","SJC","no","noindex: catalog record lacks a specific reference, side, material, size, color, or listed feature"
"mercedes-benz-w217-mercedes-benz-w217-led-sequential-turn-signal-tail-light-assembly-3af11","https://www.cowinmotors.com/product/mercedes-benz-w217-mercedes-benz-w217-led-sequential-turn-signal-tail-light-assembly-3af11","Tail Lights","Mercedes-Benz W217 LED, sequential turn signal Tail Light Assembly","","yes","indexable: product has a usable catalog image and distinguishing product data"
"mercedes-benz-w217-mercedes-benz-w217-tail-light-assembly-2015-2017-sjc-174747","https://www.cowinmotors.com/product/mercedes-benz-w217-mercedes-benz-w217-tail-light-assembly-2015-2017-sjc-174747","Tail Lights","Mercedes-Benz W217 Tail Light Assembly 2015-2017 (SJC)","SJC","yes","indexable: product has a usable catalog image and distinguishing product data"
"mercedes-benz-w218-mercedes-benz-w218-led-sequential-turn-signal-tail-light-assembly-2011-","https://www.cowinmotors.com/product/mercedes-benz-w218-mercedes-benz-w218-led-sequential-turn-signal-tail-light-assembly-2011-","Tail Lights","Mercedes-Benz W218 LED, sequential turn signal Tail Light Assembly 2011-2018","","yes","indexable: product has a usable catalog image and distinguishing product data"
"mercedes-benz-w222-mercedes-benz-w222-led-tail-light-assembly-2014-2017-3533da","https://www.cowinmotors.com/product/mercedes-benz-w222-mercedes-benz-w222-led-tail-light-assembly-2014-2017-3533da","Tail Lights","Mercedes-Benz W222 LED Tail Light Assembly 2014-2017","","yes","indexable: product has a usable catalog image and distinguishing product data"
"mercedes-benz-w222-mercedes-benz-w222-tail-light-assembly-2013-2016-sjc-0ffb43","https://www.cowinmotors.com/product/mercedes-benz-w222-mercedes-benz-w222-tail-light-assembly-2013-2016-sjc-0ffb43","Tail Lights","Mercedes-Benz W222 Tail Light Assembly 2013-2016 (SJC)","SJC","yes","indexable: product has a usable catalog image and distinguishing product data"
"mercedes-benz-w238-mercedes-benz-w238-tail-light-assembly-2017-2020-238-906-0500-0e16c2","https://www.cowinmotors.com/product/mercedes-benz-w238-mercedes-benz-w238-tail-light-assembly-2017-2020-238-906-0500-0e16c2","Tail Lights","Mercedes-Benz W238 Tail Light Assembly 2017-2020 (238 906 0500)","238 906 0500","yes","indexable: product has a usable catalog image and distinguishing product data"
"mercedes-benz-w238-mercedes-benz-w238-tail-light-assembly-2017-2020-238-906-0600-17eeea","https://www.cowinmotors.com/product/mercedes-benz-w238-mercedes-benz-w238-tail-light-assembly-2017-2020-238-906-0600-17eeea","Tail Lights","Mercedes-Benz W238 Tail Light Assembly 2017-2020 (238 906 0600)","238 906 0600","yes","indexable: product has a usable catalog image and distinguishing product data"
"mercedes-benz-w238-mercedes-benz-w238-tail-light-assembly-2017-2020-238-906-2300-986e58","https://www.cowinmotors.com/product/mercedes-benz-w238-mercedes-benz-w238-tail-light-assembly-2017-2020-238-906-2300-986e58","Tail Lights","Mercedes-Benz W238 Tail Light Assembly 2017-2020 (238 906 2300)","238 906 2300","yes","indexable: product has a usable catalog image and distinguishing product data"
"mercedes-benz-w238-mercedes-benz-w238-tail-light-assembly-2017-2020-238-906-2400-d3115c","https://www.cowinmotors.com/product/mercedes-benz-w238-mercedes-benz-w238-tail-light-assembly-2017-2020-238-906-2400-d3115c","Tail Lights","Mercedes-Benz W238 Tail Light Assembly 2017-2020 (238 906 2400)","238 906 2400","yes","indexable: product has a usable catalog image and distinguishing product data"
"mercedes-benz-w238-mercedes-benz-w238-tail-light-assembly-2021-2023-238-906-3701-1ed72c","https://www.cowinmotors.com/product/mercedes-benz-w238-mercedes-benz-w238-tail-light-assembly-2021-2023-238-906-3701-1ed72c","Tail Lights","Mercedes-Benz W238 Tail Light Assembly 2021-2023 (238 906 3701)","238 906 3701","yes","indexable: product has a usable catalog image and distinguishing product data"
"mercedes-benz-w238-mercedes-benz-w238-tail-light-assembly-2021-2023-238-906-3801-b93bef","https://www.cowinmotors.com/product/mercedes-benz-w238-mercedes-benz-w238-tail-light-assembly-2021-2023-238-906-3801-b93bef","Tail Lights","Mercedes-Benz W238 Tail Light Assembly 2021-2023 (238 906 3801)","238 906 3801","yes","indexable: product has a usable catalog image and distinguishing product data"
"mercedes-benz-w238-mercedes-benz-w238-tail-light-assembly-2021-2023-238-906-4101-396eee","https://www.cowinmotors.com/product/mercedes-benz-w238-mercedes-benz-w238-tail-light-assembly-2021-2023-238-906-4101-396eee","Tail Lights","Mercedes-Benz W238 Tail Light Assembly 2021-2023 (238 906 4101)","238 906 4101","yes","indexable: product has a usable catalog image and distinguishing product data"
"mercedes-benz-w238-mercedes-benz-w238-tail-light-assembly-2021-2023-238-906-4201-7f1813","https://www.cowinmotors.com/product/mercedes-benz-w238-mercedes-benz-w238-tail-light-assembly-2021-2023-238-906-4201-7f1813","Tail Lights","Mercedes-Benz W238 Tail Light Assembly 2021-2023 (238 906 4201)","238 906 4201","yes","indexable: product has a usable catalog image and distinguishing product data"
"mercedes-benz-w247-mercedes-benz-w247-tail-light-assembly-2020-2023-w247-906-2501-68539a","https://www.cowinmotors.com/product/mercedes-benz-w247-mercedes-benz-w247-tail-light-assembly-2020-2023-w247-906-2501-68539a","Tail Lights","Mercedes-Benz W247 Tail Light Assembly 2020-2023 (W247 906 2501)","W247 906 2501","yes","indexable: product has a usable catalog image and distinguishing product data"
"mercedes-benz-w247-mercedes-benz-w247-tail-light-assembly-2020-2023-w247-906-2601-d165a9","https://www.cowinmotors.com/product/mercedes-benz-w247-mercedes-benz-w247-tail-light-assembly-2020-2023-w247-906-2601-d165a9","Tail Lights","Mercedes-Benz W247 Tail Light Assembly 2020-2023 (W247 906 2601)","W247 906 2601","yes","indexable: product has a usable catalog image and distinguishing product data"
"mercedes-benz-w247-mercedes-benz-w247-tail-light-assembly-2020-2023-w247-906-2901-cb05de","https://www.cowinmotors.com/product/mercedes-benz-w247-mercedes-benz-w247-tail-light-assembly-2020-2023-w247-906-2901-cb05de","Tail Lights","Mercedes-Benz W247 Tail Light Assembly 2020-2023 (W247 906 2901)","W247 906 2901","yes","indexable: product has a usable catalog image and distinguishing product data"
"mercedes-benz-w247-mercedes-benz-w247-tail-light-assembly-2020-2023-w247-906-3001-2f12f8","https://www.cowinmotors.com/product/mercedes-benz-w247-mercedes-benz-w247-tail-light-assembly-2020-2023-w247-906-3001-2f12f8","Tail Lights","Mercedes-Benz W247 Tail Light Assembly 2020-2023 (W247 906 3001)","W247 906 3001","yes","indexable: product has a usable catalog image and distinguishing product data"
"mercedes-benz-w247-mercedes-benz-w247-tail-light-assembly-2024-2025-a247-906-6705-55de3f","https://www.cowinmotors.com/product/mercedes-benz-w247-mercedes-benz-w247-tail-light-assembly-2024-2025-a247-906-6705-55de3f","Tail Lights","Mercedes-Benz W247 Tail Light Assembly 2024-2025 (A247 906 6705)","A247 906 6705","yes","indexable: product has a usable catalog image and distinguishing product data"
"mercedes-benz-w247-mercedes-benz-w247-tail-light-assembly-2024-2025-a247-906-6805-dfa16e","https://www.cowinmotors.com/product/mercedes-benz-w247-mercedes-benz-w247-tail-light-assembly-2024-2025-a247-906-6805-dfa16e","Tail Lights","Mercedes-Benz W247 Tail Light Assembly 2024-2025 (A247 906 6805)","A247 906 6805","yes","indexable: product has a usable catalog image and distinguishing product data"
"mercedes-benz-w247-mercedes-benz-w247-tail-light-assembly-2024-2025-a247-906-7305-53f783","https://www.cowinmotors.com/product/mercedes-benz-w247-mercedes-benz-w247-tail-light-assembly-2024-2025-a247-906-7305-53f783","Tail Lights","Mercedes-Benz W247 Tail Light Assembly 2024-2025 (A247 906 7305)","A247 906 7305","yes","indexable: product has a usable catalog image and distinguishing product data"
"mercedes-benz-w247-mercedes-benz-w247-tail-light-assembly-2024-2025-a247-906-7405-26ad4e","https://www.cowinmotors.com/product/mercedes-benz-w247-mercedes-benz-w247-tail-light-assembly-2024-2025-a247-906-7405-26ad4e","Tail Lights","Mercedes-Benz W247 Tail Light Assembly 2024-2025 (A247 906 7405)","A247 906 7405","yes","indexable: product has a usable catalog image and distinguishing product data"
"mercedes-benz-w251-mercedes-benz-w251-tail-light-assembly-2010-2017-sjc-21ff86","https://www.cowinmotors.com/product/mercedes-benz-w251-mercedes-benz-w251-tail-light-assembly-2010-2017-sjc-21ff86","Tail Lights","Mercedes-Benz W251 Tail Light Assembly 2010-2017 (SJC)","SJC","yes","indexable: product has a usable catalog image and distinguishing product data"
"mercedes-benz-w447-mercedes-benz-w447-tail-light-assembly-2016-2020-sjc-49b9f1","https://www.cowinmotors.com/product/mercedes-benz-w447-mercedes-benz-w447-tail-light-assembly-2016-2020-sjc-49b9f1","Tail Lights","Mercedes-Benz W447 Tail Light Assembly 2016-2020 (SJC)","SJC","no","noindex: catalog record lacks a specific reference, side, material, size, color, or listed feature"
"mercedes-benz-x167-mercedes-benz-x167-led-sequential-turn-signal-tail-light-assembly-2020-","https://www.cowinmotors.com/product/mercedes-benz-x167-mercedes-benz-x167-led-sequential-turn-signal-tail-light-assembly-2020-","Tail Lights","Mercedes-Benz X167 LED, sequential turn signal Tail Light Assembly 2020-2023","","yes","indexable: product has a usable catalog image and distinguishing product data"
"mercedes-benz-x167-mercedes-benz-x167-tail-light-assembly-2019-2023-x167-906-2507-46cb6e","https://www.cowinmotors.com/product/mercedes-benz-x167-mercedes-benz-x167-tail-light-assembly-2019-2023-x167-906-2507-46cb6e","Tail Lights","Mercedes-Benz X167 Tail Light Assembly 2019-2023 (X167 906 2507)","X167 906 2507","yes","indexable: product has a usable catalog image and distinguishing product data"
"mercedes-benz-x167-mercedes-benz-x167-tail-light-assembly-2019-2023-x167-906-2607-374715","https://www.cowinmotors.com/product/mercedes-benz-x167-mercedes-benz-x167-tail-light-assembly-2019-2023-x167-906-2607-374715","Tail Lights","Mercedes-Benz X167 Tail Light Assembly 2019-2023 (X167 906 2607)","X167 906 2607","yes","indexable: product has a usable catalog image and distinguishing product data"
"mercedes-benz-x167-mercedes-benz-x167-tail-light-assembly-2019-2023-x167-906-3107-512b2c","https://www.cowinmotors.com/product/mercedes-benz-x167-mercedes-benz-x167-tail-light-assembly-2019-2023-x167-906-3107-512b2c","Tail Lights","Mercedes-Benz X167 Tail Light Assembly 2019-2023 (X167 906 3107)","X167 906 3107","yes","indexable: product has a usable catalog image and distinguishing product data"
"mercedes-benz-x167-mercedes-benz-x167-tail-light-assembly-2019-2023-x167-906-3207-41f4b1","https://www.cowinmotors.com/product/mercedes-benz-x167-mercedes-benz-x167-tail-light-assembly-2019-2023-x167-906-3207-41f4b1","Tail Lights","Mercedes-Benz X167 Tail Light Assembly 2019-2023 (X167 906 3207)","X167 906 3207","yes","indexable: product has a usable catalog image and distinguishing product data"
"mercedes-benz-x167-mercedes-benz-x167-tail-light-assembly-2020-2023-sjc-4ccdbd","https://www.cowinmotors.com/product/mercedes-benz-x167-mercedes-benz-x167-tail-light-assembly-2020-2023-sjc-4ccdbd","Tail Lights","Mercedes-Benz X167 Tail Light Assembly 2020-2023 (SJC)","SJC","no","noindex: catalog record lacks a specific reference, side, material, size, color, or listed feature"
"mercedes-benz-x167-mercedes-benz-x167-tail-light-assembly-24-x167-906-7510-86c125","https://www.cowinmotors.com/product/mercedes-benz-x167-mercedes-benz-x167-tail-light-assembly-24-x167-906-7510-86c125","Tail Lights","Mercedes-Benz X167 Tail Light Assembly 24- (X167 906 7510)","X167 906 7510","yes","indexable: product has a usable catalog image and distinguishing product data"
"mercedes-benz-x167-mercedes-benz-x167-tail-light-assembly-24-x167-906-7610-dd06a8","https://www.cowinmotors.com/product/mercedes-benz-x167-mercedes-benz-x167-tail-light-assembly-24-x167-906-7610-dd06a8","Tail Lights","Mercedes-Benz X167 Tail Light Assembly 24- (X167 906 7610)","X167 906 7610","yes","indexable: product has a usable catalog image and distinguishing product data"
"mercedes-benz-x167-mercedes-benz-x167-tail-light-assembly-24-x167-906-7710-7a180f","https://www.cowinmotors.com/product/mercedes-benz-x167-mercedes-benz-x167-tail-light-assembly-24-x167-906-7710-7a180f","Tail Lights","Mercedes-Benz X167 Tail Light Assembly 24- (X167 906 7710)","X167 906 7710","yes","indexable: product has a usable catalog image and distinguishing product data"
"mercedes-benz-x167-mercedes-benz-x167-tail-light-assembly-24-x167-906-7810-dc6d9f","https://www.cowinmotors.com/product/mercedes-benz-x167-mercedes-benz-x167-tail-light-assembly-24-x167-906-7810-dc6d9f","Tail Lights","Mercedes-Benz X167 Tail Light Assembly 24- (X167 906 7810)","X167 906 7810","yes","indexable: product has a usable catalog image and distinguishing product data"
"mercedes-benz-x204-mercedes-benz-x204-tail-light-assembly-2017-2015-sjc-0a6c72","https://www.cowinmotors.com/product/mercedes-benz-x204-mercedes-benz-x204-tail-light-assembly-2017-2015-sjc-0a6c72","Tail Lights","Mercedes-Benz X204 Tail Light Assembly 2017-2015 (SJC)","SJC","yes","indexable: product has a usable catalog image and distinguishing product data"
"mercedes-benz-x204-mercedes-benz-x204-smoked-housing-tail-light-assembly-2017-2015-sjc-175","https://www.cowinmotors.com/product/mercedes-benz-x204-mercedes-benz-x204-smoked-housing-tail-light-assembly-2017-2015-sjc-175","Tail Lights","Mercedes-Benz X204 smoked housing Tail Light Assembly 2017-2015 (SJC)","SJC","yes","indexable: product has a usable catalog image and distinguishing product data"
"mercedes-benz-x247-mercedes-benz-x247-tail-light-assembly-2020-2023-x247-906-1501-a6d08b","https://www.cowinmotors.com/product/mercedes-benz-x247-mercedes-benz-x247-tail-light-assembly-2020-2023-x247-906-1501-a6d08b","Tail Lights","Mercedes-Benz X247 Tail Light Assembly 2020-2023 (X247 906 1501)","X247 906 1501","yes","indexable: product has a usable catalog image and distinguishing product data"
"mercedes-benz-x247-mercedes-benz-x247-tail-light-assembly-2020-2023-x247-906-1601-10f1d7","https://www.cowinmotors.com/product/mercedes-benz-x247-mercedes-benz-x247-tail-light-assembly-2020-2023-x247-906-1601-10f1d7","Tail Lights","Mercedes-Benz X247 Tail Light Assembly 2020-2023 (X247 906 1601)","X247 906 1601","yes","indexable: product has a usable catalog image and distinguishing product data"
"mercedes-benz-x247-mercedes-benz-x247-tail-light-assembly-2020-2023-x247-906-6704-9eab89","https://www.cowinmotors.com/product/mercedes-benz-x247-mercedes-benz-x247-tail-light-assembly-2020-2023-x247-906-6704-9eab89","Tail Lights","Mercedes-Benz X247 Tail Light Assembly 2020-2023 (X247 906 6704)","X247 906 6704","yes","indexable: product has a usable catalog image and distinguishing product data"
"mercedes-benz-x247-mercedes-benz-x247-tail-light-assembly-2020-2023-x247-906-6804-5d34be","https://www.cowinmotors.com/product/mercedes-benz-x247-mercedes-benz-x247-tail-light-assembly-2020-2023-x247-906-6804-5d34be","Tail Lights","Mercedes-Benz X247 Tail Light Assembly 2020-2023 (X247 906 6804)","X247 906 6804","yes","indexable: product has a usable catalog image and distinguishing product data"
"mercedes-benz-x247-mercedes-benz-x247-tail-light-assembly-2024-2025-x247-906-5505-5e4eb9","https://www.cowinmotors.com/product/mercedes-benz-x247-mercedes-benz-x247-tail-light-assembly-2024-2025-x247-906-5505-5e4eb9","Tail Lights","Mercedes-Benz X247 Tail Light Assembly 2024-2025 (X247 906 5505)","X247 906 5505","yes","indexable: product has a usable catalog image and distinguishing product data"
"mercedes-benz-x247-mercedes-benz-x247-tail-light-assembly-2024-2025-x247-906-5605-aeddc0","https://www.cowinmotors.com/product/mercedes-benz-x247-mercedes-benz-x247-tail-light-assembly-2024-2025-x247-906-5605-aeddc0","Tail Lights","Mercedes-Benz X247 Tail Light Assembly 2024-2025 (X247 906 5605)","X247 906 5605","yes","indexable: product has a usable catalog image and distinguishing product data"
"mercedes-benz-x247-mercedes-benz-x247-tail-light-assembly-2024-2025-x247-906-6105-7fb626","https://www.cowinmotors.com/product/mercedes-benz-x247-mercedes-benz-x247-tail-light-assembly-2024-2025-x247-906-6105-7fb626","Tail Lights","Mercedes-Benz X247 Tail Light Assembly 2024-2025 (X247 906 6105)","X247 906 6105","yes","indexable: product has a usable catalog image and distinguishing product data"
"mercedes-benz-x247-mercedes-benz-x247-tail-light-assembly-2024-2025-x247-906-6205-178138","https://www.cowinmotors.com/product/mercedes-benz-x247-mercedes-benz-x247-tail-light-assembly-2024-2025-x247-906-6205-178138","Tail Lights","Mercedes-Benz X247 Tail Light Assembly 2024-2025 (X247 906 6205)","X247 906 6205","yes","indexable: product has a usable catalog image and distinguishing product data"
"porsche-cayenne-porsche-cayenne-tail-light-assembly-2011-2014-958-1-sjc-17b6dc","https://www.cowinmotors.com/product/porsche-cayenne-porsche-cayenne-tail-light-assembly-2011-2014-958-1-sjc-17b6dc","Tail Lights","Porsche Cayenne Tail Light Assembly 2011-2014 958.1 (SJC)","SJC","yes","indexable: product has a usable catalog image and distinguishing product data"
"porsche-cayenne-11-porsche-cayenne-11-led-sequential-turn-signal-tail-light-assembly-2011-","https://www.cowinmotors.com/product/porsche-cayenne-11-porsche-cayenne-11-led-sequential-turn-signal-tail-light-assembly-2011-","Tail Lights","Porsche Cayenne 11 LED, sequential turn signal Tail Light Assembly 2011-2014","","yes","indexable: product has a usable catalog image and distinguishing product data"
"porsche-cayman-porsche-cayman-tail-light-assembly-2009-2012-987-1-sjc-fc5f75","https://www.cowinmotors.com/product/porsche-cayman-porsche-cayman-tail-light-assembly-2009-2012-987-1-sjc-fc5f75","Tail Lights","Porsche Cayman Tail Light Assembly 2009-2012 987.1 (SJC)","SJC","yes","indexable: product has a usable catalog image and distinguishing product data"
"porsche-mondeo-13-porsche-mondeo-13-led-tail-light-assembly-2013-2016-c1d920","https://www.cowinmotors.com/product/porsche-mondeo-13-porsche-mondeo-13-led-tail-light-assembly-2013-2016-c1d920","Tail Lights","Porsche Mondeo 13 LED Tail Light Assembly 2013-2016","","yes","indexable: product has a usable catalog image and distinguishing product data"
"porsche-panamera-porsche-panamera-tail-light-assembly-2010-2013-970-1-sjc-689d66","https://www.cowinmotors.com/product/porsche-panamera-porsche-panamera-tail-light-assembly-2010-2013-970-1-sjc-689d66","Tail Lights","Porsche Panamera Tail Light Assembly 2010-2013 970.1 (SJC)","SJC","yes","indexable: product has a usable catalog image and distinguishing product data"
"porsche-panamera-porsche-panamera-smoked-housing-tail-light-assembly-2014-2017-970-1-sjc-e","https://www.cowinmotors.com/product/porsche-panamera-porsche-panamera-smoked-housing-tail-light-assembly-2014-2017-970-1-sjc-e","Tail Lights","Porsche Panamera smoked housing Tail Light Assembly 2014-2017 970.1 (SJC)","SJC","yes","indexable: product has a usable catalog image and distinguishing product data"
"porsche-panamera-10-porsche-panamera-10-led-sequential-turn-signal-facelift-conversion-tai","https://www.cowinmotors.com/product/porsche-panamera-10-porsche-panamera-10-led-sequential-turn-signal-facelift-conversion-tai","Tail Lights","Porsche Panamera 10 LED, sequential turn signal, facelift conversion Tail Light Assembly 2010-2016","","yes","indexable: product has a usable catalog image and distinguishing product data"
"porsche-panamera-10-970-porsche-panamera-10-970-facelift-conversion-tail-light-assembly-20","https://www.cowinmotors.com/product/porsche-panamera-10-970-porsche-panamera-10-970-facelift-conversion-tail-light-assembly-20","Tail Lights","Porsche Panamera 10 970. facelift conversion Tail Light Assembly 2010-2013","","yes","indexable: product has a usable catalog image and distinguishing product data"
"porsche-macan-porsche-macan-led-tail-light-assembly-2014-2017-704868","https://www.cowinmotors.com/product/porsche-macan-porsche-macan-led-tail-light-assembly-2014-2017-704868","Tail Lights","Porsche macan LED Tail Light Assembly 2014-2017","","yes","indexable: product has a usable catalog image and distinguishing product data"
"porsche-macan-14-17-porsche-macan-14-17-facelift-conversion-tail-light-assembly-2014-2017-","https://www.cowinmotors.com/product/porsche-macan-14-17-porsche-macan-14-17-facelift-conversion-tail-light-assembly-2014-2017-","Tail Lights","Porsche macan 14-17 facelift conversion Tail Light Assembly 2014-2017","","yes","indexable: product has a usable catalog image and distinguishing product data"
"volkswagen-09-14-scirocco-led-volkswagen-09-14-scirocco-led-led-tail-light-assembly-2009-2","https://www.cowinmotors.com/product/volkswagen-09-14-scirocco-led-volkswagen-09-14-scirocco-led-led-tail-light-assembly-2009-2","Tail Lights","Volkswagen 09-14 scirocco LED LED Tail Light Assembly 2009-2014","","yes","indexable: product has a usable catalog image and distinguishing product data"
"volkswagen-golf-volkswagen-golf-tail-light-assembly-v005-f24a89","https://www.cowinmotors.com/product/volkswagen-golf-volkswagen-golf-tail-light-assembly-v005-f24a89","Tail Lights","Volkswagen Golf Tail Light Assembly (v005)","v005","yes","indexable: product has a usable catalog image and distinguishing product data"
"volkswagen-golf-volkswagen-golf-tail-light-assembly-v006-2692df","https://www.cowinmotors.com/product/volkswagen-golf-volkswagen-golf-tail-light-assembly-v006-2692df","Tail Lights","Volkswagen Golf Tail Light Assembly (v006)","v006","yes","indexable: product has a usable catalog image and distinguishing product data"
"volkswagen-golf-volkswagen-golf-tail-light-assembly-v008-191650","https://www.cowinmotors.com/product/volkswagen-golf-volkswagen-golf-tail-light-assembly-v008-191650","Tail Lights","Volkswagen Golf Tail Light Assembly (v008)","v008","yes","indexable: product has a usable catalog image and distinguishing product data"
"volkswagen-golf-volkswagen-golf-smoked-housing-tail-light-assembly-v007-4a8f82","https://www.cowinmotors.com/product/volkswagen-golf-volkswagen-golf-smoked-housing-tail-light-assembly-v007-4a8f82","Tail Lights","Volkswagen Golf smoked housing Tail Light Assembly (v007)","v007","yes","indexable: product has a usable catalog image and distinguishing product data"
"volkswagen-golf-volkswagen-golf-smoked-housing-tail-light-assembly-v009-fb49bc","https://www.cowinmotors.com/product/volkswagen-golf-volkswagen-golf-smoked-housing-tail-light-assembly-v009-fb49bc","Tail Lights","Volkswagen Golf smoked housing Tail Light Assembly (v009)","v009","yes","indexable: product has a usable catalog image and distinguishing product data"
"volkswagen-golf-09-volkswagen-golf-09-led-tail-light-assembly-2009-2013-7a6dfc","https://www.cowinmotors.com/product/volkswagen-golf-09-volkswagen-golf-09-led-tail-light-assembly-2009-2013-7a6dfc","Tail Lights","Volkswagen Golf 09 LED Tail Light Assembly 2009-2013","","yes","indexable: product has a usable catalog image and distinguishing product data"
"volkswagen-golf-13-volkswagen-golf-13-led-tail-light-assembly-2013-2020-5e7e53","https://www.cowinmotors.com/product/volkswagen-golf-13-volkswagen-golf-13-led-tail-light-assembly-2013-2020-5e7e53","Tail Lights","Volkswagen Golf 13 LED Tail Light Assembly 2013-2020","","yes","indexable: product has a usable catalog image and distinguishing product data"
"volkswagen-golf-21-volkswagen-golf-21-led-tail-light-assembly-2021-2023-a2df4c","https://www.cowinmotors.com/product/volkswagen-golf-21-volkswagen-golf-21-led-tail-light-assembly-2021-2023-a2df4c","Tail Lights","Volkswagen Golf 21 LED Tail Light Assembly 2021-2023","","yes","indexable: product has a usable catalog image and distinguishing product data"
"volkswagen-maitwei-volkswagen-maitwei-tail-light-assembly-t5-2c3a1e","https://www.cowinmotors.com/product/volkswagen-maitwei-volkswagen-maitwei-tail-light-assembly-t5-2c3a1e","Tail Lights","Volkswagen Maitwei Tail Light Assembly (T5)","T5","yes","indexable: product has a usable catalog image and distinguishing product data"
"volkswagen-maitwei-volkswagen-maitwei-tail-light-assembly-t6-61fbc3","https://www.cowinmotors.com/product/volkswagen-maitwei-volkswagen-maitwei-tail-light-assembly-t6-61fbc3","Tail Lights","Volkswagen Maitwei Tail Light Assembly (T6)","T6","yes","indexable: product has a usable catalog image and distinguishing product data"
"volkswagen-maitwei-volkswagen-maitwei-smoked-housing-tail-light-assembly-t5-7ba400","https://www.cowinmotors.com/product/volkswagen-maitwei-volkswagen-maitwei-smoked-housing-tail-light-assembly-t5-7ba400","Tail Lights","Volkswagen Maitwei smoked housing Tail Light Assembly (T5)","T5","yes","indexable: product has a usable catalog image and distinguishing product data"
"volkswagen-maitwei-volkswagen-maitwei-smoked-housing-tail-light-assembly-t6-70862b","https://www.cowinmotors.com/product/volkswagen-maitwei-volkswagen-maitwei-smoked-housing-tail-light-assembly-t6-70862b","Tail Lights","Volkswagen Maitwei smoked housing Tail Light Assembly (T6)","T6","yes","indexable: product has a usable catalog image and distinguishing product data"
"volkswagen-polo-volkswagen-polo-led-tail-light-assembly-2009-2018-767823","https://www.cowinmotors.com/product/volkswagen-polo-volkswagen-polo-led-tail-light-assembly-2009-2018-767823","Tail Lights","Volkswagen POLO LED Tail Light Assembly 2009-2018","","yes","indexable: product has a usable catalog image and distinguishing product data"
"volkswagen-sagitar-12-volkswagen-sagitar-12-led-sequential-turn-signal-tail-light-assembly","https://www.cowinmotors.com/product/volkswagen-sagitar-12-volkswagen-sagitar-12-led-sequential-turn-signal-tail-light-assembly","Tail Lights","Volkswagen Sagitar 12 LED, sequential turn signal Tail Light Assembly 2012-2014","","yes","indexable: product has a usable catalog image and distinguishing product data"
"volkswagen-sagitar-15-volkswagen-sagitar-15-led-sequential-turn-signal-tail-light-assembly","https://www.cowinmotors.com/product/volkswagen-sagitar-15-volkswagen-sagitar-15-led-sequential-turn-signal-tail-light-assembly","Tail Lights","Volkswagen Sagitar 15 LED, sequential turn signal Tail Light Assembly 2015-2018","","yes","indexable: product has a usable catalog image and distinguishing product data"
"volkswagen-tiguan-17-volkswagen-tiguan-17-led-sequential-turn-signal-tail-light-assembly-2","https://www.cowinmotors.com/product/volkswagen-tiguan-17-volkswagen-tiguan-17-led-sequential-turn-signal-tail-light-assembly-2","Tail Lights","Volkswagen Tiguan 17 LED, sequential turn signal Tail Light Assembly 2017-2021","","yes","indexable: product has a usable catalog image and distinguishing product data"
"volkswagen-touareg-11-volkswagen-touareg-11-led-tail-light-assembly-2011-2018-c02a66","https://www.cowinmotors.com/product/volkswagen-touareg-11-volkswagen-touareg-11-led-tail-light-assembly-2011-2018-c02a66","Tail Lights","Volkswagen Touareg 11 LED Tail Light Assembly 2011-2018","","yes","indexable: product has a usable catalog image and distinguishing product data"
"pdw-group-custom-forged-wheels-polished-chrome-wheel-pdw","https://www.cowinmotors.com/product/pdw-group-custom-forged-wheels-polished-chrome-wheel-pdw","Wheels","PDW Group Custom forged wheels polished chrome wheel","PDW DBT 5276","yes","indexable: product has a usable catalog image and distinguishing product data"
"pdw-group-high-quality-customized-forging-wheels-pdw","https://www.cowinmotors.com/product/pdw-group-high-quality-customized-forging-wheels-pdw","Wheels","PDW Group High quality customized forging wheels","PDW VERTIGO GT 738","yes","indexable: product has a usable catalog image and distinguishing product data"
"pdw-group-custom-size-forged-car-wheels-pdw","https://www.cowinmotors.com/product/pdw-group-custom-size-forged-car-wheels-pdw","Wheels","PDW Group Custom Size Forged Car Wheels","PDW ROTARY 5334","yes","indexable: product has a usable catalog image and distinguishing product data"
"pdw-group-custom-size-forged-car-wheels-6061-alloy-wheels-pdw","https://www.cowinmotors.com/product/pdw-group-custom-size-forged-car-wheels-6061-alloy-wheels-pdw","Wheels","PDW Group Custom Size Forged Car Wheels 6061 Alloy Wheels","PDW FG 03","yes","indexable: product has a usable catalog image and distinguishing product data"
"pdw-group-high-quality-customized-forging-wheel-hubs-wheels-rims-pdw","https://www.cowinmotors.com/product/pdw-group-high-quality-customized-forging-wheel-hubs-wheels-rims-pdw","Wheels","PDW Group High quality customized forging wheel hubs wheels rims","PDW FG 01","yes","indexable: product has a usable catalog image and distinguishing product data"
"vossen-wheels-m-x3-3-piece-vossen","https://www.cowinmotors.com/product/vossen-wheels-m-x3-3-piece-vossen","Wheels","Vossen Wheels M-X3 (3-Piece)","M X3 3 PIECE","yes","indexable: product has a usable catalog image and distinguishing product data"
"vossen-wheels-s17-02-vossen","https://www.cowinmotors.com/product/vossen-wheels-s17-02-vossen","Wheels","Vossen Wheels S17-02","S17 02","yes","indexable: product has a usable catalog image and distinguishing product data"
"vossen-wheels-s17-03-3-piece-vossen","https://www.cowinmotors.com/product/vossen-wheels-s17-03-3-piece-vossen","Wheels","Vossen Wheels S17-03 (3-Piece)","S17 03 3 PIECE","yes","indexable: product has a usable catalog image and distinguishing product data"
"vossen-wheels-era-1-vossen","https://www.cowinmotors.com/product/vossen-wheels-era-1-vossen","Wheels","Vossen Wheels ERA-1","ERA 1 MONOBLOCK","yes","indexable: product has a usable catalog image and distinguishing product data"
"vossen-wheels-era-5-vossen","https://www.cowinmotors.com/product/vossen-wheels-era-5-vossen","Wheels","Vossen Wheels ERA-5","ERA 5","yes","indexable: product has a usable catalog image and distinguishing product data"
"vossen-wheels-era-2-vossen","https://www.cowinmotors.com/product/vossen-wheels-era-2-vossen","Wheels","Vossen Wheels ERA-2","ERA 2","yes","indexable: product has a usable catalog image and distinguishing product data"
"vossen-wheels-era-4-vossen","https://www.cowinmotors.com/product/vossen-wheels-era-4-vossen","Wheels","Vossen Wheels ERA-4","ERA 4","yes","indexable: product has a usable catalog image and distinguishing product data"
"vossen-wheels-era-1-3-piece-vossen","https://www.cowinmotors.com/product/vossen-wheels-era-1-3-piece-vossen","Wheels","Vossen Wheels ERA-1 (3-Piece)","ERA 1","yes","indexable: product has a usable catalog image and distinguishing product data"
"vossen-wheels-era-3-vossen","https://www.cowinmotors.com/product/vossen-wheels-era-3-vossen","Wheels","Vossen Wheels ERA-3","ERA 3","yes","indexable: product has a usable catalog image and distinguishing product data"
"vossen-wheels-gns-1-vossen","https://www.cowinmotors.com/product/vossen-wheels-gns-1-vossen","Wheels","Vossen Wheels GNS-1","GNS 1","yes","indexable: product has a usable catalog image and distinguishing product data"
"vossen-wheels-gns-2-vossen","https://www.cowinmotors.com/product/vossen-wheels-gns-2-vossen","Wheels","Vossen Wheels GNS-2","GNS 2","yes","indexable: product has a usable catalog image and distinguishing product data"
"vossen-wheels-gns-3-vossen","https://www.cowinmotors.com/product/vossen-wheels-gns-3-vossen","Wheels","Vossen Wheels GNS-3","GNS 3","yes","indexable: product has a usable catalog image and distinguishing product data"
"vossen-wheels-vps-316-vossen","https://www.cowinmotors.com/product/vossen-wheels-vps-316-vossen","Wheels","Vossen Wheels VPS-316","VPS 316","yes","indexable: product has a usable catalog image and distinguishing product data"
"vossen-wheels-vps-317-vossen","https://www.cowinmotors.com/product/vossen-wheels-vps-317-vossen","Wheels","Vossen Wheels VPS-317","VPS 317","yes","indexable: product has a usable catalog image and distinguishing product data"
"vossen-wheels-vossen-forged-vps-318-wheel-vps318-forged-wheels-vossen","https://www.cowinmotors.com/product/vossen-wheels-vossen-forged-vps-318-wheel-vps318-forged-wheels-vossen","Wheels","Vossen Wheels Vossen Forged: VPS-318 Wheel • VPS318 • Forged Wheels","VPS 318","yes","indexable: product has a usable catalog image and distinguishing product data"
"vossen-wheels-vps-315t-vossen","https://www.cowinmotors.com/product/vossen-wheels-vps-315t-vossen","Wheels","Vossen Wheels VPS-315T","VPS 315T","yes","indexable: product has a usable catalog image and distinguishing product data"
"vossen-wheels-vps-315-vossen","https://www.cowinmotors.com/product/vossen-wheels-vps-315-vossen","Wheels","Vossen Wheels VPS-315","VPS 315","yes","indexable: product has a usable catalog image and distinguishing product data"
"vossen-wheels-vps-314t-vossen","https://www.cowinmotors.com/product/vossen-wheels-vps-314t-vossen","Wheels","Vossen Wheels VPS-314T","VPS 314T","yes","indexable: product has a usable catalog image and distinguishing product data"
"vossen-wheels-vps-314-vossen","https://www.cowinmotors.com/product/vossen-wheels-vps-314-vossen","Wheels","Vossen Wheels VPS-314","VPS 314","yes","indexable: product has a usable catalog image and distinguishing product data"
"vossen-wheels-vps-302t-vossen","https://www.cowinmotors.com/product/vossen-wheels-vps-302t-vossen","Wheels","Vossen Wheels VPS-302T","VPS 302T","yes","indexable: product has a usable catalog image and distinguishing product data"
"vossen-wheels-vps-313t-vossen","https://www.cowinmotors.com/product/vossen-wheels-vps-313t-vossen","Wheels","Vossen Wheels VPS-313T","VPS 313T","yes","indexable: product has a usable catalog image and distinguishing product data"
"vossen-wheels-vps-312-vossen","https://www.cowinmotors.com/product/vossen-wheels-vps-312-vossen","Wheels","Vossen Wheels VPS-312","VPS 312","yes","indexable: product has a usable catalog image and distinguishing product data"
"vossen-wheels-vps-310t-vossen","https://www.cowinmotors.com/product/vossen-wheels-vps-310t-vossen","Wheels","Vossen Wheels VPS-310T","VPS 310T","yes","indexable: product has a usable catalog image and distinguishing product data"
"vossen-wheels-vps-310-vossen","https://www.cowinmotors.com/product/vossen-wheels-vps-310-vossen","Wheels","Vossen Wheels VPS-310","VPS 310","yes","indexable: product has a usable catalog image and distinguishing product data"
"vossen-wheels-vps-307t-vossen","https://www.cowinmotors.com/product/vossen-wheels-vps-307t-vossen","Wheels","Vossen Wheels VPS-307T","VPS 307T","yes","indexable: product has a usable catalog image and distinguishing product data"
"vossen-wheels-vps-308-vossen","https://www.cowinmotors.com/product/vossen-wheels-vps-308-vossen","Wheels","Vossen Wheels VPS-308","VPS 308","yes","indexable: product has a usable catalog image and distinguishing product data"
"vossen-wheels-vps-307-vossen","https://www.cowinmotors.com/product/vossen-wheels-vps-307-vossen","Wheels","Vossen Wheels VPS-307","VPS 307","yes","indexable: product has a usable catalog image and distinguishing product data"
"vossen-wheels-vps-306-vossen","https://www.cowinmotors.com/product/vossen-wheels-vps-306-vossen","Wheels","Vossen Wheels VPS-306","VPS 306","yes","indexable: product has a usable catalog image and distinguishing product data"
"vossen-wheels-vps-305-vossen","https://www.cowinmotors.com/product/vossen-wheels-vps-305-vossen","Wheels","Vossen Wheels VPS-305","VPS 305","yes","indexable: product has a usable catalog image and distinguishing product data"
"vossen-wheels-vps-305t-vossen","https://www.cowinmotors.com/product/vossen-wheels-vps-305t-vossen","Wheels","Vossen Wheels VPS-305T","VPS 305T","yes","indexable: product has a usable catalog image and distinguishing product data"
"vossen-wheels-vps-303-vossen","https://www.cowinmotors.com/product/vossen-wheels-vps-303-vossen","Wheels","Vossen Wheels VPS-303","VPS 303","yes","indexable: product has a usable catalog image and distinguishing product data"
"vossen-wheels-vps-302-vossen","https://www.cowinmotors.com/product/vossen-wheels-vps-302-vossen","Wheels","Vossen Wheels VPS-302","VPS 302","yes","indexable: product has a usable catalog image and distinguishing product data"
"vossen-wheels-vps-301-vossen","https://www.cowinmotors.com/product/vossen-wheels-vps-301-vossen","Wheels","Vossen Wheels VPS-301","VPS 301","yes","indexable: product has a usable catalog image and distinguishing product data"
"vossen-wheels-cg-209t-3-piece-vossen","https://www.cowinmotors.com/product/vossen-wheels-cg-209t-3-piece-vossen","Wheels","Vossen Wheels CG-209T (3-Piece)","CG 209T 3 PIECE","yes","indexable: product has a usable catalog image and distinguishing product data"
"vossen-wheels-cg-205-3-piece-vossen","https://www.cowinmotors.com/product/vossen-wheels-cg-205-3-piece-vossen","Wheels","Vossen Wheels CG-205 (3-Piece)","CG 205 3 PIECE","yes","indexable: product has a usable catalog image and distinguishing product data"
"vossen-wheels-cg-202-3-piece-vossen","https://www.cowinmotors.com/product/vossen-wheels-cg-202-3-piece-vossen","Wheels","Vossen Wheels CG-202 (3-Piece)","CG 202 3 PIECE","yes","indexable: product has a usable catalog image and distinguishing product data"
"vossen-wheels-vossen-forged-cg-210t-wheel-cg210t-forged-wheels-vossen","https://www.cowinmotors.com/product/vossen-wheels-vossen-forged-cg-210t-wheel-cg210t-forged-wheels-vossen","Wheels","Vossen Wheels Vossen Forged: CG-210T Wheel • CG210T • Forged Wheels","CG 210T","yes","indexable: product has a usable catalog image and distinguishing product data"
"vossen-wheels-vossen-forged-cg-210-wheel-cg210-forged-wheels-vossen","https://www.cowinmotors.com/product/vossen-wheels-vossen-forged-cg-210-wheel-cg210-forged-wheels-vossen","Wheels","Vossen Wheels Vossen Forged: CG-210 Wheel • CG210 • Forged Wheels","CG 210","yes","indexable: product has a usable catalog image and distinguishing product data"
"vossen-wheels-vossen-forged-cg-209t-wheel-cg209t-forged-wheels-vossen","https://www.cowinmotors.com/product/vossen-wheels-vossen-forged-cg-209t-wheel-cg209t-forged-wheels-vossen","Wheels","Vossen Wheels Vossen Forged: CG-209T Wheel • CG209T • Forged Wheels","CG 209T","yes","indexable: product has a usable catalog image and distinguishing product data"
"vossen-wheels-vossen-forged-cg-206t-wheel-cg206t-forged-wheels-vossen","https://www.cowinmotors.com/product/vossen-wheels-vossen-forged-cg-206t-wheel-cg206t-forged-wheels-vossen","Wheels","Vossen Wheels Vossen Forged: CG-206T Wheel • CG206T • Forged Wheels","CG 206T","yes","indexable: product has a usable catalog image and distinguishing product data"
"vossen-wheels-vossen-forged-cg-206-wheel-cg206-forged-wheels-vossen","https://www.cowinmotors.com/product/vossen-wheels-vossen-forged-cg-206-wheel-cg206-forged-wheels-vossen","Wheels","Vossen Wheels Vossen Forged: CG-206 Wheel • CG206 • Forged Wheels","CG 206","yes","indexable: product has a usable catalog image and distinguishing product data"
"vossen-wheels-vossen-forged-cg-205t-wheel-cg205t-forged-wheels-vossen","https://www.cowinmotors.com/product/vossen-wheels-vossen-forged-cg-205t-wheel-cg205t-forged-wheels-vossen","Wheels","Vossen Wheels Vossen Forged: CG-205T Wheel • CG205T • Forged Wheels","CG 205T","yes","indexable: product has a usable catalog image and distinguishing product data"
"vossen-wheels-vossen-forged-cg-205-wheel-cg205-forged-wheels-vossen","https://www.cowinmotors.com/product/vossen-wheels-vossen-forged-cg-205-wheel-cg205-forged-wheels-vossen","Wheels","Vossen Wheels Vossen Forged: CG-205 Wheel • CG205 • Forged Wheels","CG 205","yes","indexable: product has a usable catalog image and distinguishing product data"
"vossen-wheels-vossen-forged-cg-207-wheel-cg207-forged-wheels-vossen","https://www.cowinmotors.com/product/vossen-wheels-vossen-forged-cg-207-wheel-cg207-forged-wheels-vossen","Wheels","Vossen Wheels Vossen Forged: CG-207 Wheel • CG207 • Forged Wheels","CG 207","yes","indexable: product has a usable catalog image and distinguishing product data"
"vossen-wheels-vossen-forged-cg-204-wheel-cg204-forged-wheels-vossen","https://www.cowinmotors.com/product/vossen-wheels-vossen-forged-cg-204-wheel-cg204-forged-wheels-vossen","Wheels","Vossen Wheels Vossen Forged: CG-204 Wheel • CG204 • Forged Wheels","CG 204","yes","indexable: product has a usable catalog image and distinguishing product data"
"vossen-wheels-vossen-forged-cg-203-wheel-cg203-forged-wheels-vossen","https://www.cowinmotors.com/product/vossen-wheels-vossen-forged-cg-203-wheel-cg203-forged-wheels-vossen","Wheels","Vossen Wheels Vossen Forged: CG-203 Wheel • CG203 • Forged Wheels","CG 203","yes","indexable: product has a usable catalog image and distinguishing product data"
"vossen-wheels-vossen-forged-cg-202-wheel-cg202-forged-wheels-vossen","https://www.cowinmotors.com/product/vossen-wheels-vossen-forged-cg-202-wheel-cg202-forged-wheels-vossen","Wheels","Vossen Wheels Vossen Forged: CG-202 Wheel • CG202 • Forged Wheels","CG 202","yes","indexable: product has a usable catalog image and distinguishing product data"
"vossen-wheels-vossen-forged-cg-201-wheel-cg201-forged-wheels-vossen","https://www.cowinmotors.com/product/vossen-wheels-vossen-forged-cg-201-wheel-cg201-forged-wheels-vossen","Wheels","Vossen Wheels Vossen Forged: CG-201 Wheel • CG201 • Forged Wheels","CG 201","yes","indexable: product has a usable catalog image and distinguishing product data"
"vossen-wheels-hc-3-3-piece-vossen","https://www.cowinmotors.com/product/vossen-wheels-hc-3-3-piece-vossen","Wheels","Vossen Wheels HC-3 (3-Piece)","HC 3 3 PIECE","yes","indexable: product has a usable catalog image and distinguishing product data"
"vossen-wheels-hc-2-3-piece-vossen","https://www.cowinmotors.com/product/vossen-wheels-hc-2-3-piece-vossen","Wheels","Vossen Wheels HC-2 (3-Piece)","HC 2 3 PIECE","yes","indexable: product has a usable catalog image and distinguishing product data"
"vossen-wheels-hc-1-3-piece-vossen","https://www.cowinmotors.com/product/vossen-wheels-hc-1-3-piece-vossen","Wheels","Vossen Wheels HC-1 (3-Piece)","HC 1 3 PIECE","yes","indexable: product has a usable catalog image and distinguishing product data"
"vossen-wheels-hc-3-vossen","https://www.cowinmotors.com/product/vossen-wheels-hc-3-vossen","Wheels","Vossen Wheels HC-3","HC 3","yes","indexable: product has a usable catalog image and distinguishing product data"
"vossen-wheels-hc-2-6-vossen","https://www.cowinmotors.com/product/vossen-wheels-hc-2-6-vossen","Wheels","Vossen Wheels HC-2.6","HC 2 6","yes","indexable: product has a usable catalog image and distinguishing product data"
"vossen-wheels-hc-2-vossen","https://www.cowinmotors.com/product/vossen-wheels-hc-2-vossen","Wheels","Vossen Wheels HC-2","HC 2","yes","indexable: product has a usable catalog image and distinguishing product data"
"vossen-wheels-hc-1-6-vossen","https://www.cowinmotors.com/product/vossen-wheels-hc-1-6-vossen","Wheels","Vossen Wheels HC-1.6","HC 1 6","yes","indexable: product has a usable catalog image and distinguishing product data"
"vossen-wheels-vossen-forged-hc-1-wheel-hc1-forged-wheels-vossen","https://www.cowinmotors.com/product/vossen-wheels-vossen-forged-hc-1-wheel-hc1-forged-wheels-vossen","Wheels","Vossen Wheels Vossen Forged: HC-1 Wheel • HC1 • Forged Wheels","HC 1","yes","indexable: product has a usable catalog image and distinguishing product data"
"vossen-wheels-vossen-forged-lc-108t-wheel-lc108t-forged-wheels-vossen","https://www.cowinmotors.com/product/vossen-wheels-vossen-forged-lc-108t-wheel-lc108t-forged-wheels-vossen","Wheels","Vossen Wheels Vossen Forged: LC-108T Wheel • LC108T • Forged Wheels","LC 108T","yes","indexable: product has a usable catalog image and distinguishing product data"
"vossen-wheels-vossen-forged-lc-109t-wheel-lc109t-forged-wheels-vossen","https://www.cowinmotors.com/product/vossen-wheels-vossen-forged-lc-109t-wheel-lc109t-forged-wheels-vossen","Wheels","Vossen Wheels Vossen Forged: LC-109T Wheel • LC109T • Forged Wheels","LC 109T","yes","indexable: product has a usable catalog image and distinguishing product data"
"vossen-wheels-vossen-forged-lc-106-wheel-lc106-forged-wheels-vossen","https://www.cowinmotors.com/product/vossen-wheels-vossen-forged-lc-106-wheel-lc106-forged-wheels-vossen","Wheels","Vossen Wheels Vossen Forged: LC-106 Wheel • LC106 • Forged Wheels","LC 106","yes","indexable: product has a usable catalog image and distinguishing product data"
"vossen-wheels-vossen-forged-lc-104t-wheel-lc104t-forged-wheels-vossen","https://www.cowinmotors.com/product/vossen-wheels-vossen-forged-lc-104t-wheel-lc104t-forged-wheels-vossen","Wheels","Vossen Wheels Vossen Forged: LC-104T Wheel • LC104T • Forged Wheels","LC 104T","yes","indexable: product has a usable catalog image and distinguishing product data"
"vossen-wheels-vossen-forged-lc-102t-wheel-lc102t-forged-wheels-vossen","https://www.cowinmotors.com/product/vossen-wheels-vossen-forged-lc-102t-wheel-lc102t-forged-wheels-vossen","Wheels","Vossen Wheels Vossen Forged: LC-102T Wheel • LC102T • Forged Wheels","LC 102T","yes","indexable: product has a usable catalog image and distinguishing product data"
"vossen-wheels-vossen-forged-lc-107-wheel-lc107-forged-wheels-vossen","https://www.cowinmotors.com/product/vossen-wheels-vossen-forged-lc-107-wheel-lc107-forged-wheels-vossen","Wheels","Vossen Wheels Vossen Forged: LC-107 Wheel • LC107 • Forged Wheels","LC 107","yes","indexable: product has a usable catalog image and distinguishing product data"
"vossen-wheels-vossen-forged-lc-106t-wheel-lc106t-forged-wheels-vossen","https://www.cowinmotors.com/product/vossen-wheels-vossen-forged-lc-106t-wheel-lc106t-forged-wheels-vossen","Wheels","Vossen Wheels Vossen Forged: LC-106T Wheel • LC106T • Forged Wheels","LC 106T","yes","indexable: product has a usable catalog image and distinguishing product data"
"vossen-wheels-vossen-forged-lc-105t-wheel-lc105t-forged-wheels-vossen","https://www.cowinmotors.com/product/vossen-wheels-vossen-forged-lc-105t-wheel-lc105t-forged-wheels-vossen","Wheels","Vossen Wheels Vossen Forged: LC-105T Wheel • LC105T • Forged Wheels","LC 105T","yes","indexable: product has a usable catalog image and distinguishing product data"
"vossen-wheels-vossen-forged-lc-104-wheel-lc104-forged-wheels-vossen","https://www.cowinmotors.com/product/vossen-wheels-vossen-forged-lc-104-wheel-lc104-forged-wheels-vossen","Wheels","Vossen Wheels Vossen Forged: LC-104 Wheel • LC104 • Forged Wheels","LC 104","yes","indexable: product has a usable catalog image and distinguishing product data"
"vossen-wheels-vossen-forged-lc-103-wheel-lc103-forged-wheels-vossen","https://www.cowinmotors.com/product/vossen-wheels-vossen-forged-lc-103-wheel-lc103-forged-wheels-vossen","Wheels","Vossen Wheels Vossen Forged: LC-103 Wheel • LC103 • Forged Wheels","LC 103","yes","indexable: product has a usable catalog image and distinguishing product data"
"vossen-wheels-vossen-forged-lc-102-wheel-lc102-forged-wheels-vossen","https://www.cowinmotors.com/product/vossen-wheels-vossen-forged-lc-102-wheel-lc102-forged-wheels-vossen","Wheels","Vossen Wheels Vossen Forged: LC-102 Wheel • LC102 • Forged Wheels","LC 102","yes","indexable: product has a usable catalog image and distinguishing product data"
"vossen-wheels-vossen-forged-lc-101-wheel-lc101-forged-wheels-vossen","https://www.cowinmotors.com/product/vossen-wheels-vossen-forged-lc-101-wheel-lc101-forged-wheels-vossen","Wheels","Vossen Wheels Vossen Forged: LC-101 Wheel • LC101 • Forged Wheels","LC 101","yes","indexable: product has a usable catalog image and distinguishing product data"
"vossen-wheels-lc2-c1-vossen","https://www.cowinmotors.com/product/vossen-wheels-lc2-c1-vossen","Wheels","Vossen Wheels LC2-C1","LC2 C1","yes","indexable: product has a usable catalog image and distinguishing product data"
"vossen-wheels-vps-1-vossen","https://www.cowinmotors.com/product/vossen-wheels-vps-1-vossen","Wheels","Vossen Wheels VPS-1","VPS 1","yes","indexable: product has a usable catalog image and distinguishing product data"
"vossen-wheels-vps-1-3-piece-vossen","https://www.cowinmotors.com/product/vossen-wheels-vps-1-3-piece-vossen","Wheels","Vossen Wheels VPS-1 (3-Piece)","VPS 1 3 PIECE","yes","indexable: product has a usable catalog image and distinguishing product data"
"vossen-wheels-vps-2-vossen","https://www.cowinmotors.com/product/vossen-wheels-vps-2-vossen","Wheels","Vossen Wheels VPS-2","VPS 2","yes","indexable: product has a usable catalog image and distinguishing product data"
"vossen-wheels-vps-2-3-piece-vossen","https://www.cowinmotors.com/product/vossen-wheels-vps-2-3-piece-vossen","Wheels","Vossen Wheels VPS-2 (3-Piece)","VPS 2 3 PIECE","yes","indexable: product has a usable catalog image and distinguishing product data"
"vossen-wheels-vps-3-vossen","https://www.cowinmotors.com/product/vossen-wheels-vps-3-vossen","Wheels","Vossen Wheels VPS-3","VPS 3","yes","indexable: product has a usable catalog image and distinguishing product data"
"vossen-wheels-vps-3-3-piece-vossen","https://www.cowinmotors.com/product/vossen-wheels-vps-3-3-piece-vossen","Wheels","Vossen Wheels VPS-3 (3-Piece)","VPS 3 3 PIECE","yes","indexable: product has a usable catalog image and distinguishing product data"
"vossen-wheels-vps-4-vossen","https://www.cowinmotors.com/product/vossen-wheels-vps-4-vossen","Wheels","Vossen Wheels VPS-4","VPS 4","yes","indexable: product has a usable catalog image and distinguishing product data"
"vossen-wheels-vps-4-3-piece-vossen","https://www.cowinmotors.com/product/vossen-wheels-vps-4-3-piece-vossen","Wheels","Vossen Wheels VPS-4 (3-Piece)","VPS 4 3 PIECE","yes","indexable: product has a usable catalog image and distinguishing product data"
"vossen-wheels-vps-5-vossen","https://www.cowinmotors.com/product/vossen-wheels-vps-5-vossen","Wheels","Vossen Wheels VPS-5","VPS 5","yes","indexable: product has a usable catalog image and distinguishing product data"
"vossen-wheels-vps-5t-vossen","https://www.cowinmotors.com/product/vossen-wheels-vps-5t-vossen","Wheels","Vossen Wheels VPS-5T","VPS 5T","yes","indexable: product has a usable catalog image and distinguishing product data"
"vossen-wheels-vps-5-3-piece-vossen","https://www.cowinmotors.com/product/vossen-wheels-vps-5-3-piece-vossen","Wheels","Vossen Wheels VPS-5 (3-Piece)","VPS 5 3 PIECE","yes","indexable: product has a usable catalog image and distinguishing product data"
"vossen-wheels-s21-01-vossen","https://www.cowinmotors.com/product/vossen-wheels-s21-01-vossen","Wheels","Vossen Wheels S21-01","S21 01","yes","indexable: product has a usable catalog image and distinguishing product data"
"vossen-wheels-s21-01-3-piece-vossen","https://www.cowinmotors.com/product/vossen-wheels-s21-01-3-piece-vossen","Wheels","Vossen Wheels S21-01 (3-Piece)","S21 01 3 PIECE","yes","indexable: product has a usable catalog image and distinguishing product data"
"vossen-wheels-evo-5r-3-piece-vossen","https://www.cowinmotors.com/product/vossen-wheels-evo-5r-3-piece-vossen","Wheels","Vossen Wheels EVO-5R (3-Piece)","EVO 5R 3 PIECE","yes","indexable: product has a usable catalog image and distinguishing product data"
"vossen-wheels-evo-6tr-3-piece-vossen","https://www.cowinmotors.com/product/vossen-wheels-evo-6tr-3-piece-vossen","Wheels","Vossen Wheels EVO-6TR (3-Piece)","EVO 6TR 3 PIECE","yes","indexable: product has a usable catalog image and distinguishing product data"
"vossen-wheels-evo-4r-vossen","https://www.cowinmotors.com/product/vossen-wheels-evo-4r-vossen","Wheels","Vossen Wheels EVO-4R","EVO 4R","yes","indexable: product has a usable catalog image and distinguishing product data"
"vossen-wheels-evo-5r-vossen","https://www.cowinmotors.com/product/vossen-wheels-evo-5r-vossen","Wheels","Vossen Wheels EVO-5R","EVO 5R","yes","indexable: product has a usable catalog image and distinguishing product data"
"vossen-wheels-evo-6tr-vossen","https://www.cowinmotors.com/product/vossen-wheels-evo-6tr-vossen","Wheels","Vossen Wheels EVO-6TR","EVO 6TR","yes","indexable: product has a usable catalog image and distinguishing product data"
"vossen-wheels-gen-02-3-piece-vossen","https://www.cowinmotors.com/product/vossen-wheels-gen-02-3-piece-vossen","Wheels","Vossen Wheels GEN-02 (3-piece)","GEN 02 3 PIECE","yes","indexable: product has a usable catalog image and distinguishing product data"
"vossen-wheels-gen-05-3-piece-vossen","https://www.cowinmotors.com/product/vossen-wheels-gen-05-3-piece-vossen","Wheels","Vossen Wheels GEN-05 (3-piece)","GEN 05 3 PIECE","yes","indexable: product has a usable catalog image and distinguishing product data"
"vossen-wheels-gen-06-3-piece-vossen","https://www.cowinmotors.com/product/vossen-wheels-gen-06-3-piece-vossen","Wheels","Vossen Wheels GEN-06 (3-piece)","GEN 06 3 PIECE","yes","indexable: product has a usable catalog image and distinguishing product data"
"vossen-wheels-evo-1-vossen","https://www.cowinmotors.com/product/vossen-wheels-evo-1-vossen","Wheels","Vossen Wheels EVO-1","EVO 1","yes","indexable: product has a usable catalog image and distinguishing product data"
"vossen-wheels-evo-1-3-piece-vossen","https://www.cowinmotors.com/product/vossen-wheels-evo-1-3-piece-vossen","Wheels","Vossen Wheels EVO-1 (3-Piece)","EVO 1 3 PIECE","yes","indexable: product has a usable catalog image and distinguishing product data"
"vossen-wheels-evo-2-vossen","https://www.cowinmotors.com/product/vossen-wheels-evo-2-vossen","Wheels","Vossen Wheels EVO-2","EVO 2","yes","indexable: product has a usable catalog image and distinguishing product data"
"vossen-wheels-evo-2-3-piece-vossen","https://www.cowinmotors.com/product/vossen-wheels-evo-2-3-piece-vossen","Wheels","Vossen Wheels EVO-2 (3-Piece)","EVO 2 3 PIECE","yes","indexable: product has a usable catalog image and distinguishing product data"
"vossen-wheels-evo-3-vossen","https://www.cowinmotors.com/product/vossen-wheels-evo-3-vossen","Wheels","Vossen Wheels EVO-3","EVO 3","yes","indexable: product has a usable catalog image and distinguishing product data"
"vossen-wheels-evo-3-3-piece-vossen","https://www.cowinmotors.com/product/vossen-wheels-evo-3-3-piece-vossen","Wheels","Vossen Wheels EVO-3 (3-Piece)","EVO 3 3 PIECE","yes","indexable: product has a usable catalog image and distinguishing product data"
"vossen-wheels-evo-4-vossen","https://www.cowinmotors.com/product/vossen-wheels-evo-4-vossen","Wheels","Vossen Wheels EVO-4","EVO 4","yes","indexable: product has a usable catalog image and distinguishing product data"
"vossen-wheels-evo-4-3-piece-vossen","https://www.cowinmotors.com/product/vossen-wheels-evo-4-3-piece-vossen","Wheels","Vossen Wheels EVO-4 (3-Piece)","EVO 4 3 PIECE","yes","indexable: product has a usable catalog image and distinguishing product data"
"vossen-wheels-evo-5-vossen","https://www.cowinmotors.com/product/vossen-wheels-evo-5-vossen","Wheels","Vossen Wheels EVO-5","EVO 5","yes","indexable: product has a usable catalog image and distinguishing product data"
"vossen-wheels-evo-6t-vossen","https://www.cowinmotors.com/product/vossen-wheels-evo-6t-vossen","Wheels","Vossen Wheels EVO-6T","EVO 6T","yes","indexable: product has a usable catalog image and distinguishing product data"
"vossen-wheels-evo-6t-3-piece-vossen","https://www.cowinmotors.com/product/vossen-wheels-evo-6t-3-piece-vossen","Wheels","Vossen Wheels EVO-6T (3-Piece)","EVO 6T 3PIECE","yes","indexable: product has a usable catalog image and distinguishing product data"
"vossen-wheels-evo-1r-3-piece-vossen","https://www.cowinmotors.com/product/vossen-wheels-evo-1r-3-piece-vossen","Wheels","Vossen Wheels EVO-1R (3-Piece)","EVO 1R 3 PIECE","yes","indexable: product has a usable catalog image and distinguishing product data"
"vossen-wheels-evo-2r-vossen","https://www.cowinmotors.com/product/vossen-wheels-evo-2r-vossen","Wheels","Vossen Wheels EVO-2R","EVO 2R","yes","indexable: product has a usable catalog image and distinguishing product data"
"vossen-wheels-evo-3r-vossen","https://www.cowinmotors.com/product/vossen-wheels-evo-3r-vossen","Wheels","Vossen Wheels EVO-3R","EVO 3R","yes","indexable: product has a usable catalog image and distinguishing product data"
"vossen-wheels-evo-3r-3-piece-vossen","https://www.cowinmotors.com/product/vossen-wheels-evo-3r-3-piece-vossen","Wheels","Vossen Wheels EVO-3R (3-Piece)","EVO 3R 3PIECE","yes","indexable: product has a usable catalog image and distinguishing product data"
"vossen-wheels-evo-4r-3-piece-vossen","https://www.cowinmotors.com/product/vossen-wheels-evo-4r-3-piece-vossen","Wheels","Vossen Wheels EVO-4R (3-Piece)","EVO 4R 3 PIECE","yes","indexable: product has a usable catalog image and distinguishing product data"
"vossen-wheels-evo-1r-vossen","https://www.cowinmotors.com/product/vossen-wheels-evo-1r-vossen","Wheels","Vossen Wheels EVO-1R","EVO 1R","yes","indexable: product has a usable catalog image and distinguishing product data"
"vossen-wheels-evo-2r-3-piece-vossen","https://www.cowinmotors.com/product/vossen-wheels-evo-2r-3-piece-vossen","Wheels","Vossen Wheels EVO-2R (3-Piece)","EVO 2R 3PIECE","yes","indexable: product has a usable catalog image and distinguishing product data"
"vossen-wheels-s17-01-vossen","https://www.cowinmotors.com/product/vossen-wheels-s17-01-vossen","Wheels","Vossen Wheels S17-01","S17 01","yes","indexable: product has a usable catalog image and distinguishing product data"
"vossen-wheels-s17-06-vossen","https://www.cowinmotors.com/product/vossen-wheels-s17-06-vossen","Wheels","Vossen Wheels S17-06","S17 06","yes","indexable: product has a usable catalog image and distinguishing product data"
"vossen-wheels-s17-06-3-piece-vossen","https://www.cowinmotors.com/product/vossen-wheels-s17-06-3-piece-vossen","Wheels","Vossen Wheels S17-06 (3-Piece)","S17 06 3 PIECE","yes","indexable: product has a usable catalog image and distinguishing product data"
"vossen-wheels-s17-07-vossen","https://www.cowinmotors.com/product/vossen-wheels-s17-07-vossen","Wheels","Vossen Wheels S17-07","S17 07","yes","indexable: product has a usable catalog image and distinguishing product data"
"vossen-wheels-s17-07-3-piece-vossen","https://www.cowinmotors.com/product/vossen-wheels-s17-07-3-piece-vossen","Wheels","Vossen Wheels S17-07 (3-Piece)","S17 07 3 PIECE","yes","indexable: product has a usable catalog image and distinguishing product data"
"vossen-wheels-s17-12-vossen","https://www.cowinmotors.com/product/vossen-wheels-s17-12-vossen","Wheels","Vossen Wheels S17-12","S17 12","yes","indexable: product has a usable catalog image and distinguishing product data"
"vossen-wheels-s17-11-vossen","https://www.cowinmotors.com/product/vossen-wheels-s17-11-vossen","Wheels","Vossen Wheels S17-11","S17 11","yes","indexable: product has a usable catalog image and distinguishing product data"
"vossen-wheels-s17-13-vossen","https://www.cowinmotors.com/product/vossen-wheels-s17-13-vossen","Wheels","Vossen Wheels S17-13","S17 13","yes","indexable: product has a usable catalog image and distinguishing product data"
"vossen-wheels-s17-13t-vossen","https://www.cowinmotors.com/product/vossen-wheels-s17-13t-vossen","Wheels","Vossen Wheels S17-13T","S17 13 2","yes","indexable: product has a usable catalog image and distinguishing product data"
"vossen-wheels-s17-14-vossen","https://www.cowinmotors.com/product/vossen-wheels-s17-14-vossen","Wheels","Vossen Wheels S17-14","S17 12 2","yes","indexable: product has a usable catalog image and distinguishing product data"
"vossen-wheels-s17-15t-vossen","https://www.cowinmotors.com/product/vossen-wheels-s17-15t-vossen","Wheels","Vossen Wheels S17-15T","S17 15T","yes","indexable: product has a usable catalog image and distinguishing product data"
"vossen-wheels-s17-14-3-piece-vossen","https://www.cowinmotors.com/product/vossen-wheels-s17-14-3-piece-vossen","Wheels","Vossen Wheels S17-14 (3-Piece)","S17 14 3 PIECE","yes","indexable: product has a usable catalog image and distinguishing product data"
"vossen-wheels-m-x1-3-piece-vossen","https://www.cowinmotors.com/product/vossen-wheels-m-x1-3-piece-vossen","Wheels","Vossen Wheels M-X1 (3-Piece)","M X1 3 PIECE","yes","indexable: product has a usable catalog image and distinguishing product data"
"vossen-wheels-m-x2-3-piece-vossen","https://www.cowinmotors.com/product/vossen-wheels-m-x2-3-piece-vossen","Wheels","Vossen Wheels M-X2 (3-Piece)","M X2 3 PIECE","yes","indexable: product has a usable catalog image and distinguishing product data"
"vossen-wheels-m-x4t-3-piece-vossen","https://www.cowinmotors.com/product/vossen-wheels-m-x4t-3-piece-vossen","Wheels","Vossen Wheels M-X4T (3-Piece)","M X4T 3 PIECE","yes","indexable: product has a usable catalog image and distinguishing product data"
"vossen-wheels-m-x6-3-piece-vossen","https://www.cowinmotors.com/product/vossen-wheels-m-x6-3-piece-vossen","Wheels","Vossen Wheels M-X6 (3-Piece)","M X6 3 PIECE","yes","indexable: product has a usable catalog image and distinguishing product data"
"vossen-wheels-s17-01-3-piece-vossen","https://www.cowinmotors.com/product/vossen-wheels-s17-01-3-piece-vossen","Wheels","Vossen Wheels S17-01 (3-Piece)","S17 01 3 PIECE","yes","indexable: product has a usable catalog image and distinguishing product data"
"vossen-wheels-s21-01-carbon-vossen","https://www.cowinmotors.com/product/vossen-wheels-s21-01-carbon-vossen","Wheels","Vossen Wheels S21-01 Carbon","S21 01 CARBON","yes","indexable: product has a usable catalog image and distinguishing product data"
"vossen-wheels-s21-02-vossen","https://www.cowinmotors.com/product/vossen-wheels-s21-02-vossen","Wheels","Vossen Wheels S21-02","S21 02 FORGED WHEEL","yes","indexable: product has a usable catalog image and distinguishing product data"
"vossen-wheels-s21-02-3-piece-vossen","https://www.cowinmotors.com/product/vossen-wheels-s21-02-3-piece-vossen","Wheels","Vossen Wheels S21-02 (3-Piece)","S21 02 3 PIECE","yes","indexable: product has a usable catalog image and distinguishing product data"
"vossen-wheels-s21-02-carbon-vossen","https://www.cowinmotors.com/product/vossen-wheels-s21-02-carbon-vossen","Wheels","Vossen Wheels S21-02 Carbon","S21 02 CARBON","yes","indexable: product has a usable catalog image and distinguishing product data"
"vossen-wheels-s21-03-3-piece-vossen","https://www.cowinmotors.com/product/vossen-wheels-s21-03-3-piece-vossen","Wheels","Vossen Wheels S21-03 (3-Piece)","S21 03 3 PIECE","yes","indexable: product has a usable catalog image and distinguishing product data"
"vossen-wheels-s21-03-carbon-vossen","https://www.cowinmotors.com/product/vossen-wheels-s21-03-carbon-vossen","Wheels","Vossen Wheels S21-03 Carbon","S21 03 CARBON","yes","indexable: product has a usable catalog image and distinguishing product data"
"vossen-wheels-s21-03-vossen","https://www.cowinmotors.com/product/vossen-wheels-s21-03-vossen","Wheels","Vossen Wheels S21-03","S21 03","yes","indexable: product has a usable catalog image and distinguishing product data"
"vossen-wheels-s21-07-3-piece-vossen","https://www.cowinmotors.com/product/vossen-wheels-s21-07-3-piece-vossen","Wheels","Vossen Wheels S21-07 (3-Piece)","S21 07 3 PIECE","yes","indexable: product has a usable catalog image and distinguishing product data"
"vossen-wheels-s21-07-carbon-vossen","https://www.cowinmotors.com/product/vossen-wheels-s21-07-carbon-vossen","Wheels","Vossen Wheels S21-07 Carbon","S21 07 CARBON","yes","indexable: product has a usable catalog image and distinguishing product data"
"vossen-wheels-s21-07-vossen","https://www.cowinmotors.com/product/vossen-wheels-s21-07-vossen","Wheels","Vossen Wheels S21-07","S21 07","yes","indexable: product has a usable catalog image and distinguishing product data"
"vossen-wheels-s21-08-vossen","https://www.cowinmotors.com/product/vossen-wheels-s21-08-vossen","Wheels","Vossen Wheels S21-08","S21 08","yes","indexable: product has a usable catalog image and distinguishing product data"
"vossen-wheels-s21-08-carbon-vossen","https://www.cowinmotors.com/product/vossen-wheels-s21-08-carbon-vossen","Wheels","Vossen Wheels S21-08 Carbon","S21 08 CARBON","yes","indexable: product has a usable catalog image and distinguishing product data"
"vossen-wheels-s21-11t-vossen","https://www.cowinmotors.com/product/vossen-wheels-s21-11t-vossen","Wheels","Vossen Wheels S21-11T","S21 11T","yes","indexable: product has a usable catalog image and distinguishing product data"
"vossen-wheels-s21-12-vossen","https://www.cowinmotors.com/product/vossen-wheels-s21-12-vossen","Wheels","Vossen Wheels S21-12","S21 12","yes","indexable: product has a usable catalog image and distinguishing product data"
"vossen-wheels-s21-13-3-piece-vossen","https://www.cowinmotors.com/product/vossen-wheels-s21-13-3-piece-vossen","Wheels","Vossen Wheels S21-13 (3-Piece)","S21 13 3 PIECE","yes","indexable: product has a usable catalog image and distinguishing product data"
"vossen-wheels-s21-13-vossen","https://www.cowinmotors.com/product/vossen-wheels-s21-13-vossen","Wheels","Vossen Wheels S21-13","S21 13","yes","indexable: product has a usable catalog image and distinguishing product data"
"vossen-wheels-s21-09-3-piece-vossen","https://www.cowinmotors.com/product/vossen-wheels-s21-09-3-piece-vossen","Wheels","Vossen Wheels S21-09 (3-Piece)","S21 09 3 PIECE","yes","indexable: product has a usable catalog image and distinguishing product data"
"vossen-wheels-s21-09-carbon-vossen","https://www.cowinmotors.com/product/vossen-wheels-s21-09-carbon-vossen","Wheels","Vossen Wheels S21-09 Carbon","S21 09 CARBON","yes","indexable: product has a usable catalog image and distinguishing product data"
"vossen-wheels-s17-05-vossen","https://www.cowinmotors.com/product/vossen-wheels-s17-05-vossen","Wheels","Vossen Wheels S17-05","S17 05","yes","indexable: product has a usable catalog image and distinguishing product data"
"vossen-wheels-s17-04-3-piece-vossen","https://www.cowinmotors.com/product/vossen-wheels-s17-04-3-piece-vossen","Wheels","Vossen Wheels S17-04 (3-Piece)","S17 04 3 PIECE","yes","indexable: product has a usable catalog image and distinguishing product data"
"vossen-wheels-s17-04-vossen","https://www.cowinmotors.com/product/vossen-wheels-s17-04-vossen","Wheels","Vossen Wheels S17-04","S17 04","yes","indexable: product has a usable catalog image and distinguishing product data"
"vossen-wheels-s17-16-3-piece-vossen","https://www.cowinmotors.com/product/vossen-wheels-s17-16-3-piece-vossen","Wheels","Vossen Wheels S17-16 (3-Piece)","S17 16 3 PIECE","yes","indexable: product has a usable catalog image and distinguishing product data"
"vossen-wheels-s17-16-vossen","https://www.cowinmotors.com/product/vossen-wheels-s17-16-vossen","Wheels","Vossen Wheels S17-16","S17 16","yes","indexable: product has a usable catalog image and distinguishing product data"
"vossen-wheels-s17-18-vossen","https://www.cowinmotors.com/product/vossen-wheels-s17-18-vossen","Wheels","Vossen Wheels S17-18","S17 18","yes","indexable: product has a usable catalog image and distinguishing product data"
"vossen-wheels-s17-19t-vossen","https://www.cowinmotors.com/product/vossen-wheels-s17-19t-vossen","Wheels","Vossen Wheels S17-19T","S17 19T","yes","indexable: product has a usable catalog image and distinguishing product data"
"vossen-wheels-lc3-01t-3-piece-vossen","https://www.cowinmotors.com/product/vossen-wheels-lc3-01t-3-piece-vossen","Wheels","Vossen Wheels LC3-01T (3-Piece)","LC3 01T 3 PIECE","yes","indexable: product has a usable catalog image and distinguishing product data"
"vossen-wheels-lc3-01-vossen","https://www.cowinmotors.com/product/vossen-wheels-lc3-01-vossen","Wheels","Vossen Wheels LC3-01","LC3 01","yes","indexable: product has a usable catalog image and distinguishing product data"
"vossen-wheels-lc3-01t-vossen","https://www.cowinmotors.com/product/vossen-wheels-lc3-01t-vossen","Wheels","Vossen Wheels LC3-01T","LC3 01T","yes","indexable: product has a usable catalog image and distinguishing product data"
"vossen-wheels-lc3-02-3-piece-vossen","https://www.cowinmotors.com/product/vossen-wheels-lc3-02-3-piece-vossen","Wheels","Vossen Wheels LC3-02 (3-Piece)","LC3 02 3 PIECE","yes","indexable: product has a usable catalog image and distinguishing product data"
"vossen-wheels-lc3-02-vossen","https://www.cowinmotors.com/product/vossen-wheels-lc3-02-vossen","Wheels","Vossen Wheels LC3-02","LC3 02","yes","indexable: product has a usable catalog image and distinguishing product data"
"vossen-wheels-lc3-03t-3-piece-vossen","https://www.cowinmotors.com/product/vossen-wheels-lc3-03t-3-piece-vossen","Wheels","Vossen Wheels LC3-03T (3-Piece)","LC3 03T 3 PIECE","yes","indexable: product has a usable catalog image and distinguishing product data"
"vossen-wheels-lc3-03t-vossen","https://www.cowinmotors.com/product/vossen-wheels-lc3-03t-vossen","Wheels","Vossen Wheels LC3-03T","LC3 03T","yes","indexable: product has a usable catalog image and distinguishing product data"
"vossen-wheels-lc3-04-3-piece-vossen","https://www.cowinmotors.com/product/vossen-wheels-lc3-04-3-piece-vossen","Wheels","Vossen Wheels LC3-04 (3-Piece)","LC3 04 3 PIECE","yes","indexable: product has a usable catalog image and distinguishing product data"
"vossen-wheels-lc3-04-vossen","https://www.cowinmotors.com/product/vossen-wheels-lc3-04-vossen","Wheels","Vossen Wheels LC3-04","LC3 04","yes","indexable: product has a usable catalog image and distinguishing product data"
"vossen-wheels-lc3-05-vossen","https://www.cowinmotors.com/product/vossen-wheels-lc3-05-vossen","Wheels","Vossen Wheels LC3-05","LC3 05","yes","indexable: product has a usable catalog image and distinguishing product data"
"vossen-wheels-lc3-05-3-piece-vossen","https://www.cowinmotors.com/product/vossen-wheels-lc3-05-3-piece-vossen","Wheels","Vossen Wheels LC3-05 (3-Piece)","LC3 05 3 PIECE","yes","indexable: product has a usable catalog image and distinguishing product data"
"vossen-wheels-lc3-06-vossen","https://www.cowinmotors.com/product/vossen-wheels-lc3-06-vossen","Wheels","Vossen Wheels LC3-06","LC3 06","yes","indexable: product has a usable catalog image and distinguishing product data"
"vossen-wheels-lc3-06-3-piece-vossen","https://www.cowinmotors.com/product/vossen-wheels-lc3-06-3-piece-vossen","Wheels","Vossen Wheels LC3-06 (3-Piece)","LC3 06 3 PIECE","yes","indexable: product has a usable catalog image and distinguishing product data"
"vossen-wheels-lc3-11-vossen","https://www.cowinmotors.com/product/vossen-wheels-lc3-11-vossen","Wheels","Vossen Wheels LC3-11","LC3 11","yes","indexable: product has a usable catalog image and distinguishing product data"
"vossen-wheels-lc3-11t-vossen","https://www.cowinmotors.com/product/vossen-wheels-lc3-11t-vossen","Wheels","Vossen Wheels LC3-11T","LC3 11T","yes","indexable: product has a usable catalog image and distinguishing product data"
"vossen-wheels-lc3-12-vossen","https://www.cowinmotors.com/product/vossen-wheels-lc3-12-vossen","Wheels","Vossen Wheels LC3-12","LC3 12","yes","indexable: product has a usable catalog image and distinguishing product data"
"vossen-wheels-lc3-13t-vossen","https://www.cowinmotors.com/product/vossen-wheels-lc3-13t-vossen","Wheels","Vossen Wheels LC3-13T","LC3 13T","yes","indexable: product has a usable catalog image and distinguishing product data"
"vossen-wheels-vfx-02t-vossen","https://www.cowinmotors.com/product/vossen-wheels-vfx-02t-vossen","Wheels","Vossen Wheels VFX-02T","VFX 02T","yes","indexable: product has a usable catalog image and distinguishing product data"
"vossen-wheels-vfx-04-vossen","https://www.cowinmotors.com/product/vossen-wheels-vfx-04-vossen","Wheels","Vossen Wheels VFX-04","VFX 04","yes","indexable: product has a usable catalog image and distinguishing product data"
"vossen-wheels-vfx-03-vossen","https://www.cowinmotors.com/product/vossen-wheels-vfx-03-vossen","Wheels","Vossen Wheels VFX-03","VFX 03","yes","indexable: product has a usable catalog image and distinguishing product data"
"vossen-wheels-vfx-01-vossen","https://www.cowinmotors.com/product/vossen-wheels-vfx-01-vossen","Wheels","Vossen Wheels VFX-01","VFX 01","yes","indexable: product has a usable catalog image and distinguishing product data"
"vossen-wheels-gen-01-3-piece-vossen","https://www.cowinmotors.com/product/vossen-wheels-gen-01-3-piece-vossen","Wheels","Vossen Wheels GEN-01 (3-Piece)","GEN 01 3 PIECE","yes","indexable: product has a usable catalog image and distinguishing product data"
"vossen-wheels-gen-03-3-piece-vossen","https://www.cowinmotors.com/product/vossen-wheels-gen-03-3-piece-vossen","Wheels","Vossen Wheels GEN-03 (3-piece)","GEN 03 3 PIECE","yes","indexable: product has a usable catalog image and distinguishing product data"
"vossen-wheels-gen-04-3-piece-vossen","https://www.cowinmotors.com/product/vossen-wheels-gen-04-3-piece-vossen","Wheels","Vossen Wheels GEN-04 (3-piece)","GEN 04 3 PIECE","yes","indexable: product has a usable catalog image and distinguishing product data"
"vossen-wheels-vps-5t-3-piece-vossen","https://www.cowinmotors.com/product/vossen-wheels-vps-5t-3-piece-vossen","Wheels","Vossen Wheels VPS-5T (3-Piece)","VPS 5T 3 PIECE","yes","indexable: product has a usable catalog image and distinguishing product data"
"al13-wheels-mclaren-p1-al13","https://www.cowinmotors.com/product/al13-wheels-mclaren-p1-al13","Wheels","AL13 Wheels Mclaren P1","MCLAREN P1","yes","indexable: product has a usable catalog image and distinguishing product data"
"al13-wheels-lamborghini-aventador-ultimae-al13","https://www.cowinmotors.com/product/al13-wheels-lamborghini-aventador-ultimae-al13","Wheels","AL13 Wheels Lamborghini Aventador Ultimae","LAMBORGHINI AVENTADOR ULTIMAE","yes","indexable: product has a usable catalog image and distinguishing product data"
"al13-wheels-lamborghini-aventador-s-r80-109r-al13","https://www.cowinmotors.com/product/al13-wheels-lamborghini-aventador-s-r80-109r-al13","Wheels","AL13 Wheels Lamborghini Aventador S | R80-109R","LAMBORGHINI AVENTADOR S R80 109R","yes","indexable: product has a usable catalog image and distinguishing product data"
"al13-wheels-lamborghini-aventador-sv-dt017-al13","https://www.cowinmotors.com/product/al13-wheels-lamborghini-aventador-sv-dt017-al13","Wheels","AL13 Wheels Lamborghini Aventador SV | DT017","LAMBORGHINI AVENTADOR SV 2","yes","indexable: product has a usable catalog image and distinguishing product data"
"al13-wheels-lamborghini-aventador-sv-c005r-al13","https://www.cowinmotors.com/product/al13-wheels-lamborghini-aventador-sv-c005r-al13","Wheels","AL13 Wheels Lamborghini Aventador SV | C005R","LAMBORGHINI AVENTADOR SV","yes","indexable: product has a usable catalog image and distinguishing product data"
"al13-wheels-lamborghini-aventador-s-r100-al13","https://www.cowinmotors.com/product/al13-wheels-lamborghini-aventador-s-r100-al13","Wheels","AL13 Wheels Lamborghini Aventador S | R100","LAMBORGHINI AVENTADOR S R100","yes","indexable: product has a usable catalog image and distinguishing product data"
"al13-wheels-lamborghini-aventador-r80-al13","https://www.cowinmotors.com/product/al13-wheels-lamborghini-aventador-r80-al13","Wheels","AL13 Wheels Lamborghini Aventador | R80","LAMBORGHINI AVENTADOR R80 3PC","yes","indexable: product has a usable catalog image and distinguishing product data"
"al13-wheels-lamborghini-aventador-svj-r80-al13","https://www.cowinmotors.com/product/al13-wheels-lamborghini-aventador-svj-r80-al13","Wheels","AL13 Wheels Lamborghini Aventador SVJ | R80","LAMBORGHINI AVENTADOR SVJ R80","yes","indexable: product has a usable catalog image and distinguishing product data"
"al13-wheels-lamborghini-aventador-svj-dt005-al13","https://www.cowinmotors.com/product/al13-wheels-lamborghini-aventador-svj-dt005-al13","Wheels","AL13 Wheels Lamborghini Aventador SVJ | DT005","LAMBORGHINI AVENTADOR SVJ DT005","yes","indexable: product has a usable catalog image and distinguishing product data"
"al13-wheels-lamborghini-aventador-svj-r10-al13","https://www.cowinmotors.com/product/al13-wheels-lamborghini-aventador-svj-r10-al13","Wheels","AL13 Wheels Lamborghini Aventador SVJ | R10","LAMBORGHINI AVENTADOR SVJ R10","yes","indexable: product has a usable catalog image and distinguishing product data"
"al13-wheels-lamborghini-aventador-svj-db010-al13","https://www.cowinmotors.com/product/al13-wheels-lamborghini-aventador-svj-db010-al13","Wheels","AL13 Wheels Lamborghini Aventador SVJ | DB010","LAMBORGHINI AVENTADOR SVJ DB010","yes","indexable: product has a usable catalog image and distinguishing product data"
"al13-wheels-lamborghini-aventador-svj-dc005r-al13","https://www.cowinmotors.com/product/al13-wheels-lamborghini-aventador-svj-dc005r-al13","Wheels","AL13 Wheels Lamborghini Aventador SVJ | DC005R","LAMBORGHINI AVENTADOR SVJ DC005R","yes","indexable: product has a usable catalog image and distinguishing product data"
"al13-wheels-porsche-911-997-2-carrera-s-c010r-al13","https://www.cowinmotors.com/product/al13-wheels-porsche-911-997-2-carrera-s-c010r-al13","Wheels","AL13 Wheels Porsche 911 997.2 Carrera S | C010R","PORSCHE 911 997 2 CARRERA S C010R","yes","indexable: product has a usable catalog image and distinguishing product data"
"al13-wheels-mclaren-720s-r80-109r-al13","https://www.cowinmotors.com/product/al13-wheels-mclaren-720s-r80-109r-al13","Wheels","AL13 Wheels McLaren 720s | R80-109R","MCLAREN 720S R80 109R","yes","indexable: product has a usable catalog image and distinguishing product data"
"al13-wheels-mclaren-720s-cfr10-dymag-al13","https://www.cowinmotors.com/product/al13-wheels-mclaren-720s-cfr10-dymag-al13","Wheels","AL13 Wheels McLaren 720s | CFR10 Dymag","MCLAREN 720S CFR10 DYMAG","yes","indexable: product has a usable catalog image and distinguishing product data"
"al13-wheels-mclaren-720s-dt002-al13","https://www.cowinmotors.com/product/al13-wheels-mclaren-720s-dt002-al13","Wheels","AL13 Wheels McLaren 720s | DT002","MCLAREN 720S DT002","yes","indexable: product has a usable catalog image and distinguishing product data"
"al13-wheels-ferrari-458-db008-al13","https://www.cowinmotors.com/product/al13-wheels-ferrari-458-db008-al13","Wheels","AL13 Wheels Ferrari 458 | DB008","FERRARI 458 DB008","yes","indexable: product has a usable catalog image and distinguishing product data"
"al13-wheels-mclaren-765lt-al13","https://www.cowinmotors.com/product/al13-wheels-mclaren-765lt-al13","Wheels","AL13 Wheels Mclaren 765LT","MCLAREN 765LT","yes","indexable: product has a usable catalog image and distinguishing product data"
"al13-wheels-ferrari-488-pista-db017-al13","https://www.cowinmotors.com/product/al13-wheels-ferrari-488-pista-db017-al13","Wheels","AL13 Wheels Ferrari 488 Pista | DB017","FERRARI 488 PISTA DB017","yes","indexable: product has a usable catalog image and distinguishing product data"
"al13-wheels-ferrari-812-superfast-db008-al13","https://www.cowinmotors.com/product/al13-wheels-ferrari-812-superfast-db008-al13","Wheels","AL13 Wheels Ferrari 812 Superfast | DB008","FERRARI 812 SUPERFAST DB008","yes","indexable: product has a usable catalog image and distinguishing product data"
"al13-wheels-ferrari-f8-r30-al13","https://www.cowinmotors.com/product/al13-wheels-ferrari-f8-r30-al13","Wheels","AL13 Wheels Ferrari F8 | R30","FERRARI F8 R30","yes","indexable: product has a usable catalog image and distinguishing product data"
"al13-wheels-mercedes-benz-g63-amg-c00-109r-2pc-al13","https://www.cowinmotors.com/product/al13-wheels-mercedes-benz-g63-amg-c00-109r-2pc-al13","Wheels","AL13 Wheels Mercedes Benz G63 AMG | C00-109R 2pc","MERCEDES BENZ G63 AMG C00 109R 2PC","yes","indexable: product has a usable catalog image and distinguishing product data"
"al13-wheels-mercedes-benz-s500-d008-al13","https://www.cowinmotors.com/product/al13-wheels-mercedes-benz-s500-d008-al13","Wheels","AL13 Wheels Mercedes Benz S500 | D008","MERCEDES BENZ S500 D008","yes","indexable: product has a usable catalog image and distinguishing product data"
"al13-wheels-lamborghini-aventador-sv-r100-al13","https://www.cowinmotors.com/product/al13-wheels-lamborghini-aventador-sv-r100-al13","Wheels","AL13 Wheels Lamborghini Aventador SV | R100","LAMBORGHINI AVENTADOR SV 3","yes","indexable: product has a usable catalog image and distinguishing product data"
"al13-wheels-mercedes-s580-al13-lux-04-r-al13","https://www.cowinmotors.com/product/al13-wheels-mercedes-s580-al13-lux-04-r-al13","Wheels","AL13 Wheels Mercedes S580 | AL13 LUX 04-R","MERCEDES S580 AL13 LUX 04 R","yes","indexable: product has a usable catalog image and distinguishing product data"
"al13-wheels-audi-rs6-c005r-al13","https://www.cowinmotors.com/product/al13-wheels-audi-rs6-c005r-al13","Wheels","AL13 Wheels Audi RS6 | C005R","AUDI RS6 C005R","yes","indexable: product has a usable catalog image and distinguishing product data"
"al13-wheels-mercedes-g63-amg-brabus-700-r80-109-al13","https://www.cowinmotors.com/product/al13-wheels-mercedes-g63-amg-brabus-700-r80-109-al13","Wheels","AL13 Wheels Mercedes G63 AMG Brabus 700 | R80-109","MERCEDES G63 AMG BRABUS 700 R80 109","yes","indexable: product has a usable catalog image and distinguishing product data"
"al13-wheels-ferrari-f8-r90-al13","https://www.cowinmotors.com/product/al13-wheels-ferrari-f8-r90-al13","Wheels","AL13 Wheels Ferrari F8 | R90","FERRARI F8 R90","yes","indexable: product has a usable catalog image and distinguishing product data"
"al13-wheels-lamborghini-aventador-sv-dc005r-al13","https://www.cowinmotors.com/product/al13-wheels-lamborghini-aventador-sv-dc005r-al13","Wheels","AL13 Wheels Lamborghini Aventador SV | DC005R","LAMBORGHINI AVENTADOR SV DC005R","yes","indexable: product has a usable catalog image and distinguishing product data"
"al13-wheels-porsche-gt3rs-al13","https://www.cowinmotors.com/product/al13-wheels-porsche-gt3rs-al13","Wheels","AL13 Wheels Porsche GT3RS","PORSCHE GT3RS","yes","indexable: product has a usable catalog image and distinguishing product data"
"al13-wheels-porsche-911-992-turbo-s-al13","https://www.cowinmotors.com/product/al13-wheels-porsche-911-992-turbo-s-al13","Wheels","AL13 Wheels Porsche 911 992 Turbo S","PORSCHE 911 992 TURBO S","yes","indexable: product has a usable catalog image and distinguishing product data"
"al13-wheels-ferrari-488-mansory-al13","https://www.cowinmotors.com/product/al13-wheels-ferrari-488-mansory-al13","Wheels","AL13 Wheels Ferrari 488 Mansory","FERRARI 488 MANSORY","yes","indexable: product has a usable catalog image and distinguishing product data"
"al13-wheels-range-rover-sv-al13","https://www.cowinmotors.com/product/al13-wheels-range-rover-sv-al13","Wheels","AL13 Wheels Range Rover SV","RANGE ROVER SV","yes","indexable: product has a usable catalog image and distinguishing product data"
"al13-wheels-rolls-royce-spectre-al13","https://www.cowinmotors.com/product/al13-wheels-rolls-royce-spectre-al13","Wheels","AL13 Wheels Rolls Royce Spectre","ROLLS ROYCE SPECTRE","yes","indexable: product has a usable catalog image and distinguishing product data"
"al13-wheels-lamborghini-aventador-sv-al13","https://www.cowinmotors.com/product/al13-wheels-lamborghini-aventador-sv-al13","Wheels","AL13 Wheels Lamborghini Aventador SV","LAMBORGHINI AVENTADOR SV 4","yes","indexable: product has a usable catalog image and distinguishing product data"
"al13-wheels-mercedes-benz-s65-amg-r100-al13","https://www.cowinmotors.com/product/al13-wheels-mercedes-benz-s65-amg-r100-al13","Wheels","AL13 Wheels Mercedes Benz S65 AMG | R100","MERCEDES BENZ S65 AMG R100","yes","indexable: product has a usable catalog image and distinguishing product data"
"al13-wheels-ferrari-sf90-al13","https://www.cowinmotors.com/product/al13-wheels-ferrari-sf90-al13","Wheels","AL13 Wheels Ferrari SF90","FERRARI SF90","yes","indexable: product has a usable catalog image and distinguishing product data"
"al13-wheels-mclaren-720s-al13","https://www.cowinmotors.com/product/al13-wheels-mclaren-720s-al13","Wheels","AL13 Wheels Mclaren 720s","MCLAREN 720S","yes","indexable: product has a usable catalog image and distinguishing product data"
"al13-wheels-mclaren-720s-widebody-d010-al13","https://www.cowinmotors.com/product/al13-wheels-mclaren-720s-widebody-d010-al13","Wheels","AL13 Wheels McLaren 720s Widebody | D010","MCLAREN 720S WIDEBODY DM010","yes","indexable: product has a usable catalog image and distinguishing product data"
"gian-fernandez-author-at-al13-wheels-al13","https://www.cowinmotors.com/product/gian-fernandez-author-at-al13-wheels-al13","Wheels","gian fernandez, Author at AL13 WHEELS","GIAN FWHEELIMAGE COM","no","noindex: catalog image is missing or is not a product image"
"bc-forged-na-acl51-bcforged","https://www.cowinmotors.com/product/bc-forged-na-acl51-bcforged","Wheels","BC Forged NA ACL51","ACL51","yes","indexable: product has a usable catalog image and distinguishing product data"
"bc-forged-na-eh172-bcforged","https://www.cowinmotors.com/product/bc-forged-na-eh172-bcforged","Wheels","BC Forged NA EH172","EH172","yes","indexable: product has a usable catalog image and distinguishing product data"
"brixton-forged-pf5-brixton","https://www.cowinmotors.com/product/brixton-forged-pf5-brixton","Wheels","Brixton Forged PF5","BRIXTON FORGED PF5","yes","indexable: product has a usable catalog image and distinguishing product data"
"brixton-forged-aerotech-brixton","https://www.cowinmotors.com/product/brixton-forged-aerotech-brixton","Wheels","Brixton Forged Aerotech","AEROTECH","no","noindex: catalog image is missing or is not a product image"
"brixton-forged-tr-series-brixton","https://www.cowinmotors.com/product/brixton-forged-tr-series-brixton","Wheels","Brixton Forged TR Series","TR SERIES","no","noindex: catalog image is missing or is not a product image"
"brixton-forged-cm5-r-brixton","https://www.cowinmotors.com/product/brixton-forged-cm5-r-brixton","Wheels","Brixton Forged CM5-R","BRIXTON FORGED CM5 R","yes","indexable: product has a usable catalog image and distinguishing product data"
"brixton-forged-cm6-r-brixton","https://www.cowinmotors.com/product/brixton-forged-cm6-r-brixton","Wheels","Brixton Forged CM6-R","BRIXTON FORGED CM6 R","yes","indexable: product has a usable catalog image and distinguishing product data"
"brixton-forged-r11-r-brixton","https://www.cowinmotors.com/product/brixton-forged-r11-r-brixton","Wheels","Brixton Forged R11-R","BRIXTON FORGED R11 R","yes","indexable: product has a usable catalog image and distinguishing product data"
"brixton-forged-pf7-brixton","https://www.cowinmotors.com/product/brixton-forged-pf7-brixton","Wheels","Brixton Forged PF7","BRIXTON FORGED PF7","yes","indexable: product has a usable catalog image and distinguishing product data"
"brixton-forged-vl1-brixton","https://www.cowinmotors.com/product/brixton-forged-vl1-brixton","Wheels","Brixton Forged VL1","VL1 2","yes","indexable: product has a usable catalog image and distinguishing product data"
"brixton-forged-vl2-brixton","https://www.cowinmotors.com/product/brixton-forged-vl2-brixton","Wheels","Brixton Forged VL2","BRIXTON FORGED VL2","yes","indexable: product has a usable catalog image and distinguishing product data"
"brixton-forged-vl4-brixton","https://www.cowinmotors.com/product/brixton-forged-vl4-brixton","Wheels","Brixton Forged VL4","BRIXTON FORGED VL4","yes","indexable: product has a usable catalog image and distinguishing product data"
"brixton-forged-pf2-brixton","https://www.cowinmotors.com/product/brixton-forged-pf2-brixton","Wheels","Brixton Forged PF2","BRIXTON FORGED PF2","yes","indexable: product has a usable catalog image and distinguishing product data"
"brixton-forged-pf3-brixton","https://www.cowinmotors.com/product/brixton-forged-pf3-brixton","Wheels","Brixton Forged PF3","BRIXTON FORGED PF3","yes","indexable: product has a usable catalog image and distinguishing product data"
"brixton-forged-pf4-brixton","https://www.cowinmotors.com/product/brixton-forged-pf4-brixton","Wheels","Brixton Forged PF4","BRIXTON FORGED PF4","yes","indexable: product has a usable catalog image and distinguishing product data"
"brixton-forged-pf6-brixton","https://www.cowinmotors.com/product/brixton-forged-pf6-brixton","Wheels","Brixton Forged PF6","BRIXTON FORGED PF6 2","yes","indexable: product has a usable catalog image and distinguishing product data"
"brixton-forged-pf8-brixton","https://www.cowinmotors.com/product/brixton-forged-pf8-brixton","Wheels","Brixton Forged PF8","BRIXTON FORGED PF8","yes","indexable: product has a usable catalog image and distinguishing product data"
"brixton-forged-pf9-brixton","https://www.cowinmotors.com/product/brixton-forged-pf9-brixton","Wheels","Brixton Forged PF9","BRIXTON FORGED PF9","yes","indexable: product has a usable catalog image and distinguishing product data"
"brixton-forged-pf10-brixton","https://www.cowinmotors.com/product/brixton-forged-pf10-brixton","Wheels","Brixton Forged PF10","BRIXTON FORGED PF10","yes","indexable: product has a usable catalog image and distinguishing product data"
"brixton-forged-wr8-brixton","https://www.cowinmotors.com/product/brixton-forged-wr8-brixton","Wheels","Brixton Forged WR8","BRIXTON FORGED WR8","yes","indexable: product has a usable catalog image and distinguishing product data"
"brixton-forged-hs1-brixton","https://www.cowinmotors.com/product/brixton-forged-hs1-brixton","Wheels","Brixton Forged HS1","BRIXTON FORGED HS1","yes","indexable: product has a usable catalog image and distinguishing product data"
"brixton-forged-wr3-2-brixton","https://www.cowinmotors.com/product/brixton-forged-wr3-2-brixton","Wheels","Brixton Forged WR3.2","BRIXTON FORGED WR3 2","yes","indexable: product has a usable catalog image and distinguishing product data"
"brixton-forged-tr05-brixton","https://www.cowinmotors.com/product/brixton-forged-tr05-brixton","Wheels","Brixton Forged TR05","BRIXTON FORGED TR05","yes","indexable: product has a usable catalog image and distinguishing product data"
"brixton-forged-tr06-brixton","https://www.cowinmotors.com/product/brixton-forged-tr06-brixton","Wheels","Brixton Forged TR06","BRIXTON FORGED TR06","yes","indexable: product has a usable catalog image and distinguishing product data"
"brixton-forged-tr07-brixton","https://www.cowinmotors.com/product/brixton-forged-tr07-brixton","Wheels","Brixton Forged TR07","BRIXTON FORGED TR07","yes","indexable: product has a usable catalog image and distinguishing product data"
"brixton-forged-tr08-brixton","https://www.cowinmotors.com/product/brixton-forged-tr08-brixton","Wheels","Brixton Forged TR08","BRIXTON FORGED TR08","yes","indexable: product has a usable catalog image and distinguishing product data"
"brixton-forged-tr20-brixton","https://www.cowinmotors.com/product/brixton-forged-tr20-brixton","Wheels","Brixton Forged TR20","BRIXTON FORGED TR20","yes","indexable: product has a usable catalog image and distinguishing product data"
"brixton-forged-carbon-brixton","https://www.cowinmotors.com/product/brixton-forged-carbon-brixton","Wheels","Brixton Forged Carbon+","CARBON SERIES","no","noindex: catalog image is missing or is not a product image"
"brixton-forged-forged-1-piece-monoblock-brixton","https://www.cowinmotors.com/product/brixton-forged-forged-1-piece-monoblock-brixton","Wheels","Brixton Forged Forged 1-Piece Monoblock","1 PIECE MONOBLOCK","yes","indexable: product has a usable catalog image and distinguishing product data"
"brixton-forged-rs-targa-series-brixton","https://www.cowinmotors.com/product/brixton-forged-rs-targa-series-brixton","Wheels","Brixton Forged RS Targa Series","RS TARGA SERIES","yes","indexable: product has a usable catalog image and distinguishing product data"
"brixton-forged-tr11-brixton","https://www.cowinmotors.com/product/brixton-forged-tr11-brixton","Wheels","Brixton Forged TR11","BRIXTON FORGED TR11 2","yes","indexable: product has a usable catalog image and distinguishing product data"
"brixton-forged-tr19-brixton","https://www.cowinmotors.com/product/brixton-forged-tr19-brixton","Wheels","Brixton Forged TR19","BRIXTON FORGED TR19","yes","indexable: product has a usable catalog image and distinguishing product data"
"brixton-forged-tr14-brixton","https://www.cowinmotors.com/product/brixton-forged-tr14-brixton","Wheels","Brixton Forged TR14","BRIXTON FORGED TR14","yes","indexable: product has a usable catalog image and distinguishing product data"
"brixton-forged-tr15-brixton","https://www.cowinmotors.com/product/brixton-forged-tr15-brixton","Wheels","Brixton Forged TR15","BRIXTON FORGED TR15","yes","indexable: product has a usable catalog image and distinguishing product data"
"brixton-forged-tr09-brixton","https://www.cowinmotors.com/product/brixton-forged-tr09-brixton","Wheels","Brixton Forged TR09","BRIXTON FORGED TR09","yes","indexable: product has a usable catalog image and distinguishing product data"
"brixton-forged-tr10-brixton","https://www.cowinmotors.com/product/brixton-forged-tr10-brixton","Wheels","Brixton Forged TR10","BRIXTON FORGED TR10","yes","indexable: product has a usable catalog image and distinguishing product data"
"brixton-forged-tr21-brixton","https://www.cowinmotors.com/product/brixton-forged-tr21-brixton","Wheels","Brixton Forged TR21","BRIXTON FORGED TR21","yes","indexable: product has a usable catalog image and distinguishing product data"
"brixton-forged-rs-series-brixton","https://www.cowinmotors.com/product/brixton-forged-rs-series-brixton","Wheels","Brixton Forged RS Series","RS SERIES","yes","indexable: product has a usable catalog image and distinguishing product data"
"brixton-forged-pf15-rs-brixton","https://www.cowinmotors.com/product/brixton-forged-pf15-rs-brixton","Wheels","Brixton Forged PF15 RS","BRIXTON FORGED PF15 RS","yes","indexable: product has a usable catalog image and distinguishing product data"
"brixton-forged-mw03-brixton","https://www.cowinmotors.com/product/brixton-forged-mw03-brixton","Wheels","Brixton Forged MW03","BRIXTON FORGED MW03","yes","indexable: product has a usable catalog image and distinguishing product data"
"brixton-forged-tr-series-3-piece-brixton","https://www.cowinmotors.com/product/brixton-forged-tr-series-3-piece-brixton","Wheels","Brixton Forged TR Series (3-Piece)","BRIXTON FORGED TR SERIES 3 PIECE","no","noindex: catalog image is missing or is not a product image"
"brixton-forged-3-piece-wheels-brixton","https://www.cowinmotors.com/product/brixton-forged-3-piece-wheels-brixton","Wheels","Brixton Forged 3-Piece Wheels","3 PIECE WHEELS BRIXTON FORGED","yes","indexable: product has a usable catalog image and distinguishing product data"
"brixton-forged-pf14rs-brixton","https://www.cowinmotors.com/product/brixton-forged-pf14rs-brixton","Wheels","Brixton Forged PF14RS","BRIXTON FORGED PF14 RS","yes","indexable: product has a usable catalog image and distinguishing product data"
"brixton-forged-pf13rs-brixton","https://www.cowinmotors.com/product/brixton-forged-pf13rs-brixton","Wheels","Brixton Forged PF13RS","BRIXTON FORGED PF13 RS","yes","indexable: product has a usable catalog image and distinguishing product data"
"brixton-forged-pf11rs-brixton","https://www.cowinmotors.com/product/brixton-forged-pf11rs-brixton","Wheels","Brixton Forged PF11RS","BRIXTON FORGED PF11 RS","yes","indexable: product has a usable catalog image and distinguishing product data"
"brixton-forged-pf12-rs-brixton","https://www.cowinmotors.com/product/brixton-forged-pf12-rs-brixton","Wheels","Brixton Forged PF12 RS","BRIXTON FORGED PF12 RS","yes","indexable: product has a usable catalog image and distinguishing product data"
"brixton-forged-pf20r-brixton","https://www.cowinmotors.com/product/brixton-forged-pf20r-brixton","Wheels","Brixton Forged PF20R","BRIXTON FORGED PF20 R","yes","indexable: product has a usable catalog image and distinguishing product data"
"brixton-forged-brixton-radial-forged-lamborghini-wheels-forged-rims-brixton","https://www.cowinmotors.com/product/brixton-forged-brixton-radial-forged-lamborghini-wheels-forged-rims-brixton","Wheels","Brixton Forged Brixton Radial Forged - Lamborghini Wheels - Forged Rims","RADIAL FORGED","yes","indexable: product has a usable catalog image and distinguishing product data"
"brixton-forged-fde04-brixton","https://www.cowinmotors.com/product/brixton-forged-fde04-brixton","Wheels","Brixton Forged FDE04","BRIXTON FORGED FDE04","yes","indexable: product has a usable catalog image and distinguishing product data"
"brixton-forged-fde02-brixton","https://www.cowinmotors.com/product/brixton-forged-fde02-brixton","Wheels","Brixton Forged FDE02","BRIXTON FORGED FDE02","yes","indexable: product has a usable catalog image and distinguishing product data"
"brixton-forged-fde03-brixton","https://www.cowinmotors.com/product/brixton-forged-fde03-brixton","Wheels","Brixton Forged FDE03","BRIXTON FORGED FDE03","yes","indexable: product has a usable catalog image and distinguishing product data"
"brixton-forged-fde01-brixton","https://www.cowinmotors.com/product/brixton-forged-fde01-brixton","Wheels","Brixton Forged FDE01","BRIXTON FORGED FDE01","yes","indexable: product has a usable catalog image and distinguishing product data"
"brixton-forged-fde05-carbon-brixton","https://www.cowinmotors.com/product/brixton-forged-fde05-carbon-brixton","Wheels","Brixton Forged FDE05 Carbon+","BRIXTON FORGED FDE05 CARBON DYMAG","yes","indexable: product has a usable catalog image and distinguishing product data"
"brixton-forged-fde04-carbon-brixton","https://www.cowinmotors.com/product/brixton-forged-fde04-carbon-brixton","Wheels","Brixton Forged FDE04 Carbon+","BRIXTON FORGED FDE04 CARBON DYMAG","yes","indexable: product has a usable catalog image and distinguishing product data"
"brixton-forged-fde03-carbon-dymag-brixton","https://www.cowinmotors.com/product/brixton-forged-fde03-carbon-dymag-brixton","Wheels","Brixton Forged FDE03 Carbon+ Dymag","BRIXTON FORGED FDE03 CARBON DYMAG","yes","indexable: product has a usable catalog image and distinguishing product data"
"brixton-forged-fde02-carbon-dymag-brixton","https://www.cowinmotors.com/product/brixton-forged-fde02-carbon-dymag-brixton","Wheels","Brixton Forged FDE02 Carbon+ Dymag","BRIXTON FORGED FDE02 CARBON DYMAG","yes","indexable: product has a usable catalog image and distinguishing product data"
"brixton-forged-fde01-carbon-dymag-brixton","https://www.cowinmotors.com/product/brixton-forged-fde01-carbon-dymag-brixton","Wheels","Brixton Forged FDE01 Carbon+ Dymag","BRIXTON FORGED FDE01 CARBON DYMAG","yes","indexable: product has a usable catalog image and distinguishing product data"
"brixton-forged-fde05-brixton","https://www.cowinmotors.com/product/brixton-forged-fde05-brixton","Wheels","Brixton Forged FDE05","BRIXTON FORGED FDE05","yes","indexable: product has a usable catalog image and distinguishing product data"
"brixton-forged-fde11-carbon-brixton","https://www.cowinmotors.com/product/brixton-forged-fde11-carbon-brixton","Wheels","Brixton Forged FDE11 Carbon+","BRIXTON FORGED FDE11 CARBON","yes","indexable: product has a usable catalog image and distinguishing product data"
"brixton-forged-fde11-brixton","https://www.cowinmotors.com/product/brixton-forged-fde11-brixton","Wheels","Brixton Forged FDE11","BRIXTON FORGED FDE11","yes","indexable: product has a usable catalog image and distinguishing product data"
"brixton-forged-fde01-aerotech-brixton","https://www.cowinmotors.com/product/brixton-forged-fde01-aerotech-brixton","Wheels","Brixton Forged FDE01 Aerotech","BRIXTON FORGED FDE01 AEROTECH VENTED","yes","indexable: product has a usable catalog image and distinguishing product data"
"brixton-forged-fde02-aerotech-brixton","https://www.cowinmotors.com/product/brixton-forged-fde02-aerotech-brixton","Wheels","Brixton Forged FDE02 Aerotech","BRIXTON FORGED FDE02 AEROTECH","yes","indexable: product has a usable catalog image and distinguishing product data"
"brixton-forged-fde03-aerotech-brixton","https://www.cowinmotors.com/product/brixton-forged-fde03-aerotech-brixton","Wheels","Brixton Forged FDE03 Aerotech","BRIXTON FORGED FDE03 AEROTECH","yes","indexable: product has a usable catalog image and distinguishing product data"
"brixton-forged-fde04-aerotech-brixton","https://www.cowinmotors.com/product/brixton-forged-fde04-aerotech-brixton","Wheels","Brixton Forged FDE04 Aerotech","BRIXTON FORGED FDE04 AEROTECH","yes","indexable: product has a usable catalog image and distinguishing product data"
"brixton-forged-fde05-aerotech-brixton","https://www.cowinmotors.com/product/brixton-forged-fde05-aerotech-brixton","Wheels","Brixton Forged FDE05 Aerotech","BRIXTON FORGED FDE05 AEROTECH","yes","indexable: product has a usable catalog image and distinguishing product data"
"brixton-forged-fde11-aerotech-brixton","https://www.cowinmotors.com/product/brixton-forged-fde11-aerotech-brixton","Wheels","Brixton Forged FDE11 Aerotech","BRIXTON FORGED FDE11 AEROTECH","yes","indexable: product has a usable catalog image and distinguishing product data"
"brixton-forged-fde06-brixton","https://www.cowinmotors.com/product/brixton-forged-fde06-brixton","Wheels","Brixton Forged FDE06","BRIXTON FORGED FDE06","yes","indexable: product has a usable catalog image and distinguishing product data"
"brixton-forged-fde06-carbon-brixton","https://www.cowinmotors.com/product/brixton-forged-fde06-carbon-brixton","Wheels","Brixton Forged FDE06 Carbon+","BRIXTON FORGED FDE06 CARBON","yes","indexable: product has a usable catalog image and distinguishing product data"
"brixton-forged-fde06-aerotech-brixton","https://www.cowinmotors.com/product/brixton-forged-fde06-aerotech-brixton","Wheels","Brixton Forged FDE06 Aerotech","BRIXTON FORGED FDE06 AEROTECH","yes","indexable: product has a usable catalog image and distinguishing product data"
"brixton-forged-forged-wheels-brixton","https://www.cowinmotors.com/product/brixton-forged-forged-wheels-brixton","Wheels","Brixton Forged Forged Wheels","BRIXTON FORGED TR SERIES 2","yes","indexable: product has a usable catalog image and distinguishing product data"
"brixton-forged-luxury-wheels-brixton","https://www.cowinmotors.com/product/brixton-forged-luxury-wheels-brixton","Wheels","Brixton Forged Luxury Wheels","LUXURY COLLECTION ROLLS ROYCE WHEELS","yes","indexable: product has a usable catalog image and distinguishing product data"
"hre-wheels-series-hx1-hx100-hre","https://www.cowinmotors.com/product/hre-wheels-series-hx1-hx100-hre","Wheels","HRE Wheels Series HX1 - HX100","HX100","yes","indexable: product has a usable catalog image and distinguishing product data"
"hre-wheels-series-hx1-hx101-hre","https://www.cowinmotors.com/product/hre-wheels-series-hx1-hx101-hre","Wheels","HRE Wheels Series HX1 - HX101","HX101","yes","indexable: product has a usable catalog image and distinguishing product data"
"hre-wheels-series-hx1-hx104-hre","https://www.cowinmotors.com/product/hre-wheels-series-hx1-hx104-hre","Wheels","HRE Wheels Series HX1 - HX104","HX104","yes","indexable: product has a usable catalog image and distinguishing product data"
"hre-wheels-series-hx1-hx107-hre","https://www.cowinmotors.com/product/hre-wheels-series-hx1-hx107-hre","Wheels","HRE Wheels Series HX1 - HX107","HX107","yes","indexable: product has a usable catalog image and distinguishing product data"
"hre-wheels-vintage-crbn-series-517-crbn-hre","https://www.cowinmotors.com/product/hre-wheels-vintage-crbn-series-517-crbn-hre","Wheels","HRE Wheels Vintage CRBN Series - 517 CRBN","517 CRBN","yes","indexable: product has a usable catalog image and distinguishing product data"
"hre-wheels-vintage-crbn-series-501-crbn-hre","https://www.cowinmotors.com/product/hre-wheels-vintage-crbn-series-501-crbn-hre","Wheels","HRE Wheels Vintage CRBN Series - 501 CRBN","501 CRBN","yes","indexable: product has a usable catalog image and distinguishing product data"
"hre-wheels-vintage-crbn-series-454-crbn-hre","https://www.cowinmotors.com/product/hre-wheels-vintage-crbn-series-454-crbn-hre","Wheels","HRE Wheels Vintage CRBN Series - 454 CRBN","454 CRBN","yes","indexable: product has a usable catalog image and distinguishing product data"
"hre-wheels-vintage-crbn-series-935-crbn-hre","https://www.cowinmotors.com/product/hre-wheels-vintage-crbn-series-935-crbn-hre","Wheels","HRE Wheels Vintage CRBN Series - 935 CRBN","935 CRBN","yes","indexable: product has a usable catalog image and distinguishing product data"
"hre-wheels-vintage-crbn-series-505-crbn-hre","https://www.cowinmotors.com/product/hre-wheels-vintage-crbn-series-505-crbn-hre","Wheels","HRE Wheels Vintage CRBN Series - 505 CRBN","505 CRBN","yes","indexable: product has a usable catalog image and distinguishing product data"
"hre-wheels-classic-crbn-series-300-crbn-hre","https://www.cowinmotors.com/product/hre-wheels-classic-crbn-series-300-crbn-hre","Wheels","HRE Wheels Classic CRBN Series - 300 CRBN","300 CRBN","yes","indexable: product has a usable catalog image and distinguishing product data"
"hre-wheels-classic-crbn-series-301-crbn-hre","https://www.cowinmotors.com/product/hre-wheels-classic-crbn-series-301-crbn-hre","Wheels","HRE Wheels Classic CRBN Series - 301 CRBN","301 CRBN","yes","indexable: product has a usable catalog image and distinguishing product data"
"hre-wheels-classic-crbn-series-303-crbn-hre","https://www.cowinmotors.com/product/hre-wheels-classic-crbn-series-303-crbn-hre","Wheels","HRE Wheels Classic CRBN Series - 303 CRBN","303 CRBN","yes","indexable: product has a usable catalog image and distinguishing product data"
"hre-wheels-classic-crbn-series-305-crbn-hre","https://www.cowinmotors.com/product/hre-wheels-classic-crbn-series-305-crbn-hre","Wheels","HRE Wheels Classic CRBN Series - 305 CRBN","305 CRBN","yes","indexable: product has a usable catalog image and distinguishing product data"
"hre-wheels-classic-crbn-series-309-crbn-hre","https://www.cowinmotors.com/product/hre-wheels-classic-crbn-series-309-crbn-hre","Wheels","HRE Wheels Classic CRBN Series - 309 CRBN","309 CRBN","yes","indexable: product has a usable catalog image and distinguishing product data"
"hre-wheels-520-crbn-series-520-crbn-hre","https://www.cowinmotors.com/product/hre-wheels-520-crbn-series-520-crbn-hre","Wheels","HRE Wheels 520 CRBN Series - 520 CRBN","520 CRBN","yes","indexable: product has a usable catalog image and distinguishing product data"
"hre-wheels-520-crbn-series-521-crbn-hre","https://www.cowinmotors.com/product/hre-wheels-520-crbn-series-521-crbn-hre","Wheels","HRE Wheels 520 CRBN Series - 521 CRBN","521 CRBN","yes","indexable: product has a usable catalog image and distinguishing product data"
"hre-wheels-520-crbn-series-522-crbn-hre","https://www.cowinmotors.com/product/hre-wheels-520-crbn-series-522-crbn-hre","Wheels","HRE Wheels 520 CRBN Series - 522 CRBN","522 CRBN","yes","indexable: product has a usable catalog image and distinguishing product data"
"hre-wheels-520-crbn-series-527-crbn-hre","https://www.cowinmotors.com/product/hre-wheels-520-crbn-series-527-crbn-hre","Wheels","HRE Wheels 520 CRBN Series - 527 CRBN","527 CRBN","yes","indexable: product has a usable catalog image and distinguishing product data"
"hre-wheels-520-crbn-series-528-crbn-hre","https://www.cowinmotors.com/product/hre-wheels-520-crbn-series-528-crbn-hre","Wheels","HRE Wheels 520 CRBN Series - 528 CRBN","528 CRBN","yes","indexable: product has a usable catalog image and distinguishing product data"
"hre-wheels-series-l1-l103m-hre","https://www.cowinmotors.com/product/hre-wheels-series-l1-l103m-hre","Wheels","HRE Wheels Series L1 - L103M","L103M","yes","indexable: product has a usable catalog image and distinguishing product data"
"hre-wheels-series-l1-l105m-hre","https://www.cowinmotors.com/product/hre-wheels-series-l1-l105m-hre","Wheels","HRE Wheels Series L1 - L105M","L105M","yes","indexable: product has a usable catalog image and distinguishing product data"
"hre-wheels-series-l1-l108m-hre","https://www.cowinmotors.com/product/hre-wheels-series-l1-l108m-hre","Wheels","HRE Wheels Series L1 - L108M","L108M","yes","indexable: product has a usable catalog image and distinguishing product data"
"hre-wheels-series-l1-l109m-hre","https://www.cowinmotors.com/product/hre-wheels-series-l1-l109m-hre","Wheels","HRE Wheels Series L1 - L109M","L109M","yes","indexable: product has a usable catalog image and distinguishing product data"
"hre-wheels-series-s1sc-s101sc-hre","https://www.cowinmotors.com/product/hre-wheels-series-s1sc-s101sc-hre","Wheels","HRE Wheels Series S1SC - S101SC","S101SC","yes","indexable: product has a usable catalog image and distinguishing product data"
"hre-wheels-series-s1sc-s104sc-hre","https://www.cowinmotors.com/product/hre-wheels-series-s1sc-s104sc-hre","Wheels","HRE Wheels Series S1SC - S104SC","S104SC","yes","indexable: product has a usable catalog image and distinguishing product data"
"hre-wheels-series-s1sc-s107sc-hre","https://www.cowinmotors.com/product/hre-wheels-series-s1sc-s107sc-hre","Wheels","HRE Wheels Series S1SC - S107SC","S107SC","yes","indexable: product has a usable catalog image and distinguishing product data"
"hre-wheels-series-s1sc-s111sc-hre","https://www.cowinmotors.com/product/hre-wheels-series-s1sc-s111sc-hre","Wheels","HRE Wheels Series S1SC - S111SC","S111SC","yes","indexable: product has a usable catalog image and distinguishing product data"
"hre-wheels-series-s1-s101-hre","https://www.cowinmotors.com/product/hre-wheels-series-s1-s101-hre","Wheels","HRE Wheels Series S1 - S101","S101","yes","indexable: product has a usable catalog image and distinguishing product data"
"hre-wheels-series-s1-s104-hre","https://www.cowinmotors.com/product/hre-wheels-series-s1-s104-hre","Wheels","HRE Wheels Series S1 - S104","S104","yes","indexable: product has a usable catalog image and distinguishing product data"
"hre-wheels-series-s1-s107-hre","https://www.cowinmotors.com/product/hre-wheels-series-s1-s107-hre","Wheels","HRE Wheels Series S1 - S107","S107","yes","indexable: product has a usable catalog image and distinguishing product data"
"hre-wheels-series-s2h-s200h-hre","https://www.cowinmotors.com/product/hre-wheels-series-s2h-s200h-hre","Wheels","HRE Wheels Series S2H - S200H","S200H","yes","indexable: product has a usable catalog image and distinguishing product data"
"hre-wheels-series-s2h-s201h-hre","https://www.cowinmotors.com/product/hre-wheels-series-s2h-s201h-hre","Wheels","HRE Wheels Series S2H - S201H","S201H","yes","indexable: product has a usable catalog image and distinguishing product data"
"hre-wheels-series-s2h-s204h-hre","https://www.cowinmotors.com/product/hre-wheels-series-s2h-s204h-hre","Wheels","HRE Wheels Series S2H - S204H","S204H","yes","indexable: product has a usable catalog image and distinguishing product data"
"hre-wheels-series-s2h-s207h-hre","https://www.cowinmotors.com/product/hre-wheels-series-s2h-s207h-hre","Wheels","HRE Wheels Series S2H - S207H","S207H","yes","indexable: product has a usable catalog image and distinguishing product data"
"hre-wheels-series-s2h-s267h-hre","https://www.cowinmotors.com/product/hre-wheels-series-s2h-s267h-hre","Wheels","HRE Wheels Series S2H - S267H","S267H","yes","indexable: product has a usable catalog image and distinguishing product data"
"hre-wheels-series-s2h-s209h-hre","https://www.cowinmotors.com/product/hre-wheels-series-s2h-s209h-hre","Wheels","HRE Wheels Series S2H - S209H","S209H","yes","indexable: product has a usable catalog image and distinguishing product data"
"hre-wheels-series-s2-s200-hre","https://www.cowinmotors.com/product/hre-wheels-series-s2-s200-hre","Wheels","HRE Wheels Series S2 - S200","S200","yes","indexable: product has a usable catalog image and distinguishing product data"
"hre-wheels-series-s2-s201-hre","https://www.cowinmotors.com/product/hre-wheels-series-s2-s201-hre","Wheels","HRE Wheels Series S2 - S201","S201","yes","indexable: product has a usable catalog image and distinguishing product data"
"hre-wheels-series-s2-s204-hre","https://www.cowinmotors.com/product/hre-wheels-series-s2-s204-hre","Wheels","HRE Wheels Series S2 - S204","S204","yes","indexable: product has a usable catalog image and distinguishing product data"
"hre-wheels-series-s2-s207-hre","https://www.cowinmotors.com/product/hre-wheels-series-s2-s207-hre","Wheels","HRE Wheels Series S2 - S207","S207","yes","indexable: product has a usable catalog image and distinguishing product data"
"hre-wheels-series-s2-s209-hre","https://www.cowinmotors.com/product/hre-wheels-series-s2-s209-hre","Wheels","HRE Wheels Series S2 - S209","S209","yes","indexable: product has a usable catalog image and distinguishing product data"
"hre-wheels-series-p3-p301-hre","https://www.cowinmotors.com/product/hre-wheels-series-p3-p301-hre","Wheels","HRE Wheels Series P3 - P301","P301","yes","indexable: product has a usable catalog image and distinguishing product data"
"hre-wheels-series-p2-p200-hre","https://www.cowinmotors.com/product/hre-wheels-series-p2-p200-hre","Wheels","HRE Wheels Series P2 - P200","P200","yes","indexable: product has a usable catalog image and distinguishing product data"
"hre-wheels-series-p2-p201-hre","https://www.cowinmotors.com/product/hre-wheels-series-p2-p201-hre","Wheels","HRE Wheels Series P2 - P201","P201","yes","indexable: product has a usable catalog image and distinguishing product data"
"hre-wheels-series-p2-p204-hre","https://www.cowinmotors.com/product/hre-wheels-series-p2-p204-hre","Wheels","HRE Wheels Series P2 - P204","P204","yes","indexable: product has a usable catalog image and distinguishing product data"
"hre-wheels-series-p2-p207-hre","https://www.cowinmotors.com/product/hre-wheels-series-p2-p207-hre","Wheels","HRE Wheels Series P2 - P207","P207","yes","indexable: product has a usable catalog image and distinguishing product data"
"hre-wheels-series-p1sc-p101sc-hre","https://www.cowinmotors.com/product/hre-wheels-series-p1sc-p101sc-hre","Wheels","HRE Wheels Series P1SC - P101SC","P101SC","yes","indexable: product has a usable catalog image and distinguishing product data"
"hre-wheels-series-p1sc-p103sc-hre","https://www.cowinmotors.com/product/hre-wheels-series-p1sc-p103sc-hre","Wheels","HRE Wheels Series P1SC - P103SC","P103SC","yes","indexable: product has a usable catalog image and distinguishing product data"
"hre-wheels-series-p1sc-p104sc-hre","https://www.cowinmotors.com/product/hre-wheels-series-p1sc-p104sc-hre","Wheels","HRE Wheels Series P1SC - P104SC","P104SC","yes","indexable: product has a usable catalog image and distinguishing product data"
"hre-wheels-series-p1sc-p107sc-hre","https://www.cowinmotors.com/product/hre-wheels-series-p1sc-p107sc-hre","Wheels","HRE Wheels Series P1SC - P107SC","P107SC","yes","indexable: product has a usable catalog image and distinguishing product data"
"hre-wheels-series-p1sc-p111sc-hre","https://www.cowinmotors.com/product/hre-wheels-series-p1sc-p111sc-hre","Wheels","HRE Wheels Series P1SC - P111SC","P111SC","yes","indexable: product has a usable catalog image and distinguishing product data"
"hre-wheels-series-p1sc-p161sc-hre","https://www.cowinmotors.com/product/hre-wheels-series-p1sc-p161sc-hre","Wheels","HRE Wheels Series P1SC - P161SC","P161SC","yes","indexable: product has a usable catalog image and distinguishing product data"
"hre-wheels-series-p1-p101-hre","https://www.cowinmotors.com/product/hre-wheels-series-p1-p101-hre","Wheels","HRE Wheels Series P1 - P101","P101","yes","indexable: product has a usable catalog image and distinguishing product data"
"hre-wheels-series-p1-p103-hre","https://www.cowinmotors.com/product/hre-wheels-series-p1-p103-hre","Wheels","HRE Wheels Series P1 - P103","P103","yes","indexable: product has a usable catalog image and distinguishing product data"
"hre-wheels-series-p1-p104-hre","https://www.cowinmotors.com/product/hre-wheels-series-p1-p104-hre","Wheels","HRE Wheels Series P1 - P104","P104","yes","indexable: product has a usable catalog image and distinguishing product data"
"hre-wheels-series-p1-p107-hre","https://www.cowinmotors.com/product/hre-wheels-series-p1-p107-hre","Wheels","HRE Wheels Series P1 - P107","P107","yes","indexable: product has a usable catalog image and distinguishing product data"
"hre-wheels-series-p1-p106-hre","https://www.cowinmotors.com/product/hre-wheels-series-p1-p106-hre","Wheels","HRE Wheels Series P1 - P106","P106","yes","indexable: product has a usable catalog image and distinguishing product data"
"hre-wheels-series-p1-p161-hre","https://www.cowinmotors.com/product/hre-wheels-series-p1-p161-hre","Wheels","HRE Wheels Series P1 - P161","P161","yes","indexable: product has a usable catalog image and distinguishing product data"
"hre-wheels-series-r1-r101-hre","https://www.cowinmotors.com/product/hre-wheels-series-r1-r101-hre","Wheels","HRE Wheels Series R1 - R101","R101","yes","indexable: product has a usable catalog image and distinguishing product data"
"hre-wheels-series-r1-r101-lightweight-hre","https://www.cowinmotors.com/product/hre-wheels-series-r1-r101-lightweight-hre","Wheels","HRE Wheels Series R1 - R101 Lightweight","R101 LIGHTWEIGHT","yes","indexable: product has a usable catalog image and distinguishing product data"
"hre-wheels-series-r1-r161-lightweight-hre","https://www.cowinmotors.com/product/hre-wheels-series-r1-r161-lightweight-hre","Wheels","HRE Wheels Series R1 - R161 Lightweight","R161 LIGHTWEIGHT","yes","indexable: product has a usable catalog image and distinguishing product data"
"hre-wheels-series-rc1-rc100-hre","https://www.cowinmotors.com/product/hre-wheels-series-rc1-rc100-hre","Wheels","HRE Wheels Series RC1 - RC100","RC100","yes","indexable: product has a usable catalog image and distinguishing product data"
"hre-wheels-series-rc1-rc103-hre","https://www.cowinmotors.com/product/hre-wheels-series-rc1-rc103-hre","Wheels","HRE Wheels Series RC1 - RC103","RC103","yes","indexable: product has a usable catalog image and distinguishing product data"
"hre-wheels-series-rc1-rc104-hre","https://www.cowinmotors.com/product/hre-wheels-series-rc1-rc104-hre","Wheels","HRE Wheels Series RC1 - RC104","RC104","yes","indexable: product has a usable catalog image and distinguishing product data"
"hre-wheels-vintage-gt-series-037-gtm-hre","https://www.cowinmotors.com/product/hre-wheels-vintage-gt-series-037-gtm-hre","Wheels","HRE Wheels Vintage GT Series - 037 GTM","037 GTM","yes","indexable: product has a usable catalog image and distinguishing product data"
"hre-wheels-vintage-gt-series-454-gtm-hre","https://www.cowinmotors.com/product/hre-wheels-vintage-gt-series-454-gtm-hre","Wheels","HRE Wheels Vintage GT Series - 454 GTM","454 GTM","yes","indexable: product has a usable catalog image and distinguishing product data"
"hre-wheels-vintage-gt-series-500-gtm-hre","https://www.cowinmotors.com/product/hre-wheels-vintage-gt-series-500-gtm-hre","Wheels","HRE Wheels Vintage GT Series - 500 GTM","500 GTM","yes","indexable: product has a usable catalog image and distinguishing product data"
"hre-wheels-vintage-gt-series-501-gtm-hre","https://www.cowinmotors.com/product/hre-wheels-vintage-gt-series-501-gtm-hre","Wheels","HRE Wheels Vintage GT Series - 501 GTM","501 GTM","yes","indexable: product has a usable catalog image and distinguishing product data"
"hre-wheels-vintage-gt-series-515-gtm-hre","https://www.cowinmotors.com/product/hre-wheels-vintage-gt-series-515-gtm-hre","Wheels","HRE Wheels Vintage GT Series - 515 GTM","515 GTM","yes","indexable: product has a usable catalog image and distinguishing product data"
"hre-wheels-vintage-gt-series-555-gtm-hre","https://www.cowinmotors.com/product/hre-wheels-vintage-gt-series-555-gtm-hre","Wheels","HRE Wheels Vintage GT Series - 555 GTM","555 GTM","yes","indexable: product has a usable catalog image and distinguishing product data"
"hre-wheels-vintage-series-517-hre","https://www.cowinmotors.com/product/hre-wheels-vintage-series-517-hre","Wheels","HRE Wheels Vintage Series - 517","517","yes","indexable: product has a usable catalog image and distinguishing product data"
"hre-wheels-vintage-series-517k-hre","https://www.cowinmotors.com/product/hre-wheels-vintage-series-517k-hre","Wheels","HRE Wheels Vintage Series - 517K","517K","yes","indexable: product has a usable catalog image and distinguishing product data"
"hre-wheels-vintage-series-501-hre","https://www.cowinmotors.com/product/hre-wheels-vintage-series-501-hre","Wheels","HRE Wheels Vintage Series - 501","501","yes","indexable: product has a usable catalog image and distinguishing product data"
"hre-wheels-vintage-series-935-hre","https://www.cowinmotors.com/product/hre-wheels-vintage-series-935-hre","Wheels","HRE Wheels Vintage Series - 935","935","yes","indexable: product has a usable catalog image and distinguishing product data"
"hre-wheels-vintage-series-505-hre","https://www.cowinmotors.com/product/hre-wheels-vintage-series-505-hre","Wheels","HRE Wheels Vintage Series - 505","505","yes","indexable: product has a usable catalog image and distinguishing product data"
"hre-wheels-vintage-series-454-hre","https://www.cowinmotors.com/product/hre-wheels-vintage-series-454-hre","Wheels","HRE Wheels Vintage Series - 454","454","yes","indexable: product has a usable catalog image and distinguishing product data"
"hre-wheels-vintage-series-501m-hre","https://www.cowinmotors.com/product/hre-wheels-vintage-series-501m-hre","Wheels","HRE Wheels Vintage Series - 501M","501M","yes","indexable: product has a usable catalog image and distinguishing product data"
"hre-wheels-vintage-series-935m-hre","https://www.cowinmotors.com/product/hre-wheels-vintage-series-935m-hre","Wheels","HRE Wheels Vintage Series - 935M","935M","yes","indexable: product has a usable catalog image and distinguishing product data"
"hre-wheels-vintage-series-505m-hre","https://www.cowinmotors.com/product/hre-wheels-vintage-series-505m-hre","Wheels","HRE Wheels Vintage Series - 505M","505M","yes","indexable: product has a usable catalog image and distinguishing product data"
"hre-wheels-classic-gt-series-300-gt-hre","https://www.cowinmotors.com/product/hre-wheels-classic-gt-series-300-gt-hre","Wheels","HRE Wheels Classic GT Series - 300 GT","300 GT","yes","indexable: product has a usable catalog image and distinguishing product data"
"hre-wheels-classic-gt-series-305-gt-hre","https://www.cowinmotors.com/product/hre-wheels-classic-gt-series-305-gt-hre","Wheels","HRE Wheels Classic GT Series - 305 GT","305 GT","yes","indexable: product has a usable catalog image and distinguishing product data"
"hre-wheels-classic-gt-series-306-gt-hre","https://www.cowinmotors.com/product/hre-wheels-classic-gt-series-306-gt-hre","Wheels","HRE Wheels Classic GT Series - 306 GT","306 GT","yes","indexable: product has a usable catalog image and distinguishing product data"
"hre-wheels-classic-gt-series-307-gt-hre","https://www.cowinmotors.com/product/hre-wheels-classic-gt-series-307-gt-hre","Wheels","HRE Wheels Classic GT Series - 307 GT","307 GT","yes","indexable: product has a usable catalog image and distinguishing product data"
"hre-wheels-classic-gt-series-312-gt-hre","https://www.cowinmotors.com/product/hre-wheels-classic-gt-series-312-gt-hre","Wheels","HRE Wheels Classic GT Series - 312 GT","312 GT","yes","indexable: product has a usable catalog image and distinguishing product data"
"hre-wheels-classic-gt-series-313-gt-hre","https://www.cowinmotors.com/product/hre-wheels-classic-gt-series-313-gt-hre","Wheels","HRE Wheels Classic GT Series - 313 GT","313 GT","yes","indexable: product has a usable catalog image and distinguishing product data"
"hre-wheels-classic-gts-series-300-gts-hre","https://www.cowinmotors.com/product/hre-wheels-classic-gts-series-300-gts-hre","Wheels","HRE Wheels Classic GTS Series - 300 GTS","300 GTS","yes","indexable: product has a usable catalog image and distinguishing product data"
"hre-wheels-classic-gts-series-305-gts-hre","https://www.cowinmotors.com/product/hre-wheels-classic-gts-series-305-gts-hre","Wheels","HRE Wheels Classic GTS Series - 305 GTS","305 GTS","yes","indexable: product has a usable catalog image and distinguishing product data"
"hre-wheels-classic-gts-series-306-gts-hre","https://www.cowinmotors.com/product/hre-wheels-classic-gts-series-306-gts-hre","Wheels","HRE Wheels Classic GTS Series - 306 GTS","306 GTS","yes","indexable: product has a usable catalog image and distinguishing product data"
"hre-wheels-classic-gts-series-307-gts-hre","https://www.cowinmotors.com/product/hre-wheels-classic-gts-series-307-gts-hre","Wheels","HRE Wheels Classic GTS Series - 307 GTS","307 GTS","yes","indexable: product has a usable catalog image and distinguishing product data"
"hre-wheels-classic-gts-series-312-gts-hre","https://www.cowinmotors.com/product/hre-wheels-classic-gts-series-312-gts-hre","Wheels","HRE Wheels Classic GTS Series - 312 GTS","312 GTS","yes","indexable: product has a usable catalog image and distinguishing product data"
"hre-wheels-classic-gts-series-313-gts-hre","https://www.cowinmotors.com/product/hre-wheels-classic-gts-series-313-gts-hre","Wheels","HRE Wheels Classic GTS Series - 313 GTS","313 GTS","yes","indexable: product has a usable catalog image and distinguishing product data"
"hre-wheels-classic-series-300-hre","https://www.cowinmotors.com/product/hre-wheels-classic-series-300-hre","Wheels","HRE Wheels Classic Series - 300","300","yes","indexable: product has a usable catalog image and distinguishing product data"
"hre-wheels-classic-series-301-hre","https://www.cowinmotors.com/product/hre-wheels-classic-series-301-hre","Wheels","HRE Wheels Classic Series - 301","301","yes","indexable: product has a usable catalog image and distinguishing product data"
"hre-wheels-classic-series-305-hre","https://www.cowinmotors.com/product/hre-wheels-classic-series-305-hre","Wheels","HRE Wheels Classic Series - 305","305","yes","indexable: product has a usable catalog image and distinguishing product data"
"hre-wheels-classic-series-309-hre","https://www.cowinmotors.com/product/hre-wheels-classic-series-309-hre","Wheels","HRE Wheels Classic Series - 309","309","yes","indexable: product has a usable catalog image and distinguishing product data"
"hre-wheels-classic-series-300m-hre","https://www.cowinmotors.com/product/hre-wheels-classic-series-300m-hre","Wheels","HRE Wheels Classic Series - 300M","300M","yes","indexable: product has a usable catalog image and distinguishing product data"
"hre-wheels-classic-series-301m-hre","https://www.cowinmotors.com/product/hre-wheels-classic-series-301m-hre","Wheels","HRE Wheels Classic Series - 301M","301M","yes","indexable: product has a usable catalog image and distinguishing product data"
"hre-wheels-classic-series-303m-hre","https://www.cowinmotors.com/product/hre-wheels-classic-series-303m-hre","Wheels","HRE Wheels Classic Series - 303M","303M","yes","indexable: product has a usable catalog image and distinguishing product data"
"hre-wheels-classic-series-305m-hre","https://www.cowinmotors.com/product/hre-wheels-classic-series-305m-hre","Wheels","HRE Wheels Classic Series - 305M","305M","yes","indexable: product has a usable catalog image and distinguishing product data"
"hre-wheels-classic-series-309m-hre","https://www.cowinmotors.com/product/hre-wheels-classic-series-309m-hre","Wheels","HRE Wheels Classic Series - 309M","309M","yes","indexable: product has a usable catalog image and distinguishing product data"
"hre-wheels-520-series-520-hre","https://www.cowinmotors.com/product/hre-wheels-520-series-520-hre","Wheels","HRE Wheels 520 Series - 520","520","yes","indexable: product has a usable catalog image and distinguishing product data"
"hre-wheels-520-series-521-hre","https://www.cowinmotors.com/product/hre-wheels-520-series-521-hre","Wheels","HRE Wheels 520 Series - 521","521","yes","indexable: product has a usable catalog image and distinguishing product data"
"hre-wheels-520-series-522-hre","https://www.cowinmotors.com/product/hre-wheels-520-series-522-hre","Wheels","HRE Wheels 520 Series - 522","522","yes","indexable: product has a usable catalog image and distinguishing product data"
"hre-wheels-520-series-527-hre","https://www.cowinmotors.com/product/hre-wheels-520-series-527-hre","Wheels","HRE Wheels 520 Series - 527","527","yes","indexable: product has a usable catalog image and distinguishing product data"
"hre-wheels-520-series-528-hre","https://www.cowinmotors.com/product/hre-wheels-520-series-528-hre","Wheels","HRE Wheels 520 Series - 528","528","yes","indexable: product has a usable catalog image and distinguishing product data"
"hre-wheels-520-series-520m-hre","https://www.cowinmotors.com/product/hre-wheels-520-series-520m-hre","Wheels","HRE Wheels 520 Series - 520M","520M","yes","indexable: product has a usable catalog image and distinguishing product data"
"hre-wheels-520-series-521m-hre","https://www.cowinmotors.com/product/hre-wheels-520-series-521m-hre","Wheels","HRE Wheels 520 Series - 521M","521M","yes","indexable: product has a usable catalog image and distinguishing product data"
"hre-wheels-520-series-522m-hre","https://www.cowinmotors.com/product/hre-wheels-520-series-522m-hre","Wheels","HRE Wheels 520 Series - 522M","522M","yes","indexable: product has a usable catalog image and distinguishing product data"
"hre-wheels-520-series-527m-hre","https://www.cowinmotors.com/product/hre-wheels-520-series-527m-hre","Wheels","HRE Wheels 520 Series - 527M","527M","yes","indexable: product has a usable catalog image and distinguishing product data"
"hre-wheels-520-series-528m-hre","https://www.cowinmotors.com/product/hre-wheels-520-series-528m-hre","Wheels","HRE Wheels 520 Series - 528M","528M","yes","indexable: product has a usable catalog image and distinguishing product data"
"hre-wheels-muscle-series-427m-hre","https://www.cowinmotors.com/product/hre-wheels-muscle-series-427m-hre","Wheels","HRE Wheels Muscle Series - 427M","427M","yes","indexable: product has a usable catalog image and distinguishing product data"
"hre-wheels-muscle-series-427-hre","https://www.cowinmotors.com/product/hre-wheels-muscle-series-427-hre","Wheels","HRE Wheels Muscle Series - 427","427","yes","indexable: product has a usable catalog image and distinguishing product data"
"hre-wheels-muscle-series-105-hre","https://www.cowinmotors.com/product/hre-wheels-muscle-series-105-hre","Wheels","HRE Wheels Muscle Series - 105","105","yes","indexable: product has a usable catalog image and distinguishing product data"
"hre-wheels-series-c1-c100-hre","https://www.cowinmotors.com/product/hre-wheels-series-c1-c100-hre","Wheels","HRE Wheels Series C1 - C100","C100","yes","indexable: product has a usable catalog image and distinguishing product data"
"hre-wheels-series-c1-c103-hre","https://www.cowinmotors.com/product/hre-wheels-series-c1-c103-hre","Wheels","HRE Wheels Series C1 - C103","C103","yes","indexable: product has a usable catalog image and distinguishing product data"
"hre-wheels-series-c1-c105-hre","https://www.cowinmotors.com/product/hre-wheels-series-c1-c105-hre","Wheels","HRE Wheels Series C1 - C105","C105","yes","indexable: product has a usable catalog image and distinguishing product data"
"hre-wheels-series-c1-c106-hre","https://www.cowinmotors.com/product/hre-wheels-series-c1-c106-hre","Wheels","HRE Wheels Series C1 - C106","C106","yes","indexable: product has a usable catalog image and distinguishing product data"
"hre-wheels-series-c1-c109-hre","https://www.cowinmotors.com/product/hre-wheels-series-c1-c109-hre","Wheels","HRE Wheels Series C1 - C109","C109","yes","indexable: product has a usable catalog image and distinguishing product data"
"hre-wheels-540-series-540-hre","https://www.cowinmotors.com/product/hre-wheels-540-series-540-hre","Wheels","HRE Wheels 540 Series - 540","540","yes","indexable: product has a usable catalog image and distinguishing product data"
"hre-wheels-540-series-540c-hre","https://www.cowinmotors.com/product/hre-wheels-540-series-540c-hre","Wheels","HRE Wheels 540 Series - 540C","540C","yes","indexable: product has a usable catalog image and distinguishing product data"
"hre-wheels-540-series-544-hre","https://www.cowinmotors.com/product/hre-wheels-540-series-544-hre","Wheels","HRE Wheels 540 Series - 544","544","yes","indexable: product has a usable catalog image and distinguishing product data"
"hre-wheels-540-series-544c-hre","https://www.cowinmotors.com/product/hre-wheels-540-series-544c-hre","Wheels","HRE Wheels 540 Series - 544C","544C","yes","indexable: product has a usable catalog image and distinguishing product data"
"hre-wheels-ringbrothers-edition-g-code-hre","https://www.cowinmotors.com/product/hre-wheels-ringbrothers-edition-g-code-hre","Wheels","HRE Wheels Ringbrothers Edition - G-Code","G CODE","yes","indexable: product has a usable catalog image and distinguishing product data"
"hre-wheels-ringbrothers-edition-tusk-hre","https://www.cowinmotors.com/product/hre-wheels-ringbrothers-edition-tusk-hre","Wheels","HRE Wheels Ringbrothers Edition - Tusk","TUSK","yes","indexable: product has a usable catalog image and distinguishing product data"
"hre-wheels-series-hd1-hd188-hre","https://www.cowinmotors.com/product/hre-wheels-series-hd1-hd188-hre","Wheels","HRE Wheels Series HD1 - HD188","HD188","yes","indexable: product has a usable catalog image and distinguishing product data"
"hre-wheels-series-hd1-hd188h-hre","https://www.cowinmotors.com/product/hre-wheels-series-hd1-hd188h-hre","Wheels","HRE Wheels Series HD1 - HD188H","HD188H","yes","indexable: product has a usable catalog image and distinguishing product data"